Ticker,name,Market_Cap,Reason
AAC,Ares Acquisition Corporation III Class A Ordinary Shares,711690941.0,BELOW_10B_THRESHOLD
AACI,Armada Acquisition Corp. III - Class A Ordinary Share,,MARKET_CAP_MISSING
AADX,"Applied Aerospace & Defense, Inc. Common Stock",2187673743.0,BELOW_10B_THRESHOLD
AAOI,"Applied Optoelectronics, Inc. - Common Stock",8580629566.0,BELOW_10B_THRESHOLD
AAMI,Acadian Asset Management Inc. Common Stock,3247701613.0000005,BELOW_10B_THRESHOLD
AAPG,Ascentage Pharma Group International - American Depository Shares,1454089938.0,BELOW_10B_THRESHOLD
AACG,"ATA Creativity Global - American Depositary Shares, each representing two common shares",56482817.0,BELOW_10B_THRESHOLD
AAL,"American Airlines Group, Inc. - Common Stock",8837298846.0,BELOW_10B_THRESHOLD
AAME,Atlantic American Corporation - Common Stock,28352147.0,BELOW_10B_THRESHOLD
AAON,"AAON, Inc. - Common Stock",6790881708.000001,BELOW_10B_THRESHOLD
AAP,Advance Auto Parts Inc.,2482440000.0,BELOW_10B_THRESHOLD
AARD,"Aardvark Therapeutics, Inc. - Common Stock",121679743.99999999,BELOW_10B_THRESHOLD
AAT,"American Assets Trust, Inc. Common Stock",1319576537.0,BELOW_10B_THRESHOLD
AAUC,Allied Gold Corporation Common Shares,3118605845.0,BELOW_10B_THRESHOLD
ABAT,American Battery Technology Company - Common Stock,329354621.0,BELOW_10B_THRESHOLD
ABEO,Abeona Therapeutics Inc. - Common Stock,316227614.0,BELOW_10B_THRESHOLD
ABCL,AbCellera Biologics Inc. - Common Shares,3987277061.9999995,BELOW_10B_THRESHOLD
ABCB,Ameris Bancorp Common Stock,5477963920.0,BELOW_10B_THRESHOLD
ABG,Asbury Automotive Group Inc Common Stock,3258631974.0,BELOW_10B_THRESHOLD
ABLV,Able View Global Inc. - Class B Ordinary Shares,53558679.0,BELOW_10B_THRESHOLD
ABOS,"Acumen Pharmaceuticals, Inc. - Common Stock",166691342.0,BELOW_10B_THRESHOLD
ABSI,Absci Corporation - Common Stock,1672378527.0,BELOW_10B_THRESHOLD
ABR,Arbor Realty Trust Common Stock,781678200.0,BELOW_10B_THRESHOLD
ABTC,American Bitcoin Corp. - Class A Common Stock,721643356.0,BELOW_10B_THRESHOLD
ABM,ABM Industries Incorporated Common Stock,2912559076.0,BELOW_10B_THRESHOLD
ABTS,Abits Group Inc - Ordinary Shares,4082344.9999999995,BELOW_10B_THRESHOLD
ABUS,Arbutus Biopharma Corporation - Common Stock,959562000.0,BELOW_10B_THRESHOLD
ABVC,"ABVC BioPharma, Inc. - Common Stock",30385975.999999996,BELOW_10B_THRESHOLD
ABVX,Abivax SA - American Depositary Shares,8104078579.999999,BELOW_10B_THRESHOLD
ACAA,Averin Capital Acquisition Corp. - Class A Ordinary Shares,,MARKET_CAP_MISSING
ABX,"Abacus Global Management, Inc. Class A Common Stock",764735387.0,BELOW_10B_THRESHOLD
ACAD,ACADIA Pharmaceuticals Inc. - Common Stock,4381729323.0,BELOW_10B_THRESHOLD
ACB,Aurora Cannabis Inc. - Common Shares,261458219.0,BELOW_10B_THRESHOLD
ACCL,Acco Group Holdings Limited - Class A Ordinary Shares,36557000.0,BELOW_10B_THRESHOLD
ACDC,ProFrac Holding Corp. - Class A Common Stock,845049616.0,BELOW_10B_THRESHOLD
ACCO,Acco Brands Corporation Common Stock,392307164.0,BELOW_10B_THRESHOLD
ACA,"Arcosa, Inc. Common Stock ",7194147519.000001,BELOW_10B_THRESHOLD
ACCS,ACCESS Newswire Inc. Common Stock,18562424.0,BELOW_10B_THRESHOLD
ACGC,ACP Holdings Acquisition Corp. - Class A Ordinary Shares,,MARKET_CAP_MISSING
ACEL,"Accel Entertainment, Inc. ",899623703.0,BELOW_10B_THRESHOLD
ACET,"Adicet Bio, Inc. - Common Stock",79479050.0,BELOW_10B_THRESHOLD
ACFN,"Acorn Energy, Inc. - Common Stock",52036929.0,BELOW_10B_THRESHOLD
ACH,"Accendra Health, Inc. Common Stock",57686218.0,BELOW_10B_THRESHOLD
ACHC,"Acadia Healthcare Company, Inc. - Common Stock",2654288840.0,BELOW_10B_THRESHOLD
ACHR,Archer Aviation Inc. Class A Common Stock,4444007767.0,BELOW_10B_THRESHOLD
ACHV,"Achieve Life Sciences, Inc.  - Common Shares",805726497.0,BELOW_10B_THRESHOLD
ACI,"Albertsons Companies, Inc. Class A Common Stock",5678310491.0,BELOW_10B_THRESHOLD
ACIU,AC Immune SA - Common Stock,288019212.0,BELOW_10B_THRESHOLD
ACIC,American Coastal Insurance Corporation - Common Stock,430646353.0,BELOW_10B_THRESHOLD
ACLS,"Axcelis Technologies, Inc. - Common Stock",3657294742.0,BELOW_10B_THRESHOLD
ACIW,"ACI Worldwide, Inc. - Common Stock",4969016962.0,BELOW_10B_THRESHOLD
ACMR,"ACM Research, Inc. - Class A Common Stock",5618600641.0,BELOW_10B_THRESHOLD
ACM,AECOM Common Stock,7908395315.999999,BELOW_10B_THRESHOLD
ACOG,Alpha Cognition Inc. - Common Stock,191176633.0,BELOW_10B_THRESHOLD
ACNB,ACNB Corporation - Common Stock,639383499.0,BELOW_10B_THRESHOLD
ACNT,Ascent Industries Co. - Common Stock,132438959.0,BELOW_10B_THRESHOLD
ACR,ACRES Commercial Realty Corp. Common Stock,88769344.0,BELOW_10B_THRESHOLD
ACON,"Aclarion, Inc. - Common Stock",8474171.0,BELOW_10B_THRESHOLD
ACRE,Ares Commercial Real Estate Corporation Common Stock,234130297.0,BELOW_10B_THRESHOLD
ACRV,"Acrivon Therapeutics, Inc. - Common Stock",88277926.0,BELOW_10B_THRESHOLD
ACT,"Enact Holdings, Inc. - Common Stock",6564845289.999999,BELOW_10B_THRESHOLD
ACRS,"Aclaris Therapeutics, Inc. - Common Stock",774266177.0,BELOW_10B_THRESHOLD
ACTG,Acacia Research Corporation - Common Stock,421574998.0,BELOW_10B_THRESHOLD
ACTU,"Actuate Therapeutics, Inc. - Common stock",17568790.0,BELOW_10B_THRESHOLD
ACXP,"Acurx Pharmaceuticals, Inc. - Common Stock",7616385.000000001,BELOW_10B_THRESHOLD
ACU,Acme United Corporation. Common Stock,240610731.0,BELOW_10B_THRESHOLD
ACVA,ACV Auctions Inc. Class A Common Stock,1771097231.0,BELOW_10B_THRESHOLD
AD,"Array Digital Infrastructure, Inc. Common Shares",3022310000.0,BELOW_10B_THRESHOLD
ADAG,"Adagene Inc. - ADS, each representing 1.25 ordinary shares",196173234.0,BELOW_10B_THRESHOLD
ADBT,"Advasa Holdings, Inc. - Common stock",58447884.00000001,BELOW_10B_THRESHOLD
ADAM,"Adamas Trust, Inc. - Common Stock",757686596.0,BELOW_10B_THRESHOLD
ADC,Agree Realty Corporation Common Stock,8348339287.0,BELOW_10B_THRESHOLD
ADGM,"Adagio Medical Holdings, Inc - Common Stock",5063985.0,BELOW_10B_THRESHOLD
ADEA,Adeia Inc.  - Common Stock,2762517758.0,BELOW_10B_THRESHOLD
ADCT,ADC Therapeutics SA Common Shares,167244680.0,BELOW_10B_THRESHOLD
ADIG,ADI Global Distribution Inc. Common Stock,1570091735.0,BELOW_10B_THRESHOLD
ADIL,"Adial Pharmaceuticals, Inc - Common Stock",10608596.0,BELOW_10B_THRESHOLD
ADNT,Adient plc Ordinary Shares ,1378493144.0,BELOW_10B_THRESHOLD
ADMA,ADMA Biologics Inc - Common Stock,2172651396.0,BELOW_10B_THRESHOLD
ADPT,Adaptive Biotechnologies Corporation - Common Stock,4451128033.0,BELOW_10B_THRESHOLD
ADSE,ADS-TEC ENERGY PLC - Ordinary Shares,824924435.0,BELOW_10B_THRESHOLD
ADT,ADT Inc. Common Stock,4631745632.0,BELOW_10B_THRESHOLD
ADTN,"ADTRAN Holdings, Inc. - Common Stock",579332804.0,BELOW_10B_THRESHOLD
ADUR,Aduro Clean Technologies Inc. - Common Stock,452736205.0,BELOW_10B_THRESHOLD
ADV,Advantage Solutions Inc.  - Class A Common Stock,430057594.0,BELOW_10B_THRESHOLD
ADXN,Addex Therapeutics Ltd - American Depositary Shares,5877810.0,BELOW_10B_THRESHOLD
ADVB,Advanced Biomed Inc. - Common Stock,10441481.0,BELOW_10B_THRESHOLD
AEBI,Aebi Schmidt Holding AG - Common Stock,900152854.0000001,BELOW_10B_THRESHOLD
ADUS,Addus HomeCare Corporation - Common Stock,2146237298.9999998,BELOW_10B_THRESHOLD
AEC,Anfield Energy Inc. - Common Shares,73216412.0,BELOW_10B_THRESHOLD
AEHL,Antelope Enterprise Holdings Limited - Class A Ordinary Shares,155985941.0,BELOW_10B_THRESHOLD
AEI,Alset Inc. - Common Stock,30089813.999999996,BELOW_10B_THRESHOLD
AEHR,Aehr Test Systems - Common Stock,3180386589.0,BELOW_10B_THRESHOLD
AEMD,"Aethlon Medical, Inc. - Common Stock",10923887.0,BELOW_10B_THRESHOLD
AENT,Alliance Entertainment Holding Corporation - common stock,253878557.0,BELOW_10B_THRESHOLD
AEO,"American Eagle Outfitters, Inc. Common Stock",2667767461.0,BELOW_10B_THRESHOLD
AEON,"AEON Biopharma, Inc. Class A Common Stock",13164068.000000002,BELOW_10B_THRESHOLD
AERO,"Grupo Aeromexico, S.A.B. de C.V. American Depositary Shares (each representing ten (10) Common Shares)",2305273862.0,BELOW_10B_THRESHOLD
AERT,"Aeries Technology, Inc. - Class A Ordinary Share",36839921.0,BELOW_10B_THRESHOLD
AESP,Aeon Acquisition I Corp. - Class A Ordinary Shares,,MARKET_CAP_MISSING
AEXA,American Exceptionalism Acquisition Corp. A Class A Ordinary Shares,,MARKET_CAP_MISSING
AESI,Atlas Energy Solutions Inc. Common Stock,1440039756.0,BELOW_10B_THRESHOLD
AEYE,"AudioEye, Inc. - Common Stock",89747472.0,BELOW_10B_THRESHOLD
AFJK,"Aimei Health Technology Co., Ltd - Ordinary Share",38581755.42,BELOW_10B_THRESHOLD
AFCG,Advanced Flower Capital Inc. - Common Stock,79351717.0,BELOW_10B_THRESHOLD
AEVA,"Aeva Technologies, Inc. - Common Stock",1060921637.0,BELOW_10B_THRESHOLD
AFRI,Forafric Global PLC - Ordinary Shares,297680518.0,BELOW_10B_THRESHOLD
AFYA,Afya Limited - Class A Common Shares,1272756045.0,BELOW_10B_THRESHOLD
AGBK,AGI Inc Class A Common Shares,933587470.0,BELOW_10B_THRESHOLD
AG,First Majestic Silver Corp. Ordinary Shares (Canada),9389866596.0,BELOW_10B_THRESHOLD
AGCC,Agencia Comercial Spirits Ltd - Class A Ordinary Share,529841165.0,BELOW_10B_THRESHOLD
AGEN,Agenus Inc. - Common Stock,379360094.0,BELOW_10B_THRESHOLD
AGIG,Abundia Global Impact Group Inc. Common stock,56512410.99999999,BELOW_10B_THRESHOLD
AGCO,AGCO Corporation Common Stock,8521460784.999999,BELOW_10B_THRESHOLD
AGIO,"Agios Pharmaceuticals, Inc. - Common Stock",2041207345.9999998,BELOW_10B_THRESHOLD
AGL,"agilon health, inc. Common Stock",1419864718.0,BELOW_10B_THRESHOLD
AGMB,AgomAb Therapeutics NV - ADRs representing one common share.,530154451.0,BELOW_10B_THRESHOLD
AGM,Federal Agricultural Mortgage Corporation Common Stock,2356991616.0,BELOW_10B_THRESHOLD
AGMH,AGM Group Holdings Inc. - Class A Ordinary Shares,3748366.9999999995,BELOW_10B_THRESHOLD
AGNT,"AGNT, Inc. - Common Stock",591597497.0,BELOW_10B_THRESHOLD
AGPU,Axe Compute Inc. - Common Stock,133239970.00000001,BELOW_10B_THRESHOLD
AGRZ,Agroz Inc. - Class A Ordinary Shares,4952695.0,BELOW_10B_THRESHOLD
AGO,Assured Guaranty Ltd. Common Stock,3034125560.0,BELOW_10B_THRESHOLD
AGRO,Adecoagro S.A. Common Shares,1565746856.0,BELOW_10B_THRESHOLD
AGX,"Argan, Inc. Common Stock",5252772845.0,BELOW_10B_THRESHOLD
AGYS,"Agilysys, Inc. - Common Stock",2853861630.0,BELOW_10B_THRESHOLD
AHMA,Ambitions Enterprise Management Co. L.L.C - Class A Ordinary Shares,39237000.0,BELOW_10B_THRESHOLD
AHCO,AdaptHealth Corp.  - Common Stock,777161917.0,BELOW_10B_THRESHOLD
AHG,Akso Health Group - American Depositary Shares,659576546.0,BELOW_10B_THRESHOLD
AHT,Ashford Hospitality Trust Inc Common Stock,16562724.0,BELOW_10B_THRESHOLD
AHRT,"AH Realty Trust, Inc. Common Stock",443828302.0,BELOW_10B_THRESHOLD
AIAI,AIAI Holdings Corporation - Class A common stock,231665400.00000003,BELOW_10B_THRESHOLD
AI,"C3.ai, Inc. Class A Common Stock",1746069236.0,BELOW_10B_THRESHOLD
AIB,AIB Data Centers Inc. Common Stock,110930020.0,BELOW_10B_THRESHOLD
AIBZ,Bitzero Holdings Inc. - Common Shares,284921763.0,BELOW_10B_THRESHOLD
AIFF,"Firefly Neuroscience, Inc.  - Common Stock",18043863.0,BELOW_10B_THRESHOLD
AIFA,"All In FutureTech Alliance, Inc. - Common Stock",22663715.0,BELOW_10B_THRESHOLD
AIDX,"20/20 Biolabs, Inc. - Common Stock",5447811.0,BELOW_10B_THRESHOLD
AIFC,AI Financial Corporation - Common Stock,76979999.0,BELOW_10B_THRESHOLD
AIFU,AIFU Inc. - Class A Ordinary Share,62806930.00000001,BELOW_10B_THRESHOLD
AII,"American Integrity Insurance Group, Inc. Common Stock",489247872.0,BELOW_10B_THRESHOLD
AIIR,Air Global PLC - Ordinary shares,1201295649.0,BELOW_10B_THRESHOLD
AIIO,Robo.ai Inc. - Class B Ordinary Shares,178553364.0,BELOW_10B_THRESHOLD
AIM,AIM ImmunoTech Inc. Common Stock,7456676.0,BELOW_10B_THRESHOLD
AIMD,"Ainos, Inc. - Common Stock",11918982.0,BELOW_10B_THRESHOLD
AIN,Albany International Corporation Common Stock,1725867999.9999998,BELOW_10B_THRESHOLD
AIOS,AIOS Tech Inc. - Class A Common Shares,42890166.0,BELOW_10B_THRESHOLD
AIOT,"PowerFleet, Inc. - Common Stock",389255162.0,BELOW_10B_THRESHOLD
AIP,"Arteris, Inc.  - Common Stock",1188989347.0,BELOW_10B_THRESHOLD
AIRE,reAlpha Tech Corp. - Common Stock,8289141.0,BELOW_10B_THRESHOLD
AIR,AAR Corp. Common Stock,4809321026.0,BELOW_10B_THRESHOLD
AIRG,"Airgain, Inc. - Common Stock",68645226.0,BELOW_10B_THRESHOLD
AIRI,Air Industries Group Common Stock,12757231.0,BELOW_10B_THRESHOLD
AIRJ,AirJoule Technologies Corporation - Class A Common Stock,311356558.0,BELOW_10B_THRESHOLD
AISP,"Airship AI Holdings, Inc - Class A Common Stock",66812750.0,BELOW_10B_THRESHOLD
AIRS,"AirSculpt Technologies, Inc. - Common Stock",155725651.0,BELOW_10B_THRESHOLD
AIRT,"Air T, Inc. - Common Stock",78789756.0,BELOW_10B_THRESHOLD
AIRO,"AIRO Group Holdings, Inc. - Common Stock",225940365.99999997,BELOW_10B_THRESHOLD
AIXC,"AIxCrypto Holdings, Inc. - Common Stock",35040747.0,BELOW_10B_THRESHOLD
AIV,Apartment Investment and Management Company Common Stock,319521176.0,BELOW_10B_THRESHOLD
AIXI,XIAO-I Corporation - American Depositary Shares,249875.0,BELOW_10B_THRESHOLD
AKA,a.k.a. Brands Holding Corp. Common Stock,119692633.0,BELOW_10B_THRESHOLD
AKBA,"Akebia Therapeutics, Inc. - Common Stock",258429283.99999997,BELOW_10B_THRESHOLD
AKAN,Akanda Corp. - Common Shares,1682016.0,BELOW_10B_THRESHOLD
AKO-A,Embotelladora Andina S.A. Common Stock,,MARKET_CAP_MISSING
AKTS,"Aktis Oncology, Inc. - Common stock",1096816520.0,BELOW_10B_THRESHOLD
AKR,Acadia Realty Trust Common Stock,2624428317.0,BELOW_10B_THRESHOLD
AKTX,Akari Therapeutics Plc - American Depositary Shares,18807846.0,BELOW_10B_THRESHOLD
ALAR,Alarum Technologies Ltd. - American Depositary Shares,13123352.999999998,BELOW_10B_THRESHOLD
ALCO,"Alico, Inc. - Common Stock",292439675.0,BELOW_10B_THRESHOLD
ALDF,Aldel Financial II Inc. - Class A Ordinary Shares,,MARKET_CAP_MISSING
ALDX,"Aldeyra Therapeutics, Inc. - Common Stock",81440668.0,BELOW_10B_THRESHOLD
ALEC,"Alector, Inc. - Common Stock",225546976.0,BELOW_10B_THRESHOLD
ALGM,"Allegro MicroSystems, Inc. - Common Stock",6544575835.000001,BELOW_10B_THRESHOLD
ALG,"Alamo Group, Inc. Common Stock",2003827678.0,BELOW_10B_THRESHOLD
ALH,Alliance Laundry Holdings Inc. Common Stock,4188486253.0,BELOW_10B_THRESHOLD
ALGS,"Aligos Therapeutics, Inc. - Common stock",34719742.0,BELOW_10B_THRESHOLD
ALGT,Allegiant Travel Company - Common Stock,2112114950.9999998,BELOW_10B_THRESHOLD
ALHC,"Alignment Healthcare, Inc. - Common Stock",1630440271.0000002,BELOW_10B_THRESHOLD
ALIT,"Alight, Inc. Class A Common Stock",337816226.0,BELOW_10B_THRESHOLD
ALKS,Alkermes plc - Ordinary Shares,7067866649.0,BELOW_10B_THRESHOLD
ALKT,"Alkami Technology, Inc. - Common Stock",1561352908.0,BELOW_10B_THRESHOLD
ALK,"Alaska Air Group, Inc. Common Stock",4430643864.0,BELOW_10B_THRESHOLD
ALLO,"Allogene Therapeutics, Inc. - Common Stock",576969771.0,BELOW_10B_THRESHOLD
ALLR,"Allarity Therapeutics, Inc. - Common stock",16547153.0,BELOW_10B_THRESHOLD
ALLT,Allot Ltd. - Ordinary Shares,414378649.0,BELOW_10B_THRESHOLD
ALMR,"Alamar Biosciences, Inc. - Class A common stock",2230283499.0,BELOW_10B_THRESHOLD
ALM,Almonty Industries Inc. - Common Shares,3929107814.9999995,BELOW_10B_THRESHOLD
ALMS,Alumis Inc. - Common Stock,962998178.0,BELOW_10B_THRESHOLD
ALMU,"Aeluma, Inc. - Common Stock",253921544.0,BELOW_10B_THRESHOLD
ALOV,"Aldabra 4 Liquidity Opportunity Vehicle, Inc. - Class A Ordinary Shares",,MARKET_CAP_MISSING
ALNT,Allient Inc. - Common Stock,1931485250.0,BELOW_10B_THRESHOLD
ALP,Alpha Compute Corp  - Ordinary Shares,7036310.0,BELOW_10B_THRESHOLD
ALPS,ALPS Group Inc - Ordinary Share,66560126.0,BELOW_10B_THRESHOLD
ALOY,REalloys Inc. - Common Stock,601862132.0,BELOW_10B_THRESHOLD
ALRM,"Alarm.com Holdings, Inc. - Common Stock",2618963664.0,BELOW_10B_THRESHOLD
ALSN,"Allison Transmission Holdings, Inc. Common Stock",9462617374.0,BELOW_10B_THRESHOLD
ALRS,Alerus Financial Corporation - Common Stock,791947501.0,BELOW_10B_THRESHOLD
ALT,"Altimmune, Inc. - Common Stock",620511466.0,BELOW_10B_THRESHOLD
ALTG,Alta Equipment Group Inc. Class A Common Stock,196327901.0,BELOW_10B_THRESHOLD
ALUB,Alussa Energy Acquisition Corp. II Class A Ordinary Shares,,MARKET_CAP_MISSING
ALTI,"AlTi Global, Inc. - Class A Common Stock",474068033.0,BELOW_10B_THRESHOLD
ALTO,"Alto Ingredients, Inc. - Common Stock",289327014.0,BELOW_10B_THRESHOLD
ALV,"Autoliv, Inc. Common Stock",8451574841.999999,BELOW_10B_THRESHOLD
ALVO,Alvotech - Ordinary Shares,2268406899.0,BELOW_10B_THRESHOLD
ALX,"Alexander's, Inc. Common Stock",1265943972.0,BELOW_10B_THRESHOLD
AMAC,AMR Resources Acquisition Corp - Class A Ordinary Shares,,MARKET_CAP_MISSING
ALXO,ALX Oncology Holdings Inc. - Common Stock,203267186.00000003,BELOW_10B_THRESHOLD
ALZN,"Alzamend Neuro, Inc. - Common Stock",9361903.0,BELOW_10B_THRESHOLD
AMAL,Amalgamated Financial Corp. - Common Stock,1392150844.0,BELOW_10B_THRESHOLD
AMAN,Amanat Acquisition Corp - Class A Ordinary Shares,,MARKET_CAP_MISSING
AMBA,"Ambarella, Inc. - Ordinary Shares",2984812459.0,BELOW_10B_THRESHOLD
AMBO,Ambow Education Holding Ltd. American Depository Shares (each representing twenty (20) Class A Ordinary Shares),6121375.0,BELOW_10B_THRESHOLD
AMBQ,"Ambiq Micro, Inc. Common Stock",1671876974.0,BELOW_10B_THRESHOLD
AMBR,Amber International Holding Limited - American Depositary Shares,181008482.0,BELOW_10B_THRESHOLD
AMC,"AMC Entertainment Holdings, Inc. Class A Common Stock",2561775311.0,BELOW_10B_THRESHOLD
AMBP,Ardagh Metal Packaging S.A. Ordinary Shares,2659763158.0,BELOW_10B_THRESHOLD
AMCI,AMC Robotics Corporation - Common Stock,74956746.0,BELOW_10B_THRESHOLD
AMCX,AMC Global Media Inc. - Class A Common Stock,494999652.0,BELOW_10B_THRESHOLD
AMG,"Affiliated Managers Group, Inc. Common Stock",9469131667.0,BELOW_10B_THRESHOLD
AMIX,"Autonomix Medical, Inc. - Common Stock",7800553.0,BELOW_10B_THRESHOLD
AMLX,"Amylyx Pharmaceuticals, Inc. - Common Stock",3839650751.0,BELOW_10B_THRESHOLD
AMN,AMN Healthcare Services Inc,1313333995.0,BELOW_10B_THRESHOLD
AMOD,"Alpha Modus Holdings, Inc. - Class A Common Stock",8277197.999999999,BELOW_10B_THRESHOLD
AMPH,"Amphastar Pharmaceuticals, Inc. - Common Stock",1061747082.0,BELOW_10B_THRESHOLD
AMPG,"Amplitech Group, Inc. - Common Stock",101548338.0,BELOW_10B_THRESHOLD
AMPL,"Amplitude, Inc. - Class A Common Stock",1718220488.0,BELOW_10B_THRESHOLD
AMPX,"Amprius Technologies, Inc. Common Stock",1421364413.0,BELOW_10B_THRESHOLD
AMPY,Amplify Energy Corp. Common Stock,175360784.0,BELOW_10B_THRESHOLD
AMRC,"Ameresco, Inc. Class A Common Stock",1206194976.0,BELOW_10B_THRESHOLD
AMR,"Alpha Metallurgical Resources, Inc. Common Stock",2287299718.0,BELOW_10B_THRESHOLD
AMRN,Amarin Corporation plc - American Depositary Shares,289805282.0,BELOW_10B_THRESHOLD
AMRX,"Amneal Pharmaceuticals, Inc. - Class A Common Stock",6732562009.0,BELOW_10B_THRESHOLD
AMS,American Shared Hospital Services Common Stock,9642500.0,BELOW_10B_THRESHOLD
AMSC,American Superconductor Corporation - Common Stock,1504128540.0,BELOW_10B_THRESHOLD
AMSS,AMASS Brands Inc. - Common Stock,8424128.0,BELOW_10B_THRESHOLD
AMTB,Amerant Bancorp Inc. Class A Common Stock,1124357026.0,BELOW_10B_THRESHOLD
AMST,Amesite Inc. - Common Stock,6811845.0,BELOW_10B_THRESHOLD
AMSF,"AMERISAFE, Inc. - Common Stock",451723733.00000006,BELOW_10B_THRESHOLD
AMTD,"AMTD IDEA Group American Depositary Shares, each representing six (6) Class A Ordinary Shares",68888858.0,BELOW_10B_THRESHOLD
AMTM,"Amentum Holdings, Inc. Common Stock",4819221400.0,BELOW_10B_THRESHOLD
AMWL,American Well Corporation Class A Common Stock,224685693.0,BELOW_10B_THRESHOLD
AMTX,"Aemetis, Inc - Common Stock",137122229.0,BELOW_10B_THRESHOLD
AMZE,"Amaze Holdings, Inc. Common Stock",2848746.0,BELOW_10B_THRESHOLD
AN,"AutoNation, Inc. Common Stock",5456686030.0,BELOW_10B_THRESHOLD
ANAB,"AnaptysBio, Inc. - Common Stock",1503222580.0,BELOW_10B_THRESHOLD
ANDE,"The Andersons, Inc. - Common Stock",2289613662.0,BELOW_10B_THRESHOLD
ANDG,Andersen Group Inc. Class A Common Stock,6095727039.0,BELOW_10B_THRESHOLD
ANF,Abercrombie & Fitch Company Common Stock,5611946358.0,BELOW_10B_THRESHOLD
ANGH,Anghami Inc. - Ordinary Shares,35302895.0,BELOW_10B_THRESHOLD
ANGO,"AngioDynamics, Inc. - Common Stock",641065353.0,BELOW_10B_THRESHOLD
ANGX,"Angel Studios, Inc. Class A Common Stock",905768147.0,BELOW_10B_THRESHOLD
ANGI,Angi Inc. - Class A Common Stock,204809068.0,BELOW_10B_THRESHOLD
ANIK,Anika Therapeutics Inc. - Common Stock,272677932.0,BELOW_10B_THRESHOLD
ANNA,"AleAnna, Inc. - Class A Common Stock",184069600.0,BELOW_10B_THRESHOLD
ANIX,"Anixa Biosciences, Inc. - Common Stock",95600456.0,BELOW_10B_THRESHOLD
ANIP,"ANI Pharmaceuticals, Inc. - Common Stock",1708874691.9999998,BELOW_10B_THRESHOLD
ANL,Adlai Nortye Group Ltd. - American Depositary Shares,1014267524.0000001,BELOW_10B_THRESHOLD
ANNX,"Annexon, Inc. - common stock",733671249.0,BELOW_10B_THRESHOLD
ANTA,Antalpha Platform Holding Company - Class A Ordinary Shares,116560000.0,BELOW_10B_THRESHOLD
ANRO,"Alto Neuroscience, Inc. Common Stock",1079157860.0,BELOW_10B_THRESHOLD
ANPA,Rich Sparkle Holdings Limited - Ordinary Shares,29750457.000000004,BELOW_10B_THRESHOLD
ANTX,"AN2 Therapeutics, Inc. - Common Stock",182266025.0,BELOW_10B_THRESHOLD
ANVS,"Annovis Bio, Inc. Common Stock",54202405.0,BELOW_10B_THRESHOLD
AOMR,"Angel Oak Mortgage REIT, Inc. Common Stock",175968768.0,BELOW_10B_THRESHOLD
AORT,"Artivion, Inc. Common Stock",1147233880.0,BELOW_10B_THRESHOLD
AOSL,Alpha and Omega Semiconductor Limited - Common Shares,838483956.0,BELOW_10B_THRESHOLD
AP,Ampco-Pittsburgh Corporation Common Stock,173945589.0,BELOW_10B_THRESHOLD
AOUT,"American Outdoor Brands, Inc. - Common Stock",208376425.00000003,BELOW_10B_THRESHOLD
AOS,A.O. Smith Corporation Common Stock,7847361005.000001,BELOW_10B_THRESHOLD
APC,ARKO Petroleum Corp. - Class A Common Stock,213316684.0,BELOW_10B_THRESHOLD
APAM,Artisan Partners Asset Management Inc. Class A Common Stock,2887808470.0,BELOW_10B_THRESHOLD
APEI,"American Public Education, Inc. - Common Stock",757317849.0,BELOW_10B_THRESHOLD
API,"Agora, Inc. - ADS",362745750.0,BELOW_10B_THRESHOLD
APLD,Applied Digital Corporation - Common Stock,7936703919.999999,BELOW_10B_THRESHOLD
APLM,Apollomics Inc. - Class A Ordinary Shares,67767640.0,BELOW_10B_THRESHOLD
APLE,"Apple Hospitality REIT, Inc. Common Shares",3737189109.0,BELOW_10B_THRESHOLD
APMD,"Apnimed, Inc. - Common Stock",936276220.0,BELOW_10B_THRESHOLD
APPF,"AppFolio, Inc. - Class A Common Stock",7437922490.0,BELOW_10B_THRESHOLD
APOG,"Apogee Enterprises, Inc. - Common Stock",767535853.0,BELOW_10B_THRESHOLD
APRE,"Aprea Therapeutics, Inc. - Common Stock",9821086.0,BELOW_10B_THRESHOLD
APT,"Alpha Pro Tech, Ltd. Common Stock",52153774.0,BELOW_10B_THRESHOLD
APPN,Appian Corporation - Class A Common Stock,2718983582.0,BELOW_10B_THRESHOLD
APPS,"Digital Turbine, Inc. - Common Stock",1396527525.0,BELOW_10B_THRESHOLD
APUS,"Apimeds Pharmaceuticals US, Inc. Common Stock",3455880.0,BELOW_10B_THRESHOLD
APXT,Apex Treasury Corporation - Class A Ordinary Share,,MARKET_CAP_MISSING
APWC,"Asia Pacific Wire & Cable Corporation Limited  - Common shares, Par value .01 per share",54839163.99999999,BELOW_10B_THRESHOLD
APTV,Aptiv PLC Ordinary Shares,9378797561.0,BELOW_10B_THRESHOLD
APYX,Apyx Medical Corporation - Common Stock,124265867.99999999,BELOW_10B_THRESHOLD
APVO,Aptevo Therapeutics Inc. - Common Stock,3405723.0,BELOW_10B_THRESHOLD
AQB,"AquaBounty Technologies, Inc. - Common Stock",5353092.0,BELOW_10B_THRESHOLD
AQMS,"Aqua Metals, Inc. - Common Stock",8926289.0,BELOW_10B_THRESHOLD
AQN,Algonquin Power & Utilities Corp. Common Shares,3894923281.0,BELOW_10B_THRESHOLD
AQST,"Aquestive Therapeutics, Inc. - Common Stock",589904746.0,BELOW_10B_THRESHOLD
ARAY,Accuray Incorporated - Common Stock,26933564.0,BELOW_10B_THRESHOLD
ARAI,Arrive AI Inc. - Common Stock,12590356.0,BELOW_10B_THRESHOLD
ARCI,Archimedes Tech SPAC Partners III Co. - Ordinary Share,356146200.0,BELOW_10B_THRESHOLD
ARBK,Argo Blockchain plc - American Depositary Shares,33132884.0,BELOW_10B_THRESHOLD
ARCB,ArcBest Corporation - Common Stock,2929815482.0,BELOW_10B_THRESHOLD
ARBE,Arbe Robotics Ltd. - Ordinary Shares,85602788.0,BELOW_10B_THRESHOLD
ARCT,Arcturus Therapeutics Holdings Inc. - Common Stock,378026818.0,BELOW_10B_THRESHOLD
ARDT,"Ardent Health, Inc. Common Stock",1500728450.0,BELOW_10B_THRESHOLD
ARDX,"Ardelyx, Inc. - Common Stock",867172751.0,BELOW_10B_THRESHOLD
ARCO,Arcos Dorados Holdings Inc. Class A Shares,1561013252.0,BELOW_10B_THRESHOLD
ARE,"Alexandria Real Estate Equities, Inc. Common Stock",9036478980.0,BELOW_10B_THRESHOLD
AREC,American Resources Corporation - Class A Common Stock,201640848.0,BELOW_10B_THRESHOLD
ARHS,"Arhaus, Inc. - Class A Common Stock",1278600632.0,BELOW_10B_THRESHOLD
ARI,"Apollo Commercial Real Estate Finance, Inc",802607702.0000001,BELOW_10B_THRESHOLD
ARIS,Aris Mining Corporation Common Shares,3898896000.0,BELOW_10B_THRESHOLD
ARKO,ARKO Corp. - Common Stock,474545600.0,BELOW_10B_THRESHOLD
ARL,"American Realty Investors, Inc. Common Stock",231943337.0,BELOW_10B_THRESHOLD
ARKR,Ark Restaurants Corp. - Common Stock,17093184.0,BELOW_10B_THRESHOLD
ARLO,"Arlo Technologies, Inc. Common Stock",1469997733.0,BELOW_10B_THRESHOLD
ARMP,"Armata Pharmaceuticals, Inc. Common Stock",135342404.0,BELOW_10B_THRESHOLD
AROC,"Archrock, Inc. Common Stock",5407429625.0,BELOW_10B_THRESHOLD
ARQ,"Arq, Inc. - Common Stock",89083705.0,BELOW_10B_THRESHOLD
ARQQ,Arqit Quantum Inc. - Ordinary Shares,543001786.0,BELOW_10B_THRESHOLD
AROW,Arrow Financial Corporation - Common Stock,684822039.0,BELOW_10B_THRESHOLD
ARQT,"Arcutis Biotherapeutics, Inc. - Common stock",3315753930.9999995,BELOW_10B_THRESHOLD
ARTC,Art Technology Acquisition Corp. - Class A Ordinary Shares,,MARKET_CAP_MISSING
ARR,"ARMOUR Residential REIT, Inc.",2439622011.0,BELOW_10B_THRESHOLD
ARRY,"Array Technologies, Inc. - Common Stock",594469691.0,BELOW_10B_THRESHOLD
ARTL,"Artelo Biosciences, Inc. - Common Stock",4004228.0,BELOW_10B_THRESHOLD
ARTV,"Artiva Biotherapeutics, Inc. - Common Stock",377431734.0,BELOW_10B_THRESHOLD
ARTNA,Artesian Resources Corporation - Class A Non-Voting Common Stock,348540334.0,BELOW_10B_THRESHOLD
ARTW,"Art's-Way Manufacturing Co., Inc. - Common Stock",16488394.0,BELOW_10B_THRESHOLD
ARVN,"Arvinas, Inc. - Common Stock",511973876.0,BELOW_10B_THRESHOLD
ARWR,"Arrowhead Pharmaceuticals, Inc. - Common Stock",9458399110.0,BELOW_10B_THRESHOLD
ARX,Accelerant Holdings Class A Common Shares,4282958244.9999995,BELOW_10B_THRESHOLD
ASAN,"Asana, Inc. Class A Common Stock",2168347008.0,BELOW_10B_THRESHOLD
ASIC,Ategrity Specialty Insurance Company Holdings Common Stock,1271022131.0,BELOW_10B_THRESHOLD
ASBP,"Aspire-Lakewood Holdings, Inc. - Common Stock",11683300.0,BELOW_10B_THRESHOLD
ASC,Ardmore Shipping Corporation Common Stock,718534033.0,BELOW_10B_THRESHOLD
ASB,Associated Banc-Corp Common Stock,5416208220.0,BELOW_10B_THRESHOLD
ASH,Ashland Inc. Common Stock,3160200464.0,BELOW_10B_THRESHOLD
ASLE,AerSale Corporation - Common Stock,261542661.0,BELOW_10B_THRESHOLD
ASIX,AdvanSix Inc. Common Stock ,446329605.0,BELOW_10B_THRESHOLD
ASM,Avino Silver & Gold Mines Ltd. Common Shares (Canada),1025925837.0,BELOW_10B_THRESHOLD
ASMB,"Assembly Biosciences, Inc. - Common Stock",488043486.0,BELOW_10B_THRESHOLD
ASPC,A SPAC III Acquisition Corp. - Class A Ordinary Shares,,MARKET_CAP_MISSING
ASO,"Academy Sports and Outdoors, Inc. - Common Stock",2974876224.0,BELOW_10B_THRESHOLD
ASPI,ASP Isotopes Inc. - Common Stock,461461234.0,BELOW_10B_THRESHOLD
ASPN,"Aspen Aerogels, Inc. Common Stock",471376292.99999994,BELOW_10B_THRESHOLD
ASPS,Altisource Portfolio Solutions S.A. - Common Stock,62696931.0,BELOW_10B_THRESHOLD
ASRV,AmeriServ Financial Inc. - Common Stock,79802555.0,BELOW_10B_THRESHOLD
ASST,"Strive, Inc. - Class A Common Stock",2812106795.0,BELOW_10B_THRESHOLD
ASTE,"Astec Industries, Inc. - Common Stock",952789686.0,BELOW_10B_THRESHOLD
ASR,"Grupo Aeroportuario del Sureste, S.A. de C.V. Common Stock",7184699999.999999,BELOW_10B_THRESHOLD
ASTI,"Ascent Solar Technologies, Inc - Common Stock",28565814.0,BELOW_10B_THRESHOLD
ASTC,Astrotech Corporation - Common Stock,15638362.0,BELOW_10B_THRESHOLD
ASTH,Astrana Health Inc. - Common Stock,1703413928.0000002,BELOW_10B_THRESHOLD
ASTL,Algoma Steel Group Inc. - Common Shares,459494379.00000006,BELOW_10B_THRESHOLD
ASUR,Asure Software Inc - Common Stock,228146690.99999997,BELOW_10B_THRESHOLD
ASYS,"Amtech Systems, Inc. - Common Stock",270149998.0,BELOW_10B_THRESHOLD
ATAT,Atour Lifestyle Holdings Limited - American Depositary Shares,4390113935.0,BELOW_10B_THRESHOLD
ATCH,"AtlasClear Holdings, Inc. Common Stock",29541373.0,BELOW_10B_THRESHOLD
ATCX,Atlas Critical Minerals Corporation - Common Stock,15758342.0,BELOW_10B_THRESHOLD
ATEC,"Alphatec Holdings, Inc. - Common Stock",1549144292.0,BELOW_10B_THRESHOLD
ATER,"Aterian, Inc. - Common Stock",11408988.0,BELOW_10B_THRESHOLD
ATEN,"A10 Networks, Inc. Common Stock",1942291312.0,BELOW_10B_THRESHOLD
ATEX,Anterix Inc. - Common Stock,1646829828.0,BELOW_10B_THRESHOLD
ATHE,Alterity Therapeutics Limited - American Depositary Shares,64639706.0,BELOW_10B_THRESHOLD
ATGL,Alpha Technology Group Limited - Class A Ordinary Shares,91366875.0,BELOW_10B_THRESHOLD
ATHR,"Aether Holdings, Inc. - Common Stock",44301774.0,BELOW_10B_THRESHOLD
ATII,Archimedes Tech SPAC Partners II Co. - Ordinary Shares,316169150.0,BELOW_10B_THRESHOLD
ATHM,"Autohome Inc. American Depositary Shares, each representing four class A ordinary shares.",2458898950.0,BELOW_10B_THRESHOLD
ATKR,Atkore Inc. Common Stock,3191843701.0,BELOW_10B_THRESHOLD
ATLQ,JAB Acquisition Corp I - Class A Ordinary Shares,,MARKET_CAP_MISSING
ATMU,Atmus Filtration Technologies Inc. Common Stock,3666902983.0,BELOW_10B_THRESHOLD
ATLX,Atlas Lithium Corporation - Common Stock,82774464.0,BELOW_10B_THRESHOLD
ATLO,Ames National Corporation - Common Stock,275370970.0,BELOW_10B_THRESHOLD
ATLC,Atlanticus Holdings Corporation - Common Stock,1380018357.0,BELOW_10B_THRESHOLD
ATNI,"ATN International, Inc. - Common Stock",447929622.0,BELOW_10B_THRESHOLD
ATNM,"Actinium Pharmaceuticals, Inc. (Delaware) Common Stock",37100894.0,BELOW_10B_THRESHOLD
ATOM,Atomera Incorporated - Common Stock,168193621.0,BELOW_10B_THRESHOLD
ATOS,"Atossa Therapeutics, Inc. - Common Stock",21754870.0,BELOW_10B_THRESHOLD
ATPC,Agape ATP Corporation - Common Stock,2241402.0,BELOW_10B_THRESHOLD
ATR,"AptarGroup, Inc. Common Stock",7931110031.0,BELOW_10B_THRESHOLD
ATRA,"Atara Biotherapeutics, Inc. - Common Stock",85922798.0,BELOW_10B_THRESHOLD
ATRC,"AtriCure, Inc. - Common Stock",3049688657.0,BELOW_10B_THRESHOLD
ATTO,"Attovia Therapeutics, Inc. - Common Stock",845461371.9999999,BELOW_10B_THRESHOLD
ATS,ATS Corporation Common Shares,1863513710.0000002,BELOW_10B_THRESHOLD
ATRO,Astronics Corporation - Common Stock,2973646685.0,BELOW_10B_THRESHOLD
ATTT,Atlas Trinity Tech Limited - Ordinary Shares,16449280.0,BELOW_10B_THRESHOLD
ATXG,Addentax Group Corp. - Common Stock,4052231.0,BELOW_10B_THRESHOLD
ATYR,"aTyr Pharma, Inc. - Common Stock",36802402.0,BELOW_10B_THRESHOLD
AUB,Atlantic Union Bankshares Corporation Common Stock,5462669772.0,BELOW_10B_THRESHOLD
AUGO,Aura Minerals Inc. - Common Shares,7150572291.0,BELOW_10B_THRESHOLD
AUBN,"Auburn National Bancorporation, Inc. - Common Stock",91574162.0,BELOW_10B_THRESHOLD
AUC,ATIF Holdings Limited - Ordinary Shares,194065875.0,BELOW_10B_THRESHOLD
AUDC,AudioCodes Ltd. - Ordinary Shares,254884150.0,BELOW_10B_THRESHOLD
AUID,authID Inc. - Common Stock,6858683.0,BELOW_10B_THRESHOLD
AUNA,Auna SA Class A Ordinary Shares,381166770.0,BELOW_10B_THRESHOLD
AUPH,Aurinia Pharmaceuticals Inc - Common Shares,2182039155.0,BELOW_10B_THRESHOLD
AURA,"Aura Biosciences, Inc. - Common Stock",624302950.0,BELOW_10B_THRESHOLD
AURE,Aurelion Inc.  - Class A Ordinary Shares,42112000.0,BELOW_10B_THRESHOLD
AUTL,Autolus Therapeutics plc - American Depositary Shares,519016953.00000006,BELOW_10B_THRESHOLD
AUST,Austin Gold Corp. Common Shares,15336161.0,BELOW_10B_THRESHOLD
AUUD,Auddia Inc. - Common Stock,7601996.0,BELOW_10B_THRESHOLD
AUXX,Gold X2 Mining Inc. Common Shares,559551988.0,BELOW_10B_THRESHOLD
AVAH,Aveanna Healthcare Holdings Inc. - Common Stock,2791029912.0,BELOW_10B_THRESHOLD
AVAT,Avalanche Treasury Corporation - Class A Common Stock,96622181.0,BELOW_10B_THRESHOLD
AVA,Avista Corporation Common Stock,2969037824.0,BELOW_10B_THRESHOLD
AVAV,"AeroVironment, Inc. - Common Stock",7924980270.0,BELOW_10B_THRESHOLD
AVBC,"Avidia Bancorp, Inc. Common Stock",431957719.00000006,BELOW_10B_THRESHOLD
AVBH,"Avidbank Holdings, Inc. - Common Stock",341805898.0,BELOW_10B_THRESHOLD
AVBP,"ArriVent BioPharma, Inc. - Common Stock",1494024189.0,BELOW_10B_THRESHOLD
AVEX,AEVEX Corp. Class A Common Stock,1874845548.0,BELOW_10B_THRESHOLD
AVD,American Vanguard Corporation Common Stock ($0.10 Par Value),59886282.99999999,BELOW_10B_THRESHOLD
AVLN,Avalyn Pharma Inc. - common stock,1315362929.0,BELOW_10B_THRESHOLD
AVIR,"Atea Pharmaceuticals, Inc. - common stock",423480811.00000006,BELOW_10B_THRESHOLD
AVNT,Avient Corporation Common Stock,3757749964.0,BELOW_10B_THRESHOLD
AVO,"Mission Produce, Inc. - Common Stock",1113515731.0,BELOW_10B_THRESHOLD
AVNW,"Aviat Networks, Inc. - Common Stock",255372412.0,BELOW_10B_THRESHOLD
AVPT,"AvePoint, Inc. - Class A Common Stock",2775738389.0,BELOW_10B_THRESHOLD
AVR,Anteris Technologies Global Corp. - Common Stock,742633572.0,BELOW_10B_THRESHOLD
AVTR,"Avantor, Inc. Common Stock",9983056478.0,BELOW_10B_THRESHOLD
AVT,"Avnet, Inc. - Common Stock",8301681825.999999,BELOW_10B_THRESHOLD
AVTX,"Avalo Therapeutics, Inc. - Common Stock",820538832.0000001,BELOW_10B_THRESHOLD
AVX,Avax One Technology Ltd. - Common Shares,30329270.000000004,BELOW_10B_THRESHOLD
AVXL,Anavex Life Sciences Corp. - Common Stock,217837579.0,BELOW_10B_THRESHOLD
AWI,Armstrong World Industries Inc Common Stock,6929835579.0,BELOW_10B_THRESHOLD
AWRE,"Aware, Inc. - Common Stock",25302659.0,BELOW_10B_THRESHOLD
AWX,Avalon Holdings Corporation Common Stock,10138521.0,BELOW_10B_THRESHOLD
AWR,American States Water Company Common Stock,3299269507.9999995,BELOW_10B_THRESHOLD
AX,"Axos Financial, Inc. Common Stock",4970539508.0,BELOW_10B_THRESHOLD
AXG,Solowin Holdings - Class A Ordinary Share,329657840.0,BELOW_10B_THRESHOLD
AXGN,"Axogen, Inc. - Common Stock",2541649943.0,BELOW_10B_THRESHOLD
AXIL,"AXIL Brands, Inc. Common Stock",42130055.0,BELOW_10B_THRESHOLD
AXIN,Axiom Intelligence Acquisition Corp 1 - Class A Ordinary Shares,,MARKET_CAP_MISSING
AXR,AMREP Corporation Common Stock,121992291.0,BELOW_10B_THRESHOLD
AXS,Axis Capital Holdings Limited Common Stock,6954419673.0,BELOW_10B_THRESHOLD
AXTA,Axalta Coating Systems Ltd. Common Shares,6940668503.000001,BELOW_10B_THRESHOLD
AXTI,AXT Inc - Common Stock,4785533012.0,BELOW_10B_THRESHOLD
AYA,Aya Gold & Silver Inc. - Common Shares,4060379575.9999995,BELOW_10B_THRESHOLD
AYI,Acuity Inc. Common Stock,9162073515.0,BELOW_10B_THRESHOLD
AYTU,"Aytu BioPharma, Inc.  - Common Stock",24776094.0,BELOW_10B_THRESHOLD
AZI,Autozi Internet Technology (Global) Ltd. - Class A Ordinary Shares,81610579.0,BELOW_10B_THRESHOLD
AZIO,"Azio AI Holdings, Inc. - Common stock",22370202.0,BELOW_10B_THRESHOLD
AZ,A2Z Cust2Mate Solutions Corp. - Common Shares,253152185.0,BELOW_10B_THRESHOLD
AZUL,"Azul S.A. American Depositary Shares, each representing two (2) Common Shares",1151743513.0,BELOW_10B_THRESHOLD
AZTA,"Azenta, Inc. - Common Stock",1493428117.0,BELOW_10B_THRESHOLD
AZTR,Azitra Inc Common Stock,10029919.0,BELOW_10B_THRESHOLD
AZZ,AZZ Inc.,4141096838.0,BELOW_10B_THRESHOLD
BAER,"Bridger Aerospace Group Holdings, Inc. - Common Stock",51696412.0,BELOW_10B_THRESHOLD
BACC,Blue Acquisition Corp. - Class A Ordinary Shares,,MARKET_CAP_MISSING
BAFN,BayFirst Financial Corp. - Common Stock,224060993.00000003,BELOW_10B_THRESHOLD
BAK,Braskem SA ADR,613850032.0,BELOW_10B_THRESHOLD
BAH,Booz Allen Hamilton Holding Corporation Common Stock,9099558207.0,BELOW_10B_THRESHOLD
BALY,Bally's Corporation Common Stock,616232864.0,BELOW_10B_THRESHOLD
BAND,Bandwidth Inc. - Class A Common Stock,1902849994.0,BELOW_10B_THRESHOLD
BANC,"Banc of California, Inc. Common Stock",2798883374.0,BELOW_10B_THRESHOLD
BANL,CBL International Limited - Class B Ordinary Shares,10977550.0,BELOW_10B_THRESHOLD
BANR,Banner Corporation - Common Stock,2494048859.0,BELOW_10B_THRESHOLD
BANF,BancFirst Corporation - Common Stock,3594393740.0000005,BELOW_10B_THRESHOLD
BAOS,Baosheng Media Group Holdings Limited - Ordinary shares,8906404.0,BELOW_10B_THRESHOLD
BARK,"BARK, Inc. Class A Common Stock",74345351.0,BELOW_10B_THRESHOLD
BATL,Battalion Oil Corporation Common Stock,63010371.0,BELOW_10B_THRESHOLD
BATRA,"Atlanta Braves Holdings, Inc. - Series A Common Stock",3727513136.9999995,BELOW_10B_THRESHOLD
BB,BlackBerry Limited Common Stock,4911194591.0,BELOW_10B_THRESHOLD
BBAI,"BigBear.ai, Inc. Common Stock",1361764360.0,BELOW_10B_THRESHOLD
BBAR,Banco BBVA Argentina S.A. ADS,2791915593.0,BELOW_10B_THRESHOLD
BBCP,"Concrete Pumping Holdings, Inc.  - Common Stock",488060272.99999994,BELOW_10B_THRESHOLD
BBGI,"Beasley Broadcast Group, Inc. - Class A Common Stock",30755666.999999996,BELOW_10B_THRESHOLD
BBOT,"BridgeBio Oncology Therapeutics, Inc. - Common Stock",333524951.0,BELOW_10B_THRESHOLD
BBNX,"Beta Bionics, Inc. - Common Stock",1168122940.0,BELOW_10B_THRESHOLD
BBDC,"Barings BDC, Inc. Common Stock",906761614.9999999,BELOW_10B_THRESHOLD
BBLG,Bone Biologics Corp - Common Stock,1395392.0,BELOW_10B_THRESHOLD
BBSI,"Barrett Business Services, Inc. - Common Stock",790309220.0,BELOW_10B_THRESHOLD
BBUC,Brookfield Business Corporation Class A Subordinate Voting Shares,5307687000.0,BELOW_10B_THRESHOLD
BBT,Beacon Financial Corporation Common stock,2339306960.0,BELOW_10B_THRESHOLD
BBWI,"Bath & Body Works, Inc.",3432003227.0,BELOW_10B_THRESHOLD
BBW,"Build-A-Bear Workshop, Inc. Common Stock",319809937.0,BELOW_10B_THRESHOLD
BCAL,California BanCorp - Common Stock,691879642.0,BELOW_10B_THRESHOLD
BC,Brunswick Corporation Common Stock,4291533656.0,BELOW_10B_THRESHOLD
BCAX,Bicara Therapeutics Inc. - Common Stock,1355552553.0,BELOW_10B_THRESHOLD
BCBP,"BCB Bancorp, Inc. (NJ) - Common Stock",362823333.0,BELOW_10B_THRESHOLD
BCC,"Boise Cascade, L.L.C. Common Stock",2713151454.0,BELOW_10B_THRESHOLD
BCDA,"BioCardia, Inc. - Common Stock",15895720.999999998,BELOW_10B_THRESHOLD
BCCQ,Bleichroeder Acquisition Corp. III - Class A Ordinary Shares,,MARKET_CAP_MISSING
BCG,"Binah Capital Group, Inc. - Common Stock",20130955.0,BELOW_10B_THRESHOLD
BCHT,Birchtech Corp. Common Stock,45509321.0,BELOW_10B_THRESHOLD
BCML,BayCom Corp - Common Stock,323672268.0,BELOW_10B_THRESHOLD
BCO,Brinks Company (The) Common Stock,4323263985.0,BELOW_10B_THRESHOLD
BCRX,"BioCryst Pharmaceuticals, Inc. - Common Stock",2189935850.0,BELOW_10B_THRESHOLD
BCPC,Balchem Corporation - Common Stock,5363158253.0,BELOW_10B_THRESHOLD
BCSS,Bain Capital GSS Investment Corp. Class A Ordinary Shares,,MARKET_CAP_MISSING
BCSF,"Bain Capital Specialty Finance, Inc. Common Stock",718094372.0,BELOW_10B_THRESHOLD
BCTX,BriaCell Therapeutics Corp. - Common Shares,34886146.0,BELOW_10B_THRESHOLD
BCYC,Bicycle Therapeutics plc - American Depositary Shares,251974336.0,BELOW_10B_THRESHOLD
BCX,BlackRock Resources Common Shares of Beneficial Interest,1042904942.9999999,BELOW_10B_THRESHOLD
BDMD,Baird Medical Investment Holdings Ltd - Ordinary Share,33344923.0,BELOW_10B_THRESHOLD
BDCI,BTC Development Corp. - Class A Ordinary Shares,,MARKET_CAP_MISSING
BDC,Belden Inc Common Stock,4459993939.0,BELOW_10B_THRESHOLD
BDL,"Flanigan's Enterprises, Inc. Common Stock",81074182.0,BELOW_10B_THRESHOLD
BDRX,Biodexa Pharmaceuticals plc - American Depositary Shares,709438.0,BELOW_10B_THRESHOLD
BDN,Brandywine Realty Trust Common Stock,508018770.0,BELOW_10B_THRESHOLD
BDSX,"Biodesix, Inc. - Common Stock",309042246.0,BELOW_10B_THRESHOLD
BEAG,Bold Eagle Acquisition Corp. - Class A Ordinary Shares,,MARKET_CAP_MISSING
BDTX,"Black Diamond Therapeutics, Inc. - Common Stock",109162118.99999999,BELOW_10B_THRESHOLD
BEAT,"Heartbeam, Inc. - Common Stock",21914193.0,BELOW_10B_THRESHOLD
BEAM,Beam Therapeutics Inc. - Common Stock,2517120396.0,BELOW_10B_THRESHOLD
BEBE,TGE Value Creative Solutions Corp Class A Ordinary Shares,129214800.0,BELOW_10B_THRESHOLD
BEEM,Beam Global - Common Stock,27725811.0,BELOW_10B_THRESHOLD
BEEP,Mobile Infrastructure Corporation - Common Stock,117292000.0,BELOW_10B_THRESHOLD
BELFA,Bel Fuse Inc. - Class A Common Stock,2947958112.0,BELOW_10B_THRESHOLD
BENF,Beneficient - Class A Common Stock,44821594.0,BELOW_10B_THRESHOLD
BETA,"Beta Technologies, Inc. Class A Common Stock",5694125400.0,BELOW_10B_THRESHOLD
BESS,Bimergen Energy Corporation Common Stock,19873204.0,BELOW_10B_THRESHOLD
BETR,Better Home & Finance Holding Company - Class A Common Stock,231022721.0,BELOW_10B_THRESHOLD
BFAM,Bright Horizons Family Solutions Inc. Common Stock,3234734202.0,BELOW_10B_THRESHOLD
BFC,Bank First Corporation - Common Stock,1644993223.0000002,BELOW_10B_THRESHOLD
BFH,"Bread Financial Holdings, Inc. Common Stock",3810807193.0,BELOW_10B_THRESHOLD
BF-A,Brown Forman Inc Class A Common Stock,,MARKET_CAP_MISSING
BFLY,"Butterfly Network, Inc. Class A Common Stock",2449823684.0,BELOW_10B_THRESHOLD
BFRG,"Bullfrog AI Holdings, Inc. - Common Stock",17614568.0,BELOW_10B_THRESHOLD
BFRI,Biofrontera Inc. - Common Stock,17080213.0,BELOW_10B_THRESHOLD
BFST,"Business First Bancshares, Inc. - Common Stock",987888949.0000001,BELOW_10B_THRESHOLD
BFS,"Saul Centers, Inc. Common Stock",736322439.0,BELOW_10B_THRESHOLD
BGC,"BGC Group, Inc. - Class A Common Stock",5753144916.0,BELOW_10B_THRESHOLD
BGIN,Bgin Blockchain Limited - Class A Ordinary Shares,213261249.0,BELOW_10B_THRESHOLD
BGL,Blue Gold Limited - Class A ordinary shares,8906718.0,BELOW_10B_THRESHOLD
BGLC,BioNexus Gene Lab Corp - Common stock,4312160.0,BELOW_10B_THRESHOLD
BGDE,"Big Digital Energy, Inc. - Common Stock",34835685.0,BELOW_10B_THRESHOLD
BGM,BGM Group Ltd. - Class A Ordinary Shares,102158956.0,BELOW_10B_THRESHOLD
BGMS,"Bio Green Med Solution, Inc. - Common Stock",6372452.000000001,BELOW_10B_THRESHOLD
BGS,"B&G Foods, Inc. Common Stock",242201500.0,BELOW_10B_THRESHOLD
BGSF,"BGSF, Inc. Common Stock",52971634.0,BELOW_10B_THRESHOLD
BH,Biglari Holdings Inc. Class B Common Stock,807219787.9999999,BELOW_10B_THRESHOLD
BHAV,BHAV Acquisition Corp - Class A Ordinary Shares,,MARKET_CAP_MISSING
BGSI,Boyd Group Services Inc. Common Shares,2216058590.0,BELOW_10B_THRESHOLD
BHB,"Bar Harbor Bankshares, Inc. Common Stock",660751213.0,BELOW_10B_THRESHOLD
BHC,Bausch Health Companies Inc. Common Stock,2135486102.9999998,BELOW_10B_THRESHOLD
BHE,"Benchmark Electronics, Inc. Common Stock",2985305632.0,BELOW_10B_THRESHOLD
BHF,"Brighthouse Financial, Inc. - Common Stock",2990026160.0,BELOW_10B_THRESHOLD
BHM,"Bluerock Homes Trust, Inc. Class A Common Stock",35458854.0,BELOW_10B_THRESHOLD
BHR,Braemar Hotels & Resorts Inc. Common Stock,120875600.0,BELOW_10B_THRESHOLD
BHRB,Burke & Herbert Financial Services Corp. - Common Stock,1389675352.0,BELOW_10B_THRESHOLD
BHVN,Biohaven Ltd. Common Shares ,2064768485.9999998,BELOW_10B_THRESHOLD
BIAF,"bioAffinity Technologies, Inc. - Common Stock",9263003.0,BELOW_10B_THRESHOLD
BHST,BioHarvest Sciences Inc. - Common Stock,33095049.0,BELOW_10B_THRESHOLD
BIII,Black Spade Acquisition III Co Class A Ordinary Shares,,MARKET_CAP_MISSING
BILI,Bilibili Inc. - American Depositary Shares,6253520941.0,BELOW_10B_THRESHOLD
BILL,"BILL Holdings, Inc. Common Stock",3915909829.0000005,BELOW_10B_THRESHOLD
BIOT,Instinct Bio Technical Company Holdings Inc. - Common stock,11823583.0,BELOW_10B_THRESHOLD
BIOA,"BioAge Labs, Inc. - Common Stock",362126612.0,BELOW_10B_THRESHOLD
BIOX,Bioceres Crop Solutions Corp. - Ordinary Shares,25015829.0,BELOW_10B_THRESHOLD
BIRD,"Smartbird, Inc. - Class A Common Stock",27987786.999999996,BELOW_10B_THRESHOLD
BIRK,Birkenstock Holding plc Ordinary Shares,5188265330.0,BELOW_10B_THRESHOLD
BIPC,Brookfield Infrastructure Corporation Brookfield Infrastructure Corporation,4364593382.0,BELOW_10B_THRESHOLD
BIYA,Baiya International Group Inc.  - Ordinary Shares,13208157.0,BELOW_10B_THRESHOLD
BIVI,BioVie Inc. - Common stock,13775371.0,BELOW_10B_THRESHOLD
BJDX,"Bluejay Diagnostics, Inc. - Common Stock",4328648.0,BELOW_10B_THRESHOLD
BJRI,"BJ's Restaurants, Inc. - Common Stock",1309187498.0,BELOW_10B_THRESHOLD
BKD,Brookdale Senior Living Inc. Common Stock,2667588705.0,BELOW_10B_THRESHOLD
BKE,"Buckle, Inc. (The) Common Stock",2134675265.0,BELOW_10B_THRESHOLD
BKH,Black Hills Corporation Common Stock,5376608972.0,BELOW_10B_THRESHOLD
BKHA,Black Hawk Acquisition Corporation - Class A Ordinary Shares,,MARKET_CAP_MISSING
BKKT,"Bakkt, Inc. Class A Common Stock",397061925.0,BELOW_10B_THRESHOLD
BKV,BKV Corporation Common Stock,2546618304.0,BELOW_10B_THRESHOLD
BKYI,"BIO-key International, Inc. - Common Stock",3576497.0,BELOW_10B_THRESHOLD
BKTI,BK Technologies Corporation Common Stock,280819481.0,BELOW_10B_THRESHOLD
BKSY,BlackSky Technology Inc. Class A Common Stock,910577823.9999999,BELOW_10B_THRESHOLD
BL,"BlackLine, Inc. - Common Stock",1635063845.0000002,BELOW_10B_THRESHOLD
BKU,"BankUnited, Inc. Common Stock",3088630317.0,BELOW_10B_THRESHOLD
BLCO,Bausch + Lomb Corporation Common Shares,6089667444.0,BELOW_10B_THRESHOLD
BLDP,"Ballard Power Systems, Inc. - Common Shares",768888646.0,BELOW_10B_THRESHOLD
BLBD,Blue Bird Corporation - Common Stock,1840061106.0,BELOW_10B_THRESHOLD
BLDR,"Builders FirstSource, Inc. Common Stock",6365406396.0,BELOW_10B_THRESHOLD
BLFS,"BioLife Solutions, Inc. - Common Stock",1845739009.0,BELOW_10B_THRESHOLD
BLIN,"Bridgeline Digital, Inc. - Common Stock",10418840.0,BELOW_10B_THRESHOLD
BLLN,"BillionToOne, Inc. - Class A common stock",5399140888.0,BELOW_10B_THRESHOLD
BLKB,"Blackbaud, Inc. - Common Stock",1946781259.9999998,BELOW_10B_THRESHOLD
BLRK,Bluerock Acquisition Corp. - Class A Ordinary Shares,,MARKET_CAP_MISSING
BLND,"Blend Labs, Inc. Class A Common Stock",264894917.0,BELOW_10B_THRESHOLD
BLMN,"Bloomin' Brands, Inc. - Common Stock",732058840.0,BELOW_10B_THRESHOLD
BLNE,"Beeline Holdings, Inc. - Common Stock",31798713.0,BELOW_10B_THRESHOLD
BLRX,BioLineRx Ltd. - American Depositary Shares,12413417.0,BELOW_10B_THRESHOLD
BLSH,Bullish Ordinary Shares,6403209414.0,BELOW_10B_THRESHOLD
BLNK,Blink Charging Co. - Common Stock,81919362.0,BELOW_10B_THRESHOLD
BLTE,"Belite Bio, Inc - American Depositary Shares",6792702527.999999,BELOW_10B_THRESHOLD
BLSM,"BlossomHill Therapeutics, Inc. - Common Stock",710074867.0,BELOW_10B_THRESHOLD
BLUW,Blue Water Acquisition Corp. III - Class A Ordinary Shares,75058925.0,BELOW_10B_THRESHOLD
BLZR,Trailblazer Acquisition Corp. - Class A Ordinary Shares,,MARKET_CAP_MISSING
BLX,"Bladex, Inc. Class E Common Stock",2077340275.0,BELOW_10B_THRESHOLD
BLZE,"Backblaze, Inc. - Common Stock",870314000.0,BELOW_10B_THRESHOLD
BMA,Banco Macro S.A.  ADR (representing Ten Class B Common Shares),4603610160.0,BELOW_10B_THRESHOLD
BMGL,Basel Medical Group Ltd - ordinary shares,6470834.0,BELOW_10B_THRESHOLD
BMHL,Bluemount Holdings Limited - Class B Ordinary Shares,141126413.0,BELOW_10B_THRESHOLD
BMBL,Bumble Inc. - common stock,353675082.0,BELOW_10B_THRESHOLD
BMM,Blue Moon Metals Inc. - Common Shares,551579385.0,BELOW_10B_THRESHOLD
BMEA,"Biomea Fusion, Inc. - Common Stock",104376746.99999999,BELOW_10B_THRESHOLD
BMI,"Badger Meter, Inc. Common Stock",3855250651.0,BELOW_10B_THRESHOLD
BMRA,"Biomerica, Inc. - Common Stock",11954262.0,BELOW_10B_THRESHOLD
BMR,Beamr Imaging Ltd. - Ordinary Share,20965303.0,BELOW_10B_THRESHOLD
BMRC,Bank of Marin Bancorp - Common Stock,446637360.0,BELOW_10B_THRESHOLD
BNAI,Brand Engagement Network Inc. - Common Stock,48695664.0,BELOW_10B_THRESHOLD
BNC,CEA Industries Inc. - Common Stock,251572224.0,BELOW_10B_THRESHOLD
BNGO,"Bionano Genomics, Inc. - Common Stock",20020900.0,BELOW_10B_THRESHOLD
BNKK,"Bonk, Inc. - Common Stock",11441344.0,BELOW_10B_THRESHOLD
BNL,"Broadstone Net Lease, Inc. Common Stock",3628696081.9999995,BELOW_10B_THRESHOLD
BNED,"Barnes & Noble Education, Inc Common Stock",388594426.0,BELOW_10B_THRESHOLD
BNR,Burning Rock Biotech Limited - American Depositary Shares,158986121.0,BELOW_10B_THRESHOLD
BNTC,Benitec Biopharma Inc. - Common Stock,342897197.0,BELOW_10B_THRESHOLD
BOBS,"Bob's Discount Furniture, Inc. Common Stock",1773423621.0,BELOW_10B_THRESHOLD
BOC,Boston Omaha Corporation Class A Common Stock,403093452.99999994,BELOW_10B_THRESHOLD
BOF,BranchOut Food Inc. - Common Stock,59185330.0,BELOW_10B_THRESHOLD
BOLD,"Boundless Bio, Inc. - Common Stock",61419559.99999999,BELOW_10B_THRESHOLD
BODI,"The Beachbody Company, Inc. - Class A Common Stock",35578812.0,BELOW_10B_THRESHOLD
BOKF,BOK Financial Corporation - Common Stock,7934937493.0,BELOW_10B_THRESHOLD
BOH,Bank of Hawaii Corporation Common Stock,2774940855.0,BELOW_10B_THRESHOLD
BOLT,"Bolt Biotherapeutics, Inc. - Common Stock",7031158.999999999,BELOW_10B_THRESHOLD
BOOM,DMC Global Inc. - Common Stock,121602418.0,BELOW_10B_THRESHOLD
BON,Bon Natural Life Limited - Class A Ordinary Shares,9713928.0,BELOW_10B_THRESHOLD
BOOT,"Boot Barn Holdings, Inc. Common Stock",3770160229.9999995,BELOW_10B_THRESHOLD
BORR,Borr Drilling Limited Common Shares,1341576687.0,BELOW_10B_THRESHOLD
BOTJ,"Bank of the James Financial Group, Inc. - Common Stock",120398457.0,BELOW_10B_THRESHOLD
BOSC,B.O.S. Better Online Solutions - Ordinary Shares,33345601.000000004,BELOW_10B_THRESHOLD
BOW,Bowhead Specialty Holdings Inc. Common Stock,1114791289.0,BELOW_10B_THRESHOLD
BOX,"Box, Inc. Class A Common Stock",4494697323.0,BELOW_10B_THRESHOLD
BOXL,Boxlight Corporation - Class A Common Stock,4163602.0000000005,BELOW_10B_THRESHOLD
BQ,Boqii Holding Limited Class A Ordinary Shares,6681913.0,BELOW_10B_THRESHOLD
BPRN,"Princeton Bancorp, Inc. - Common Stock",289969835.0,BELOW_10B_THRESHOLD
BRAG,Bragg Gaming Group Inc. - Common Shares,44110034.0,BELOW_10B_THRESHOLD
BRAI,Braiin Limited - Common Stock,1158215841.0,BELOW_10B_THRESHOLD
BRBR,"BellRing Brands, Inc. Common Stock ",981387956.9999999,BELOW_10B_THRESHOLD
BRBS,"Blue Ridge Bankshares, Inc. Common Stock",341714530.0,BELOW_10B_THRESHOLD
BRCB,"Black Rock Coffee Bar, Inc. - Class A Common Stock",356517474.0,BELOW_10B_THRESHOLD
BRCC,BRC Inc. Class A Common Stock,224507852.0,BELOW_10B_THRESHOLD
BRC,Brady Corporation Common Stock,3931092117.0,BELOW_10B_THRESHOLD
BREZ,Breeze Acquisition Corp. II - Ordinary Shares,199104173.52,BELOW_10B_THRESHOLD
BRIA,BrilliA Inc Class A Ordinary Shares,43181250.0,BELOW_10B_THRESHOLD
BRFH,Barfresh Food Group Inc. - Common Stock,16960499.0,BELOW_10B_THRESHOLD
BRID,Bridgford Foods Corporation - Common Stock,53507925.0,BELOW_10B_THRESHOLD
BRLS,Borealis Foods Inc. - Class A Common Shares,27902297.999999996,BELOW_10B_THRESHOLD
BRKH,Burtech Acquisition Corp II - Class A Ordinary Shares,,MARKET_CAP_MISSING
BRKR,Bruker Corporation - Common Stock,9091280386.0,BELOW_10B_THRESHOLD
BRLT,"Brilliant Earth Group, Inc. - Class A Common Stock",145606597.0,BELOW_10B_THRESHOLD
BRNX,BrenX Ltd. - Ordinary Shares,8667958.0,BELOW_10B_THRESHOLD
BRN,"Barnwell Industries, Inc. Common Stock",14289967.0,BELOW_10B_THRESHOLD
BRT,BRT Apartments Corp. (MD) Common Stock,260098954.0,BELOW_10B_THRESHOLD
BRSP,"BrightSpire Capital, Inc. Class A Common Stock",512422929.0,BELOW_10B_THRESHOLD
BRSL,"Brightstar Lottery PLC Trading under the Legal Name to begin at the market open on July 21, 2025. Ordinary Shares",1892970000.0,BELOW_10B_THRESHOLD
BROS,Dutch Bros Inc. Class A Common Stock,6713018346.0,BELOW_10B_THRESHOLD
BRTX,"BioRestorative Therapies, Inc. - Common Stock",3590933.0000000005,BELOW_10B_THRESHOLD
BRUN,Boost Run Inc. - Class A Common Stock,1312337651.0,BELOW_10B_THRESHOLD
BRVE,"Braveheart Bio, Inc. - Common Stock",1932236275.0,BELOW_10B_THRESHOLD
BRX,Brixmor Property Group Inc. Common Stock,8481950814.0,BELOW_10B_THRESHOLD
BRZE,"Braze, Inc. - Class A Common Stock",2938429126.0,BELOW_10B_THRESHOLD
BSBK,Bogota Financial Corp. - Common Stock,116446981.0,BELOW_10B_THRESHOLD
BSEM,"BioStem Technologies, Inc. - Common Stock",67827990.0,BELOW_10B_THRESHOLD
BSET,"Bassett Furniture Industries, Incorporated - Common Stock",152385534.0,BELOW_10B_THRESHOLD
BSIN,Big Sky Industrial Inc. - Common Stock,77165339.0,BELOW_10B_THRESHOLD
BSRR,Sierra Bancorp - Common Stock,510757842.0,BELOW_10B_THRESHOLD
BSVN,Bank7 Corp. - Common stock,524874666.0,BELOW_10B_THRESHOLD
BSY,"Bentley Systems, Incorporated - Class B Common Stock",9884479328.0,BELOW_10B_THRESHOLD
BTBT,"Bit Digital, Inc. - Ordinary Share",638321300.0,BELOW_10B_THRESHOLD
BTBD,"BT Brands, Inc. - Common Stock",11379892.0,BELOW_10B_THRESHOLD
BTCS,BTCS Inc. - Common Stock,82118588.0,BELOW_10B_THRESHOLD
BTCT,BTC Digital Ltd. - Ordinary Shares,14160680.0,BELOW_10B_THRESHOLD
BTDR,Bitdeer Technologies Group - Ordinary Shares,3345639435.9999995,BELOW_10B_THRESHOLD
BTE,Baytex Energy Corp Common Shares,3246707039.9999995,BELOW_10B_THRESHOLD
BTG,B2Gold Corp Common shares (Canada),7067728577.0,BELOW_10B_THRESHOLD
BTGO,"BitGo Holdings, Inc. Class A Common Stock",952119538.0,BELOW_10B_THRESHOLD
BTLN,"Brightline Interactive, Inc. - Common Stock",14711795.0,BELOW_10B_THRESHOLD
BTOC,Armlogi Holding Corp. - common stock,11610707.0,BELOW_10B_THRESHOLD
BTMD,Biote Corp. - Class A common stock,46705708.0,BELOW_10B_THRESHOLD
BTQ,BTQ Technologies Corp. - Common Stock,401530248.0,BELOW_10B_THRESHOLD
BTTC,Black Titan Corp - Ordinary Shares,7520588.0,BELOW_10B_THRESHOLD
BUDA,"Buda Juice, Inc. Common Stock",94878328.0,BELOW_10B_THRESHOLD
BTU,Peabody Energy Corporation Common Stock ,3219379000.0,BELOW_10B_THRESHOLD
BULL,Webull Corporation - Class A Ordinary Shares,4134709370.0,BELOW_10B_THRESHOLD
BUR,Burford Capital Limited Ordinary Shares,833672162.0,BELOW_10B_THRESHOLD
BURU,"Nuburu, Inc. Common Stock",9818086.0,BELOW_10B_THRESHOLD
BUSE,First Busey Corporation - Common Stock,2465736810.0,BELOW_10B_THRESHOLD
BUUU,BUUU Group Limited - Class A Ordinary Share,885361312.9999999,BELOW_10B_THRESHOLD
BVC,BitVentures Limited - Ordinary Share,2105040000.0,BELOW_10B_THRESHOLD
BV,"BrightView Holdings, Inc. Common Stock",938964000.0,BELOW_10B_THRESHOLD
BVFL,"BV Financial, Inc. - Common Stock",176188563.0,BELOW_10B_THRESHOLD
BVN,Buenaventura Mining Company Inc.,8488241094.999999,BELOW_10B_THRESHOLD
BVS,Bioventus Inc. - Class A Common Stock,1144490487.0,BELOW_10B_THRESHOLD
BW,"Babcock & Wilcox Enterprises, Inc. Common Stock",989128038.0,BELOW_10B_THRESHOLD
BWAY,BrainsWay Ltd. - American Depositary Shares,538444200.0,BELOW_10B_THRESHOLD
BWEN,"Broadwind, Inc. - Common Stock",102199851.0,BELOW_10B_THRESHOLD
BWB,"Bridgewater Bancshares, Inc. - Common Stock",571060695.0,BELOW_10B_THRESHOLD
BWFG,"Bankwell Financial Group, Inc. - Common Stock",521845287.0,BELOW_10B_THRESHOLD
BWIN,"The Baldwin Insurance Group, Inc. - Class A Common Stock",4443021938.0,BELOW_10B_THRESHOLD
BWIV,Blue Water Acquisition Corp. IV Class A Ordinary Shares,,MARKET_CAP_MISSING
BWLP,BW LPG Limited Common Shares,3870552600.0,BELOW_10B_THRESHOLD
BWMN,Bowman Consulting Group Ltd. - Common Stock,737799391.0,BELOW_10B_THRESHOLD
BWMX,"Betterware de Mexico, S.A.P.I. de C.V. Ordinary Shares",651898225.0,BELOW_10B_THRESHOLD
BXBL,"BOXABL, Inc.  - Common stock",961143505.0000001,BELOW_10B_THRESHOLD
BXDC,Blackstone Digital Infrastructure Trust Inc. Common Stock,1944556164.9999998,BELOW_10B_THRESHOLD
BXC,Bluelinx Holdings Inc. Common Stock,627323919.0,BELOW_10B_THRESHOLD
BXMT,"Blackstone Mortgage Trust, Inc. Common Stock",2118592938.9999998,BELOW_10B_THRESHOLD
BY,"Byline Bancorp, Inc. Common Stock",1666475170.0,BELOW_10B_THRESHOLD
BYAH,"Park Ha Biological Technology Co., Ltd. - Class A Ordinary Shares",9043391.0,BELOW_10B_THRESHOLD
BXP,"BXP, Inc. Common Stock",9956494632.0,BELOW_10B_THRESHOLD
BYD,Boyd Gaming Corporation Common Stock,5212299400.0,BELOW_10B_THRESHOLD
BYND,"Beyond Meat, Inc. - Common stock",172455479.0,BELOW_10B_THRESHOLD
BYFC,Broadway Financial Corporation - Class A Common Stock,110334890.00000001,BELOW_10B_THRESHOLD
BYRN,"Byrna Technologies, Inc. - Common Stock",84725209.0,BELOW_10B_THRESHOLD
BYSI,"BeyondSpring, Inc. - Ordinary Shares",29877661.0,BELOW_10B_THRESHOLD
BZAI,"Blaize Holdings, Inc. - Common Stock",80425231.0,BELOW_10B_THRESHOLD
BZ,KANZHUN LIMITED - American Depository Shares,6669030180.0,BELOW_10B_THRESHOLD
BZUN,Baozun Inc. - American Depositary Shares,174385167.0,BELOW_10B_THRESHOLD
BZFD,"BuzzFeed, Inc. - Class A Common Stock",87585775.0,BELOW_10B_THRESHOLD
CAAP,Corporacion America Airports SA Common Shares,3920650335.0,BELOW_10B_THRESHOLD
BZH,"Beazer Homes USA, Inc. Common Stock",889765427.0,BELOW_10B_THRESHOLD
CAAS,"China Automotive Systems, Inc. - Ordinary Share",153267166.0,BELOW_10B_THRESHOLD
CABR,"Caring Brands, Inc. - Common Stock",12960283.0,BELOW_10B_THRESHOLD
CABA,"Cabaletta Bio, Inc. - Common Stock",376390888.0,BELOW_10B_THRESHOLD
CABO,"Cable One, Inc. Common Stock",89818233.0,BELOW_10B_THRESHOLD
CAC,Camden National Corporation - Common Stock,952148711.0000001,BELOW_10B_THRESHOLD
CACC,Credit Acceptance Corporation - Common Stock,5762571375.0,BELOW_10B_THRESHOLD
CADL,"Candel Therapeutics, Inc. - Common Stock",863894599.0,BELOW_10B_THRESHOLD
CAE,CAE Inc - Common Shares,7848026391.000001,BELOW_10B_THRESHOLD
CAES,"Cantor Equity Partners VII, Inc. - Class A Ordinary Shares",,MARKET_CAP_MISSING
CAI,"Caris Life Sciences, Inc. - Common Stock",8944137637.0,BELOW_10B_THRESHOLD
CAG,"ConAgra Brands, Inc. Common Stock",7095399438.0,BELOW_10B_THRESHOLD
CAII,Collective Acquisition Corp. II - Class A Ordinary Shares,,MARKET_CAP_MISSING
CAKE,The Cheesecake Factory Incorporated - Common Stock,5195507796.0,BELOW_10B_THRESHOLD
CALX,"Calix, Inc Common Stock",2174776180.0,BELOW_10B_THRESHOLD
CALM,"Cal-Maine Foods, Inc. - Common Stock",3365277148.0,BELOW_10B_THRESHOLD
CALC,"CalciMedica, Inc. - Common Stock",12222643.0,BELOW_10B_THRESHOLD
CALY,Callaway Golf Company Common Stock,2604468501.0,BELOW_10B_THRESHOLD
CAL,"Caleres, Inc. Common Stock",426481516.00000006,BELOW_10B_THRESHOLD
CAMP,CAMP4 Therapeutics Corporation - Common Stock,233441903.99999997,BELOW_10B_THRESHOLD
CAN,Canaan Inc. - American Depositary Shares,274873041.0,BELOW_10B_THRESHOLD
CAMT,Camtek Ltd. - Ordinary Shares,6845438145.0,BELOW_10B_THRESHOLD
CAPN,Cayson Acquisition Corp - Ordinary Shares,59491035.0,BELOW_10B_THRESHOLD
CANF,"Can-Fite Biopharma Ltd American Depositary Shares, each representing two (2) Ordinary Shares",4627902.0,BELOW_10B_THRESHOLD
CANG,Cango Inc. Class A Ordinary Shares,82454154.0,BELOW_10B_THRESHOLD
CAPR,"Capricor Therapeutics, Inc. - Common Stock",504065035.0,BELOW_10B_THRESHOLD
CAPS,Capstone Holding Corp. - Common Stock,4432650.0,BELOW_10B_THRESHOLD
CAQ,Cambridge Acquisition Corp. - Class A Ordinary Shares,,MARKET_CAP_MISSING
CAR,"Avis Budget Group, Inc. - Common Stock",3732872425.0,BELOW_10B_THRESHOLD
CARE,"Carter Bankshares, Inc. - Common Stock",663366455.0,BELOW_10B_THRESHOLD
CARL,"Carlsmed, Inc. - Common Stock",402988487.0,BELOW_10B_THRESHOLD
CARG,"CarGurus, Inc. - Class A Common Stock",2722976222.0,BELOW_10B_THRESHOLD
CARS,Cars.com Inc. Common Stock ,554063590.0,BELOW_10B_THRESHOLD
CASH,"Pathward Financial, Inc. - Common Stock",1522064234.0,BELOW_10B_THRESHOLD
CAST,"FreeCast, Inc. - Class A common stock",62331191.0,BELOW_10B_THRESHOLD
CART,Maplebear Inc. - Common Stock,9945242878.0,BELOW_10B_THRESHOLD
CASS,"Cass Information Systems, Inc - Common Stock",691916230.0,BELOW_10B_THRESHOLD
CATX,"Perspective Therapeutics, Inc. Common Stock",299077357.0,BELOW_10B_THRESHOLD
CATO,Cato Corporation (The) Class A Common Stock,48983395.0,BELOW_10B_THRESHOLD
CATY,Cathay General Bancorp - Common Stock,4034184694.9999995,BELOW_10B_THRESHOLD
CAVA,"CAVA Group, Inc. Common Stock",6202409114.0,BELOW_10B_THRESHOLD
CBAT,CBAK Energy Technology Limited - Ordinary Shares,129422920.99999999,BELOW_10B_THRESHOLD
CBC,"Central Bancompany, Inc. - Class A Common Stock",7513276021.999999,BELOW_10B_THRESHOLD
CBAN,"Colony Bankcorp, Inc. Common Stock",433756525.0,BELOW_10B_THRESHOLD
CBFV,"CB Financial Services, Inc. - Common Stock",188577582.0,BELOW_10B_THRESHOLD
CBK,"Commercial Bancgroup, Inc. - Common Stock",431178966.99999994,BELOW_10B_THRESHOLD
CBIO,"Crescent Biopharma, Inc. - Common Stock",527072509.0,BELOW_10B_THRESHOLD
CBLL,"CeriBell, Inc. - Common Stock",906490746.0,BELOW_10B_THRESHOLD
CBNA,"Chain Bridge Bancorp, Inc. Class A Common Stock",317985652.0,BELOW_10B_THRESHOLD
CBL,"CBL & Associates Properties, Inc. Common Stock",1641822686.0,BELOW_10B_THRESHOLD
CBNK,"Capital Bancorp, Inc. - Common Stock",580266043.0,BELOW_10B_THRESHOLD
CBRL,"Cracker Barrel Old Country Store, Inc. - Common Stock",1062141379.0,BELOW_10B_THRESHOLD
CBSH,"Commerce Bancshares, Inc. - Common Stock",7973394775.0,BELOW_10B_THRESHOLD
CBT,Cabot Corporation Common Stock,4068523351.9999995,BELOW_10B_THRESHOLD
CBZ,"CBIZ, Inc. Common Stock",2966063626.0,BELOW_10B_THRESHOLD
CBUS,"Cibus, Inc. - Class A Common Stock",117700604.99999999,BELOW_10B_THRESHOLD
CBU,"Community Financial System, Inc. Common Stock",3193259274.0,BELOW_10B_THRESHOLD
CC,Chemours Company (The) Common Stock,2218355186.0,BELOW_10B_THRESHOLD
CCAP,"Crescent Capital BDC, Inc. - Common Stock",356300356.0,BELOW_10B_THRESHOLD
CCAQ,Collective Acquisition Corp. - Class A ordinary shares,,MARKET_CAP_MISSING
CCB,Coastal Financial Corporation - Common Stock,671222619.0,BELOW_10B_THRESHOLD
CCBG,Capital City Bank Group - Common Stock,834273229.0000001,BELOW_10B_THRESHOLD
CCC,CCC Intelligent Solutions Holdings Inc. - Common Stock,3922704729.0,BELOW_10B_THRESHOLD
CCCT,Columbus Circle Capital Corp III - Class A Ordinary Shares,,MARKET_CAP_MISSING
CCCC,"C4 Therapeutics, Inc. - Common Stock",378917419.0,BELOW_10B_THRESHOLD
CCEC,Capital Clean Energy Carriers Corp. - Common Share,1310699774.0,BELOW_10B_THRESHOLD
CCEL,"Cryo-Cell International, Inc. Common Stock",32169974.0,BELOW_10B_THRESHOLD
CCG,Cheche Group Inc. - Class A Ordinary Shares,32420212.0,BELOW_10B_THRESHOLD
CCII,Cohen Circle Acquisition Corp. II - Class A Ordinary Shares,,MARKET_CAP_MISSING
CCHH,CCH Holdings Ltd - Class A Ordinary Shares,20509277.0,BELOW_10B_THRESHOLD
CCLD,"CareCloud, Inc. - Common Stock",87537350.0,BELOW_10B_THRESHOLD
CCO,"Clear Channel Outdoor Holdings, Inc. Common Stock",1196370536.0,BELOW_10B_THRESHOLD
CCNE,CNB Financial Corporation - Common Stock,990226186.0,BELOW_10B_THRESHOLD
CCM,Concord Medical Services Holdings Limited American Depositary Shares (Each represents thirty (30) Class A ordinary shares),16715633.999999998,BELOW_10B_THRESHOLD
CCOI,"Cogent Communications Holdings, Inc. - Common Stock",416383934.0,BELOW_10B_THRESHOLD
CCSI,"Consensus Cloud Solutions, Inc. - Common Stock",656032208.0,BELOW_10B_THRESHOLD
CCTG,CCSC Technology International Holdings Limited - Class A Ordinary Shares,6967993.0,BELOW_10B_THRESHOLD
CCS,"Century Communities, Inc. Common Stock",1745780059.9999998,BELOW_10B_THRESHOLD
CCU,"Compania Cervecerias Unidas, S.A. Common Stock",2056283483.0,BELOW_10B_THRESHOLD
CCXI,Churchill Capital Corp XI - Class A Ordinary Shares,,MARKET_CAP_MISSING
CD,Chaince Digital Holdings Inc. - American Ordinary Shares,470816264.0,BELOW_10B_THRESHOLD
CDIO,Cardio Diagnostics Holdings Inc. - Common stock,5682180.0,BELOW_10B_THRESHOLD
CDLR,Cadeler A/S American Depositary Share (each representing four (4) Ordinary Shares),2371744773.0,BELOW_10B_THRESHOLD
CDNL,Cardinal Infrastructure Group Inc. - Class A Common Stock,1361527332.0,BELOW_10B_THRESHOLD
CDNA,"CareDx, Inc. - Common Stock",2809685651.0,BELOW_10B_THRESHOLD
CDLX,"Cardlytics, Inc. - Common Stock",20257183.0,BELOW_10B_THRESHOLD
CDRE,"Cadre Holdings, Inc. Common Stock",1143313598.0,BELOW_10B_THRESHOLD
CDT,CDT Equity Inc. - Common Stock,2599283.0,BELOW_10B_THRESHOLD
CDRO,"Codere Online Luxembourg, S.A. - Ordinary Shares",419687315.0,BELOW_10B_THRESHOLD
CDTG,CDT Environmental Technology Investment Holdings Limited - ordinary shares,3655410.0,BELOW_10B_THRESHOLD
CDXS,"Codexis, Inc. - Common Stock",151117956.0,BELOW_10B_THRESHOLD
CDP,COPT Defense Properties Common Shares of Beneficial Interest,3829871167.0000005,BELOW_10B_THRESHOLD
CDZI,"Cadiz, Inc. - Common Stock",323466427.0,BELOW_10B_THRESHOLD
CE,Celanese Corporation Common Stock,5321725422.0,BELOW_10B_THRESHOLD
CECO,CECO Environmental Corp. - Common Stock,4391858703.0,BELOW_10B_THRESHOLD
CELC,Celcuity Inc. - Common Stock,3914063320.9999995,BELOW_10B_THRESHOLD
CELH,"Celsius Holdings, Inc. - Common Stock",7383562671.0,BELOW_10B_THRESHOLD
CELU,Celularity Inc. - Class A Common Stock,33287855.0,BELOW_10B_THRESHOLD
CENN,Cenntro Inc. - Common Stock,79269799.0,BELOW_10B_THRESHOLD
CELZ,"Creative Medical Technology Holdings, Inc. - Common Stock",6419832.0,BELOW_10B_THRESHOLD
CEPF,"Cantor Equity Partners IV, Inc. - Class A Ordinary Shares",,MARKET_CAP_MISSING
CEPL,"Capstone Energy Plus, Inc. - Common Stock",178711508.0,BELOW_10B_THRESHOLD
CENT,Central Garden & Pet Company - Common Stock,2471781695.0,BELOW_10B_THRESHOLD
CENX,Century Aluminum Company - Common Stock,3842919712.0,BELOW_10B_THRESHOLD
CEPO,"Cantor Equity Partners I, Inc. - Class A Ordinary Shares",,MARKET_CAP_MISSING
CEPS,"Cantor Equity Partners VI, Inc. - Class A Ordinary Shares",,MARKET_CAP_MISSING
CEPU,Central Puerto S.A. American Depositary Shares (each represents ten Common Shares),2032993404.9999998,BELOW_10B_THRESHOLD
CERS,Cerus Corporation - Common Stock,523964735.0,BELOW_10B_THRESHOLD
CERT,"Certara, Inc. - Common Stock",1317935059.0,BELOW_10B_THRESHOLD
CETX,Cemtrex Inc. - Common Stock,3579973.0,BELOW_10B_THRESHOLD
CETY,"Clean Energy Technologies, Inc. - Common Stock",12287767.0,BELOW_10B_THRESHOLD
CEVA,"CEVA, Inc. - Common Stock",946539901.0,BELOW_10B_THRESHOLD
CFBK,CF Bankshares Inc. - Common Stock,217550012.0,BELOW_10B_THRESHOLD
CFFI,C&F Financial Corporation - Common Stock,297172040.0,BELOW_10B_THRESHOLD
CFFN,"Capitol Federal Financial, Inc. - Common Stock",1092318079.0,BELOW_10B_THRESHOLD
CFR,"Cullen/Frost Bankers, Inc. Common Stock",9587071574.0,BELOW_10B_THRESHOLD
CGC,Canopy Growth Corporation - Common Shares,395709441.0,BELOW_10B_THRESHOLD
CGAU,Centerra Gold Inc. Common Shares,4515450358.0,BELOW_10B_THRESHOLD
CGCF,Cartesian Growth Corporation IV - Class A Ordinary Shares,,MARKET_CAP_MISSING
CGEN,Compugen Ltd. - Ordinary Shares,221328048.0,BELOW_10B_THRESHOLD
CGEM,"Cullinan Therapeutics, Inc. - Common Stock",1085663688.0,BELOW_10B_THRESHOLD
CGNT,Cognyte Software Ltd. - Ordinary Shares,645150326.0,BELOW_10B_THRESHOLD
CGNX,Cognex Corporation - Common Stock,9788945366.0,BELOW_10B_THRESHOLD
CGON,"CG Oncology, Inc. - Common stock",6502657910.000001,BELOW_10B_THRESHOLD
CGTL,Creative Global Technology Holdings Limited - Class A Ordinary Shares,6498784.000000001,BELOW_10B_THRESHOLD
CGTX,"Cognition Therapeutics, Inc. - Common Stock",90339059.0,BELOW_10B_THRESHOLD
CHA,"Chagee Holdings Limited - American Depositary Shares, each representing 1 Class A ordinary share",2151810317.0,BELOW_10B_THRESHOLD
CHAI,"Core AI Holdings, Inc. - Common Shares",7886801.0,BELOW_10B_THRESHOLD
CHCI,"Comstock Holding Companies, Inc. - Class A Common Stock",202554453.99999997,BELOW_10B_THRESHOLD
CHCO,City Holding Company - Common Stock,1955788529.9999998,BELOW_10B_THRESHOLD
CHCT,Community Healthcare Trust Incorporated Common Stock,408890325.00000006,BELOW_10B_THRESHOLD
CHDN,"Churchill Downs, Incorporated - Common Stock",5608081552.0,BELOW_10B_THRESHOLD
CHEC,Chenghe Acquisition III Co. - Class A Ordinary Shares,,MARKET_CAP_MISSING
CHEF,"The Chefs' Warehouse, Inc. - Common Stock",4442285478.0,BELOW_10B_THRESHOLD
CHGA,Change Agents Corporation  - Common Stock,2486880.0,BELOW_10B_THRESHOLD
CHGG,"Chegg, Inc. Common Stock",81360939.0,BELOW_10B_THRESHOLD
CHE,Chemed Corp,6510016874.0,BELOW_10B_THRESHOLD
CHH,"Choice Hotels International, Inc. Common Stock",4592038282.0,BELOW_10B_THRESHOLD
CHMG,Chemung Financial Corp  - Common Stock,391599956.0,BELOW_10B_THRESHOLD
CHMI,Cherry Hill Mortgage Investment Corporation Common Stock,101974806.99999999,BELOW_10B_THRESHOLD
CHNR,"China Natural Resources, Inc. - Common Shares",4698572.0,BELOW_10B_THRESHOLD
CHPG,ChampionsGate Acquisition Corporation - Class A Ordinary Share,,MARKET_CAP_MISSING
CHOW,ChowChow Cloud International Holdings Limited Ordinary Shares,23245950.0,BELOW_10B_THRESHOLD
CHPT,"ChargePoint Holdings, Inc. Common Stock",247828491.00000003,BELOW_10B_THRESHOLD
CHR,"Cheer Holding, Inc.  - Class A Ordinary Share",3682361.0,BELOW_10B_THRESHOLD
CHRS,"Coherus Oncology, Inc. - Common Stock",194671217.0,BELOW_10B_THRESHOLD
CHRD,Chord Energy Corporation - Common Stock,7532990932.0,BELOW_10B_THRESHOLD
CHRN,ChronoScale Holdings Corporation - Common Stock,2987024141.0,BELOW_10B_THRESHOLD
CHSN,Chanson International Holding - Class A Ordinary Shares,3969472.0000000005,BELOW_10B_THRESHOLD
CHWY,"Chewy, Inc. Class A Common Stock",7455750469.0,BELOW_10B_THRESHOLD
CIFR,Cipher Digital Inc. - Common Stock,7615813749.0,BELOW_10B_THRESHOLD
CIA,"Citizens, Inc. Class A Common Stock ($1.00 Par)",178770171.0,BELOW_10B_THRESHOLD
CIGL,Concorde International Group Ltd - Class A Ordinary Shares,95538183.0,BELOW_10B_THRESHOLD
CIGI,Colliers International Group Inc.  - Subordinate Voting Shares,4666289896.0,BELOW_10B_THRESHOLD
CIG,Comp En De Mn Cemig ADS American Depositary Shares,5981124161.0,BELOW_10B_THRESHOLD
CIIT,"Tianci International, Inc. - Common Stock",2529727.0,BELOW_10B_THRESHOLD
CIM,Chimera Investment Corporation Common Stock,899902044.0000001,BELOW_10B_THRESHOLD
CING,Cingulate Inc. - Common Stock,72418293.0,BELOW_10B_THRESHOLD
CINT,CI&T Inc Class A Common Shares,391824849.0,BELOW_10B_THRESHOLD
CION,CION Investment Corporation Common Stock,353275415.0,BELOW_10B_THRESHOLD
CIRC,"Circle8 Group, Inc. - Common Stock",38898354.0,BELOW_10B_THRESHOLD
CISO,"CISO Global, Inc. - Common Stock",10980788.0,BELOW_10B_THRESHOLD
CISS,C3is Inc. - Common Stock,1636767.0,BELOW_10B_THRESHOLD
CITR,CitroTech Inc. Common Stock,103520446.00000001,BELOW_10B_THRESHOLD
CIVB,"Civista Bancshares, Inc.  - Common Stock",552918788.0,BELOW_10B_THRESHOLD
CJMB,Callan JMB Inc. - Common Stock,12195020.0,BELOW_10B_THRESHOLD
CIX,CompX International Inc. Common Stock,439925189.00000006,BELOW_10B_THRESHOLD
CLAR,Clarus Corporation - Common Stock,134008543.0,BELOW_10B_THRESHOLD
CLBR,Colombier Acquisition Corp. III Class A Ordinary Shares,,MARKET_CAP_MISSING
CLBT,Cellebrite DI Ltd. - Ordinary Shares,2890422190.0,BELOW_10B_THRESHOLD
CLBK,"Columbia Financial, Inc. - Common Stock",1163250703.0,BELOW_10B_THRESHOLD
CLB,Core Laboratories Inc. Common Stock,487752681.0,BELOW_10B_THRESHOLD
CLDI,"Calidi Biotherapeutics, Inc. Common Stock",4017575.0000000005,BELOW_10B_THRESHOLD
CLDT,Chatham Lodging Trust (REIT) Common Shares of Beneficial Interest,609078231.0,BELOW_10B_THRESHOLD
CLDX,"Celldex Therapeutics, Inc. - Common Stock",2443839036.0,BELOW_10B_THRESHOLD
CLF,Cleveland-Cliffs Inc. Common Stock,7342850405.0,BELOW_10B_THRESHOLD
CLGN,CollPlant Biotechnologies Ltd. - Ordinary Shares,7638917.000000001,BELOW_10B_THRESHOLD
CLIK,Click Holdings Limited - Ordinary Share,10018749.0,BELOW_10B_THRESHOLD
CLFD,"Clearfield, Inc. - Common Stock",422053482.0,BELOW_10B_THRESHOLD
CLIR,ClearSign Technologies Corporation - Common Stock,24098391.0,BELOW_10B_THRESHOLD
CLLS,Cellectis S.A. - American Depositary Shares,144759277.0,BELOW_10B_THRESHOLD
CLNE,Clean Energy Fuels Corp. - Common Stock,357120924.0,BELOW_10B_THRESHOLD
CLMB,"Climb Global Solutions, Inc. - Common Stock",571575373.0,BELOW_10B_THRESHOLD
CLMT,"Calumet, Inc - Common Stock",4779905965.0,BELOW_10B_THRESHOLD
CLPR,Clipper Realty Inc. Common Stock,55743603.0,BELOW_10B_THRESHOLD
CLOV,"Clover Health Investments, Corp.  - Class A Common stock",2427384122.0,BELOW_10B_THRESHOLD
CLPT,ClearPoint Neuro Inc. - Common Stock,456648278.0,BELOW_10B_THRESHOLD
CLPS,CLPS Incorporation - Common Stock,30040887.0,BELOW_10B_THRESHOLD
CLRB,"Cellectar Biosciences, Inc. - Common Stock",19754906.0,BELOW_10B_THRESHOLD
CLNN,Clene Inc. - Common Stock,60977978.0,BELOW_10B_THRESHOLD
CLRO,"ClearOne, Inc. - Common Stock",11290239.0,BELOW_10B_THRESHOLD
CLST,"Catalyst Bancorp, Inc. - common stock",72769590.0,BELOW_10B_THRESHOLD
CLVT,Clarivate Plc Ordinary Shares,1170585125.0,BELOW_10B_THRESHOLD
CLSK,"CleanSpark, Inc. - Common Stock",3713574876.0,BELOW_10B_THRESHOLD
CLW,Clearwater Paper Corporation Common Stock,344811594.0,BELOW_10B_THRESHOLD
CLWT,Euro Tech Holdings Company Limited - Ordinary Shares,11154253.0,BELOW_10B_THRESHOLD
CLYM,"Climb Bio, Inc. - Common Stock",719101913.0,BELOW_10B_THRESHOLD
CMBT,CMB.TECH NV Ordinary Shares,6054131717.0,BELOW_10B_THRESHOLD
CMCL,Caledonia Mining Corporation Plc Common Shares,466555456.00000006,BELOW_10B_THRESHOLD
CMCO,Columbus McKinnon Corporation - Common Stock,476548668.00000006,BELOW_10B_THRESHOLD
CMCM,"Cheetah Mobile Inc. American Depositary Shares, each representing fifty (50) Class A Ordinary Shares",82615971.0,BELOW_10B_THRESHOLD
CMC,Commercial Metals Company Common Stock,7152969501.0,BELOW_10B_THRESHOLD
CMDB,Costamare Bulkers Holdings Limited Common Stock,539708135.0,BELOW_10B_THRESHOLD
CMCT,Creative Media  - Common Stock,6499222.0,BELOW_10B_THRESHOLD
CMMB,Chemomab Therapeutics Ltd.  - American Depositary Shares,16519986.0,BELOW_10B_THRESHOLD
CMND,Clearmind Medicine Inc. - Common Shares,1823429.0,BELOW_10B_THRESHOLD
CMP,Compass Minerals Intl Inc Common Stock,973956276.9999999,BELOW_10B_THRESHOLD
CMPS,COMPASS Pathways Plc - American Depository Shares,1904056303.0000002,BELOW_10B_THRESHOLD
CMPR,Cimpress plc - Ordinary Shares,1899015633.0000002,BELOW_10B_THRESHOLD
CMPX,"Compass Therapeutics, Inc. - Common Stock",210702861.0,BELOW_10B_THRESHOLD
CMRC,"Commerce.com, Inc. - Series 1 Common Stock",268463131.0,BELOW_10B_THRESHOLD
CMRE,Costamare Inc. Common Stock $0.0001 par value,1770242982.0,BELOW_10B_THRESHOLD
CMTG,"Claros Mortgage Trust, Inc. Common Stock",186231152.0,BELOW_10B_THRESHOLD
CMTL,Comtech Telecommunications Corp. - Common Stock,43144461.0,BELOW_10B_THRESHOLD
CMT,Core Molding Technologies Inc Common Stock,202996840.0,BELOW_10B_THRESHOLD
CNET,ZW Data Action Technologies Inc. - Common Stock,4805642.0,BELOW_10B_THRESHOLD
CMTV,Community Bancorp.  - Common stock,219555358.0,BELOW_10B_THRESHOLD
CNCK,Coincheck Group N.V. - Ordinary Shares,322220595.0,BELOW_10B_THRESHOLD
CNEY,CN Energy Group Inc. - Class A Ordinary Shares,4756277.0,BELOW_10B_THRESHOLD
CNDT,Conduent Incorporated - Common Stock,248833279.99999997,BELOW_10B_THRESHOLD
CNF,"CNFinance Holdings Limited American Depositary Shares, each representing two hundred (200) Ordinary Shares",30968320.0,BELOW_10B_THRESHOLD
CNK,"Cinemark Holdings Inc Cinemark Holdings, Inc. Common Stock",4148485290.0,BELOW_10B_THRESHOLD
CNL,Collective Mining Ltd. - Common Stock,1226986014.0,BELOW_10B_THRESHOLD
CNM,"Core & Main, Inc. Class A Common Stock",8145525578.0,BELOW_10B_THRESHOLD
CNMD,CONMED Corporation Common Stock,1371767158.0,BELOW_10B_THRESHOLD
CNNE,"Cannae Holdings, Inc. Common Stock",684879044.0,BELOW_10B_THRESHOLD
CNO,"CNO Financial Group, Inc. Common Stock",4998004461.0,BELOW_10B_THRESHOLD
CNOB,"ConnectOne Bancorp, Inc. - Common Stock",1656009089.9999998,BELOW_10B_THRESHOLD
CNS,Cohen & Steers Inc Common Stock,3879240450.0000005,BELOW_10B_THRESHOLD
CNTB,Connect Biopharma Holdings Limited - Ordinary Shares,67382511.0,BELOW_10B_THRESHOLD
CNSP,"CNS Pharmaceuticals, Inc. - Common Stock",7526462.0,BELOW_10B_THRESHOLD
CNSY,"Cerenome, Inc. - Common Stock",14799768.999999998,BELOW_10B_THRESHOLD
CNR,"Core Natural Resources, Inc. Common Stock",4573981083.0,BELOW_10B_THRESHOLD
CNTN,"Canton Strategic Holdings, Inc. - Common Stock",178486249.0,BELOW_10B_THRESHOLD
CNTX,Context Therapeutics Inc. - Common Stock,35152973.0,BELOW_10B_THRESHOLD
CNVS,Cineverse Corp. - Class A Common Stock,48493629.0,BELOW_10B_THRESHOLD
CNTY,"Century Casinos, Inc. - Common Stock",31232838.0,BELOW_10B_THRESHOLD
CNXU,Conexeu Sciences Inc. - Common Stock,118750198.99999999,BELOW_10B_THRESHOLD
CNXC,Concentrix Corporation - Common Stock,1843364353.9999998,BELOW_10B_THRESHOLD
CNXN,"PC Connection, Inc. - Common Stock",2235338428.0,BELOW_10B_THRESHOLD
CNX,CNX Resources Corporation Common Stock,4882140021.0,BELOW_10B_THRESHOLD
COAG,"Hemab Therapeutics Holdings, Inc. - Common Stock",1715736057.0000002,BELOW_10B_THRESHOLD
COCH,"Envoy Medical, Inc. - Class A Common Stock",55734498.0,BELOW_10B_THRESHOLD
COCO,"The Vita Coco Company, Inc. - Common Stock",3403089600.0,BELOW_10B_THRESHOLD
COCP,"Cocrystal Pharma, Inc. - Common Stock",22923208.0,BELOW_10B_THRESHOLD
CODX,"Co-Diagnostics, Inc. - Common Stock",7711328.000000001,BELOW_10B_THRESHOLD
CODA,"Coda Octopus Group, Inc. - Common stock",123775618.00000001,BELOW_10B_THRESHOLD
CODI,D/B/A Compass Diversified Holdings Shares of Beneficial Interest,853928213.9999999,BELOW_10B_THRESHOLD
COGT,"Cogent Biosciences, Inc. - Common Stock",5450419685.0,BELOW_10B_THRESHOLD
COFS,"ChoiceOne Financial Services, Inc. - Common Stock",485157069.0,BELOW_10B_THRESHOLD
COHU,"Cohu, Inc. - Common Stock",3052382160.0,BELOW_10B_THRESHOLD
COHN,Cohen & Company Inc.,33096943.0,BELOW_10B_THRESHOLD
COLB,"Columbia Banking System, Inc. - Common Stock",8161730432.0,BELOW_10B_THRESHOLD
COLD,"Americold Realty Trust, Inc. Common Stock",4102355518.0000005,BELOW_10B_THRESHOLD
COLM,Columbia Sportswear Company - Common Stock,2906749555.0,BELOW_10B_THRESHOLD
COLL,"Collegium Pharmaceutical, Inc. - Common Stock",730873512.0,BELOW_10B_THRESHOLD
COMP,"Compass, Inc. Class A Common Stock",6938903325.0,BELOW_10B_THRESHOLD
CON,"Concentra Group Holdings Parent, Inc. Common Stock",4436342035.0,BELOW_10B_THRESHOLD
COOK,"Traeger, Inc. Common Stock",134818432.0,BELOW_10B_THRESHOLD
COPR,Idaho Copper Corporation Common Stock,58777031.0,BELOW_10B_THRESHOLD
COOT,Australian Oilseeds Holdings Limited - Ordinary Shares,14285593.999999998,BELOW_10B_THRESHOLD
COSM,Cosmos Health Inc. - Common Stock,40917692.0,BELOW_10B_THRESHOLD
CORZ,"Core Scientific, Inc. - Common Stock",5816261982.0,BELOW_10B_THRESHOLD
COSO,"CoastalSouth Bancshares, Inc. Common Stock",314521474.0,BELOW_10B_THRESHOLD
COTY,Coty Inc. Class A Common Stock,2325012265.0,BELOW_10B_THRESHOLD
COUR,"Coursera, Inc. Common Stock",1353728000.0,BELOW_10B_THRESHOLD
COYA,"Coya Therapeutics, Inc. - Common Stock",118227559.0,BELOW_10B_THRESHOLD
CPA,"Copa Holdings, S.A. Class A Common Stock",5345132191.0,BELOW_10B_THRESHOLD
CPAC,Cementos Pacasmayo S.A.A. American Depositary Shares (Each representing five Common Shares),1043564124.0000001,BELOW_10B_THRESHOLD
CPB,The Campbell's Company - Common Stock,6065514983.0,BELOW_10B_THRESHOLD
CPBI,"Central Plains Bancshares, Inc. - Common Stock",84070555.0,BELOW_10B_THRESHOLD
CPF,Central Pacific Financial Corp New,935146730.0,BELOW_10B_THRESHOLD
CPHC,Canterbury Park Holding Corporation - Common Stock,81793957.0,BELOW_10B_THRESHOLD
CPHI,"China Pharma Holdings, Inc. Common Stock",30971538.999999996,BELOW_10B_THRESHOLD
CPIX,Cumberland Pharmaceuticals Inc. - Common Stock,118965870.0,BELOW_10B_THRESHOLD
CPK,Chesapeake Utilities Corporation Common Stock,3125160826.0,BELOW_10B_THRESHOLD
CPRI,Capri Holdings Limited Ordinary Shares,1753644466.0,BELOW_10B_THRESHOLD
CPOP,"Pop Culture Group Co., Ltd - Class A Ordinary Shares",5213873.0,BELOW_10B_THRESHOLD
CPS,Cooper-Standard Holdings Inc. Common Stock,408869476.0,BELOW_10B_THRESHOLD
CPSS,"Consumer Portfolio Services, Inc. - Common Stock",201321029.0,BELOW_10B_THRESHOLD
CPT,Camden Property Trust Common Stock,9820683708.0,BELOW_10B_THRESHOLD
CPSH,CPS Technologies Corp. - Common Stock,75031336.0,BELOW_10B_THRESHOLD
CRAC,Crown Reserve Acquisition Corp. I - Class A Ordinary Shares,,MARKET_CAP_MISSING
CRAI,"CRA International,Inc. - Common Stock",1016976857.0,BELOW_10B_THRESHOLD
CRAN,Crane Harbor Acquisition Corp. II - Class A Ordinary Shares,,MARKET_CAP_MISSING
CRAQ,Cal Redwood Acquisition Corp. - Class A Ordinary Shares,,MARKET_CAP_MISSING
CRBP,"Corbus Pharmaceuticals Holdings, Inc. - Common Stock",149701608.0,BELOW_10B_THRESHOLD
CRBU,"Caribou Biosciences, Inc. - Common Stock",138297692.0,BELOW_10B_THRESHOLD
CRC,California Resources Corporation Common Stock,4627516425.0,BELOW_10B_THRESHOLD
CRDF,"Cardiff Oncology, Inc. - Common Stock",101911776.00000001,BELOW_10B_THRESHOLD
CRDL,Cardiol Therapeutics Inc. - Class A Common Shares,213568988.00000003,BELOW_10B_THRESHOLD
CRCT,"Cricut, Inc. - Class A common stock",1233627610.0,BELOW_10B_THRESHOLD
CRD-A,Crawford & Company Common Stock,,MARKET_CAP_MISSING
CRE,Cre8 Enterprise Limited - Class A Ordinary Shares,5860696.0,BELOW_10B_THRESHOLD
CREX,"Creative Realities, Inc. - Common Stock",34357325.0,BELOW_10B_THRESHOLD
CRESY,"Cresud S.A.C.I.F. y A. - American Depositary Shares, each representing ten shares of Common Stock",901459241.0,BELOW_10B_THRESHOLD
CRGO,Freightos Limited - Ordinary shares,54156424.0,BELOW_10B_THRESHOLD
CRGY,Crescent Energy Company Class A Common Stock,4354720713.0,BELOW_10B_THRESHOLD
CRI,"Carter's, Inc. Common Stock",1092891977.0,BELOW_10B_THRESHOLD
CRIS,"Curis, Inc. - Common Stock",1989544.0,BELOW_10B_THRESHOLD
CRML,Critical Metals Corp. - Ordinary Shares,1133981173.0,BELOW_10B_THRESHOLD
CRMD,CorMedix Inc. - Common Stock,599391852.0,BELOW_10B_THRESHOLD
CRK,"Comstock Resources, Inc. Common Stock",3949196371.0,BELOW_10B_THRESHOLD
CRMT,"America's Car-Mart, Inc. - Common Stock",13925257.999999998,BELOW_10B_THRESHOLD
CRNC,Cerence Inc. - Common Stock,365008174.0,BELOW_10B_THRESHOLD
CRNT,Ceragon Networks Ltd. - Ordinary Shares,199904321.0,BELOW_10B_THRESHOLD
CRON,Cronos Group Inc. - Common Share,1252603738.0,BELOW_10B_THRESHOLD
CROX,"Crocs, Inc. - Common Stock",5974915247.0,BELOW_10B_THRESHOLD
CRSR,"Corsair Gaming, Inc. - Common Stock",1462552486.0,BELOW_10B_THRESHOLD
CRSP,CRISPR Therapeutics AG - Common Shares,5391582331.0,BELOW_10B_THRESHOLD
CRTO,Criteo S.A. - Ordinary Shares,810909601.0,BELOW_10B_THRESHOLD
CRT,Cross Timbers Royalty Trust Common Stock,70980000.0,BELOW_10B_THRESHOLD
CRUS,"Cirrus Logic, Inc. - Common Stock",6036660222.0,BELOW_10B_THRESHOLD
CRVL,CorVel Corp. - Common Stock,3702864653.9999995,BELOW_10B_THRESHOLD
CRVO,CervoMed Inc. - Common Stock,37948931.0,BELOW_10B_THRESHOLD
CRVS,"Corvus Pharmaceuticals, Inc. - Common Stock",1054876638.0,BELOW_10B_THRESHOLD
CSAI,"Cloudastructure, Inc. - Class A Common Stock",3010128.0,BELOW_10B_THRESHOLD
CRWS,"Crown Crafts, Inc. - Common Stock",27869143.0,BELOW_10B_THRESHOLD
CSBR,"Champions Oncology, Inc. - Common Stock",69871216.0,BELOW_10B_THRESHOLD
CSHR,CoinShares PLC - Ordinary Shares,772232025.0,BELOW_10B_THRESHOLD
CSQR,"Csquare, Inc. Common Stock",3087727724.0,BELOW_10B_THRESHOLD
CSIQ,Canadian Solar Inc. - Common Shares,769041650.0,BELOW_10B_THRESHOLD
CSPI,CSP Inc. - Common Stock,74798386.0,BELOW_10B_THRESHOLD
CSTE,Caesarstone Ltd. - Ordinary Shares,96470039.0,BELOW_10B_THRESHOLD
CSR,D/B/A Centerspace Common Stock,925021837.0000001,BELOW_10B_THRESHOLD
CSTL,"Castle Biosciences, Inc. - Common stock",1065566804.0,BELOW_10B_THRESHOLD
CSTM,Constellium SE Ordinary Shares (France),3382772090.9999995,BELOW_10B_THRESHOLD
CSV,"Carriage Services, Inc. Common Stock",503786429.0,BELOW_10B_THRESHOLD
CSW,"CSW Industrials, Inc. Common Stock",4854318582.0,BELOW_10B_THRESHOLD
CSWC,Capital Southwest Corporation - Common Stock,1438557807.0,BELOW_10B_THRESHOLD
CTEV,Claritev Corporation Class A Common Stock,424364473.99999994,BELOW_10B_THRESHOLD
CTGO,Contango Silver & Gold Inc. Common Stock,614639901.0,BELOW_10B_THRESHOLD
CTBI,"Community Trust Bancorp, Inc. - Common Stock",1351695778.0,BELOW_10B_THRESHOLD
CTKB,"Cytek Biosciences, Inc. - Common Stock",738304877.0,BELOW_10B_THRESHOLD
CTMX,"CytomX Therapeutics, Inc. - Common Stock",605760010.0,BELOW_10B_THRESHOLD
CTM,"Castellum, Inc. Common Stock",59958641.99999999,BELOW_10B_THRESHOLD
CTNM,"Contineum Therapeutics, Inc. - Common stock",470640361.0,BELOW_10B_THRESHOLD
CTNT,Cheetah Net Supply Chain Service Inc. - Class A Common Stock,121321.0,BELOW_10B_THRESHOLD
CTOR,"Citius Oncology, Inc.  - Common Stock",93911016.0,BELOW_10B_THRESHOLD
CTO,"CTO Realty Growth, Inc. Common Stock",759080444.0,BELOW_10B_THRESHOLD
CTOS,"Custom Truck One Source, Inc. Common Stock",2163577638.0,BELOW_10B_THRESHOLD
CTRM,Castor Maritime Inc. - Common Shares,20580814.0,BELOW_10B_THRESHOLD
CTRI,"Centuri Holdings, Inc. Common Stock",2036424779.0,BELOW_10B_THRESHOLD
CTRE,"CareTrust REIT, Inc. Common Stock",8783018207.0,BELOW_10B_THRESHOLD
CTRN,"Citi Trends, Inc. - Common Stock",421642440.0,BELOW_10B_THRESHOLD
CTW,CTW - Class A Ordinary Shares,132912000.00000001,BELOW_10B_THRESHOLD
CTS,CTS Corporation Common Stock,1691668992.0,BELOW_10B_THRESHOLD
CTSO,Cytosorbents Corporation - Common Stock,15471906.0,BELOW_10B_THRESHOLD
CUB,Lionheart Holdings - Class A Ordinary Shares,345959793.0,BELOW_10B_THRESHOLD
CTXR,"Citius Pharmaceuticals, Inc. - Common Stock",15609530.999999998,BELOW_10B_THRESHOLD
CUBE,CubeSmart Common Shares,8587688328.999999,BELOW_10B_THRESHOLD
CUE,"Cue Biopharma, Inc. - Common Stock",230354568.0,BELOW_10B_THRESHOLD
CUPR,Cuprina Holdings (Cayman) Limited - Class A Ordinary shares,13167065.0,BELOW_10B_THRESHOLD
CULP,"Culp, Inc. - Common Shares",45592460.0,BELOW_10B_THRESHOLD
CUBI,"Customers Bancorp, Inc Common Stock",2591893059.0,BELOW_10B_THRESHOLD
CURB,Curbline Properties Corp. Common Stock,3239470784.0,BELOW_10B_THRESHOLD
CURR,Currenc Group Inc. - Ordinary Shares,346951025.0,BELOW_10B_THRESHOLD
CURI,CuriosityStream Inc.  - Class A Common Stock,170893521.0,BELOW_10B_THRESHOLD
CURX,Curanex Pharmaceuticals Inc - Common Stock,7017878.0,BELOW_10B_THRESHOLD
CUZ,Cousins Properties Incorporated Common Stock,4650008139.0,BELOW_10B_THRESHOLD
CUVL,Clinuvel Pharmaceuticals Limited - American Depositary Shares,289851453.0,BELOW_10B_THRESHOLD
CVBF,CVB Financial Corporation - Common Stock,3873703544.0,BELOW_10B_THRESHOLD
CURV,Torrid Holdings Inc. Common Stock,237332255.0,BELOW_10B_THRESHOLD
CV,"CapsoVision, Inc. - Common Stock",321833332.0,BELOW_10B_THRESHOLD
CVCO,"Cavco Industries, Inc. - Common Stock",4166425580.0,BELOW_10B_THRESHOLD
CVGI,"Commercial Vehicle Group, Inc. - Common Stock",123117026.0,BELOW_10B_THRESHOLD
CVEO,Civeo Corporation (Canada) Common Shares,343183719.0,BELOW_10B_THRESHOLD
CVKD,"Cadrenal Therapeutics, Inc. - Common Stock",4709221.0,BELOW_10B_THRESHOLD
CVLG,"Covenant Logistics Group, Inc. Class A Common Stock",866651119.0,BELOW_10B_THRESHOLD
CVI,CVR Energy Inc. Common Stock,5207485028.0,BELOW_10B_THRESHOLD
CVM,Cel-Sci Corporation Common Stock,29549498.0,BELOW_10B_THRESHOLD
CVLT,"Commvault Systems, Inc. - Common Stock",6193061199.0,BELOW_10B_THRESHOLD
CVR,Chicago Rivet & Machine Co. Common Stock,9756967.0,BELOW_10B_THRESHOLD
CVRX,"CVRx, Inc. - Common Stock",72465144.0,BELOW_10B_THRESHOLD
CVSA,Covista Inc. Common Shares,4193242235.9999995,BELOW_10B_THRESHOLD
CVU,"CPI Aerostructures, Inc. Common Stock",67573643.0,BELOW_10B_THRESHOLD
CVV,CVD Equipment Corporation - Common Stock,30793829.0,BELOW_10B_THRESHOLD
CWBC,Community West Bancshares - Common Stock,689672003.0,BELOW_10B_THRESHOLD
CWCO,Consolidated Water Co. Ltd. - Ordinary Shares,449801378.0,BELOW_10B_THRESHOLD
CWD,CaliberCos Inc. - Class A Common Stock,7830028.0,BELOW_10B_THRESHOLD
CWK,Cushman & Wakefield Ltd. Common Shares,2894020020.0,BELOW_10B_THRESHOLD
CWEN,"Clearway Energy, Inc. Class C Common Stock",4937080945.0,BELOW_10B_THRESHOLD
CWST,"Casella Waste Systems, Inc. - Class A Common Stock",5396675901.0,BELOW_10B_THRESHOLD
CWH,"Camping World Holdings, Inc. Class A Common Stock",553660750.0,BELOW_10B_THRESHOLD
CWT,California Water Service Group Common Stock,2848927383.0,BELOW_10B_THRESHOLD
CXAI,CXApp Inc. - Class A Common Stock,5843515.0,BELOW_10B_THRESHOLD
CXDO,"Crexendo, Inc. - Common Stock",192871982.0,BELOW_10B_THRESHOLD
CXM,"Sprinklr, Inc. Class A Common Stock",1260690376.0,BELOW_10B_THRESHOLD
CXII,Churchill Capital Corp XII - Class A Ordinary Shares,,MARKET_CAP_MISSING
CXT,"Crane NXT, Co. Common Stock",2787118340.0,BELOW_10B_THRESHOLD
CXW,"CoreCivic, Inc. Common Stock",3192281825.0,BELOW_10B_THRESHOLD
CYAB,"Cyabra, Inc. - Common Stock",4489013.0,BELOW_10B_THRESHOLD
CYD,China Yuchai International Limited Common Stock,1298133941.0,BELOW_10B_THRESHOLD
CYCU,"Cycurion, Inc. - Common Stock",9722426.0,BELOW_10B_THRESHOLD
CYPH,Cypherpunk Technologies Inc. - Common Stock,389029419.0,BELOW_10B_THRESHOLD
CYN,Cyngn Inc. - Common stock,11815107.0,BELOW_10B_THRESHOLD
CYH,"Community Health Systems, Inc. Common Stock",424438165.0,BELOW_10B_THRESHOLD
CYTK,"Cytokinetics, Incorporated - Common Stock",9149131139.0,BELOW_10B_THRESHOLD
CYRX,"CryoPort, Inc. - Common Stock",885852759.0,BELOW_10B_THRESHOLD
CZFS,"Citizens Financial Services, Inc. - Common Stock",376515449.0,BELOW_10B_THRESHOLD
CZNC,Citizens & Northern Corp - Common Stock,452317346.0,BELOW_10B_THRESHOLD
CZWI,"Citizens Community Bancorp, Inc. - Common Stock",204874404.0,BELOW_10B_THRESHOLD
CZR,"Caesars Entertainment, Inc. - Common Stock",6032160215.0,BELOW_10B_THRESHOLD
DAAQ,Digital Asset Acquisition Corp. - Class A Ordinary shares,,MARKET_CAP_MISSING
DAIC,"CID HoldCo, Inc. - Common Stock",6535471.0,BELOW_10B_THRESHOLD
DAC,Danaos Corporation Common Stock,2810980610.0,BELOW_10B_THRESHOLD
DAIO,Data I/O Corporation - Common Stock,29731492.999999996,BELOW_10B_THRESHOLD
DAKT,"Daktronics, Inc. - Common Stock",848835273.0000001,BELOW_10B_THRESHOLD
DAO,"Youdao, Inc. American Depositary Shares, each representing one Class A Ordinary Share",1763678304.9999998,BELOW_10B_THRESHOLD
DAN,Dana Incorporated Common Stock ,3195027366.0,BELOW_10B_THRESHOLD
DARE,"Dare Bioscience, Inc. - Common Stock",15880818.0,BELOW_10B_THRESHOLD
DAR,Darling Ingredients Inc. Common Stock,9682786926.0,BELOW_10B_THRESHOLD
DAVE,Dave Inc.  - Class A Common Stock,4160718828.0000005,BELOW_10B_THRESHOLD
DBCA,D. Boral Acquisition I Corp. - Class A Ordinary Shares,,MARKET_CAP_MISSING
DAVA,Endava plc American Depositary Shares (each representing one Class A Ordinary Share),108655206.0,BELOW_10B_THRESHOLD
DBGI,"Digital Brands Group, Inc. - Common Stock",5330336.0,BELOW_10B_THRESHOLD
DBVT,DBV Technologies S.A. - American Depositary Shares,720257536.0,BELOW_10B_THRESHOLD
DBD,Diebold Nixdorf Incorporated Common stock,2139992908.0,BELOW_10B_THRESHOLD
DBI,Designer Brands Inc. Class A Common Stock,317987573.0,BELOW_10B_THRESHOLD
DBX,"Dropbox, Inc. - Class A Common Stock",7723771733.0,BELOW_10B_THRESHOLD
DBRG,"DigitalBridge Group, Inc.",2998049543.0,BELOW_10B_THRESHOLD
DC,Dakota Gold Corp. Common Stock,890908660.0,BELOW_10B_THRESHOLD
DCBO,Docebo Inc. - Common Shares,563566148.0,BELOW_10B_THRESHOLD
DCH,Dauch Corporation Common Stock,1349594139.0,BELOW_10B_THRESHOLD
DCGO,DocGo Inc. - Common Stock,35831855.0,BELOW_10B_THRESHOLD
DCOM,"Dime Commercial Bancshares, Inc. Common Stock",1764055970.0,BELOW_10B_THRESHOLD
DCO,Ducommun Incorporated Common Stock,2604862875.0,BELOW_10B_THRESHOLD
DCX,Digital Currency X Technology Inc. - Class A Ordinary Shares,27553465.0,BELOW_10B_THRESHOLD
DCTH,"Delcath Systems, Inc. - Common Stock",553792768.0,BELOW_10B_THRESHOLD
DDC,DDC Enterprise Limited Class A Ordinary Shares,12538530.0,BELOW_10B_THRESHOLD
DCOY,Decoy Therapeutics Inc. - Common Stock,2522462.0,BELOW_10B_THRESHOLD
DDL,Dingdong (Cayman) Limited American Depositary Shares (each two representing three Ordinary Shares),538599122.0,BELOW_10B_THRESHOLD
DDI,"DoubleDown Interactive Co., Ltd. - American Depository Shares",644194720.0,BELOW_10B_THRESHOLD
DDD,3D Systems Corporation Common Stock,583176065.0,BELOW_10B_THRESHOLD
DEC,Diversified Energy Company Common Stock,1066144882.0,BELOW_10B_THRESHOLD
DEA,"Easterly Government Properties, Inc. Common Stock",1074200706.0,BELOW_10B_THRESHOLD
DEFT,"Defi Technologies, Inc. - Common Stock",207241782.0,BELOW_10B_THRESHOLD
DEI,"Douglas Emmett, Inc. Common Stock",1656429291.0,BELOW_10B_THRESHOLD
DETX,"Liberty Defense Holdings, Ltd. - Common Shares",11648065.0,BELOW_10B_THRESHOLD
DERM,Journey Medical Corporation - Common Stock,183458568.0,BELOW_10B_THRESHOLD
DFDV,DeFi Development Corp. - Common Stock,188221958.0,BELOW_10B_THRESHOLD
DFH,"Dream Finders Homes, Inc. Class A Common Stock",1052923421.9999999,BELOW_10B_THRESHOLD
DFIN,"Donnelley Financial Solutions, Inc. Common Stock ",1195095468.0,BELOW_10B_THRESHOLD
DFLI,Dragonfly Energy Holdings Corp - Common Stock,13293688.0,BELOW_10B_THRESHOLD
DFTX,"Definium Therapeutics, Inc.  - Common Shares",5058915668.0,BELOW_10B_THRESHOLD
DFSC,"DEFSEC Technologies Inc. - common stock, no R/S concurrent with offering",7685812.0,BELOW_10B_THRESHOLD
DGII,Digi International Inc. - Common Stock,2857493662.0,BELOW_10B_THRESHOLD
DGICA,"Donegal Group, Inc. - Class A Common Stock",672972583.0,BELOW_10B_THRESHOLD
DGNX,Diginex Limited - Ordinary Shares,73691291.0,BELOW_10B_THRESHOLD
DFNS,T3 Defense Inc. - Common Stock,22353130.0,BELOW_10B_THRESHOLD
DH,Definitive Healthcare Corp. - Class A Common Stock,146419746.0,BELOW_10B_THRESHOLD
DGXX,Digi Power X Inc. - Common Subordinate Voting Shares,427879958.0,BELOW_10B_THRESHOLD
DHC,Diversified Healthcare Trust  - Common Shares of Beneficial Interest,1968508672.0,BELOW_10B_THRESHOLD
DHT,"DHT Holdings, Inc.",3426966035.0,BELOW_10B_THRESHOLD
DIBS,"1stdibs.com, Inc. - Common Stock",135133478.0,BELOW_10B_THRESHOLD
DIN,"Dine Brands Global, Inc. Common Stock",363064422.0,BELOW_10B_THRESHOLD
DHX,"DHI Group, Inc. Common Stock",199751274.0,BELOW_10B_THRESHOLD
DIOD,Diodes Incorporated - Common Stock,4398398345.0,BELOW_10B_THRESHOLD
DIT,AMCON Distributing Company Common Stock,65940452.00000001,BELOW_10B_THRESHOLD
DJCO,Daily Journal Corp. (S.C.) - Common Stock,908621549.0000001,BELOW_10B_THRESHOLD
DKI,DarkIris Inc. - Class A Ordinary Shares,5359834.0,BELOW_10B_THRESHOLD
DJT,Trump Media & Technology Group Corp. - Common Stock,2518147942.0,BELOW_10B_THRESHOLD
DK,"Delek US Holdings, Inc. Common Stock",4424636893.0,BELOW_10B_THRESHOLD
DLHC,DLH Holdings Corp. - Common Stock,55798185.0,BELOW_10B_THRESHOLD
DLB,Dolby Laboratories Common Stock,5435600174.0,BELOW_10B_THRESHOLD
DLO,DLocal Limited - Class A Common Shares,4146743301.0,BELOW_10B_THRESHOLD
DLPN,"Dolphin Entertainment, Inc. - Common Stock",14328105.999999998,BELOW_10B_THRESHOLD
DLTH,Duluth Holdings Inc. - Class B Common Stock,154490329.0,BELOW_10B_THRESHOLD
DMAC,DiaMedica Therapeutics Inc. - Common Stock,407678269.0,BELOW_10B_THRESHOLD
DLXY,Delixy Holdings Limited - Class A Ordinary Shares,8224049.999999999,BELOW_10B_THRESHOLD
DMAA,Drugs Made In America Acquisition Corp. - Ordinary Shares,263404506.05,BELOW_10B_THRESHOLD
DLX,Deluxe Corporation Common Stock,1095048205.0,BELOW_10B_THRESHOLD
DMC,Del Monte Corporation Ordinary Shares,1446445968.0,BELOW_10B_THRESHOLD
DMRA,"Damora Therapeutics, Inc. - Ordinary Shares",1261874008.0,BELOW_10B_THRESHOLD
DMRC,Digimarc Corporation - Common Stock,110803372.00000001,BELOW_10B_THRESHOLD
DMII,Drugs Made In America Acquisition II Corp. - Ordinary Shares,646555000.0,BELOW_10B_THRESHOLD
DNMX,Dynamix Corporation III - Class A Ordinary Shares,,MARKET_CAP_MISSING
DNLI,Denali Therapeutics Inc. - Common Stock,3270477865.0,BELOW_10B_THRESHOLD
DNA,"Ginkgo Bioworks Holdings, Inc. Class A Common Stock",552039577.0,BELOW_10B_THRESHOLD
DNN,Denison Mines Corp Ordinary Shares (Canada),2552709478.0,BELOW_10B_THRESHOLD
DNOW,DNOW Inc. Common Stock,2840146348.0,BELOW_10B_THRESHOLD
DNTH,"Dianthus Therapeutics, Inc. - Common Stock",5226508280.0,BELOW_10B_THRESHOLD
DNUT,"Krispy Kreme, Inc. - Common Stock",523970000.0,BELOW_10B_THRESHOLD
DOCS,"Doximity, Inc. Class A Common Stock",4735995689.0,BELOW_10B_THRESHOLD
DOGZ,Dogness (International) Corporation - Class A Common Stock,15858592.0,BELOW_10B_THRESHOLD
DOLE,Dole plc Ordinary Shares,1220407786.0,BELOW_10B_THRESHOLD
DOMH,Dominari Holdings Inc. - Common Stock,59396932.99999999,BELOW_10B_THRESHOLD
DOO,BRP Inc. - Common Subordinate Voting Shares,4044183166.0,BELOW_10B_THRESHOLD
DORM,"Dorman Products, Inc. - Common Stock",3602916780.9999995,BELOW_10B_THRESHOLD
DOUG,Douglas Elliman Inc. Common Stock,139971328.0,BELOW_10B_THRESHOLD
DPC,DPC Holdings PLC Ordinary Shares,6264049161.0,BELOW_10B_THRESHOLD
DOYU,DouYu International Holdings Limited - American Depositary Shares,140935272.0,BELOW_10B_THRESHOLD
DOX,Amdocs Limited - Ordinary Shares,6299935096.0,BELOW_10B_THRESHOLD
DPU,Top KingWin Ltd - Class A Ordinary Shares,4719228.0,BELOW_10B_THRESHOLD
DPRO,Draganfly Inc. - Common Shares,198320000.0,BELOW_10B_THRESHOLD
DQ,"DAQO New Energy Corp. American Depositary Shares, each representing five ordinary shares",805903692.0,BELOW_10B_THRESHOLD
DPZ,Domino's Pizza Inc - Common Stock,9806418706.0,BELOW_10B_THRESHOLD
DRCT,"Direct Digital Holdings, Inc. - Class A Common Stock",1292390.0,BELOW_10B_THRESHOLD
DRDB,Roman DBDR Acquisition Corp. II - Ordinary shares,,MARKET_CAP_MISSING
DRH,Diamondrock Hospitality Company - Common Stock,2504373535.0,BELOW_10B_THRESHOLD
DRD,DRDGOLD Limited American Depositary Shares,2203836622.0,BELOW_10B_THRESHOLD
DRIO,DarioHealth Corp. - Common Stock,66048502.0,BELOW_10B_THRESHOLD
DRK,DarkHorse Technologies Inc. - Common Shares,29454995.0,BELOW_10B_THRESHOLD
DRTS,Alpha Tau Medical Ltd. - Ordinary Shares,1342782796.0,BELOW_10B_THRESHOLD
DRMA,"Dermata Therapeutics, Inc. - Common Stock",4504800.0,BELOW_10B_THRESHOLD
DRS,"Leonardo DRS, Inc. - Common Stock",9984411576.0,BELOW_10B_THRESHOLD
DSAC,Daedalus Special Acquisition Corp. - Class A Ordinary Shares,,MARKET_CAP_MISSING
DRVN,Driven Brands Holdings Inc. - Common Stock,2035026029.9999998,BELOW_10B_THRESHOLD
DRUG,Bright Minds Biosciences Inc. - common stock,571326413.0,BELOW_10B_THRESHOLD
DSC,DSC Holdings Ltd. - American Depositary Shares,335485696.0,BELOW_10B_THRESHOLD
DSGN,"Design Therapeutics, Inc. - Common Stock",773509206.0,BELOW_10B_THRESHOLD
DSGR,"Distribution Solutions Group, Inc. - Common Stock",1616626999.0,BELOW_10B_THRESHOLD
DSGX,The Descartes Systems Group Inc. - Common Stock,6864415893.0,BELOW_10B_THRESHOLD
DSP,Viant Technology Inc. - common stock,817270461.0,BELOW_10B_THRESHOLD
DSWL,"Deswell Industries, Inc. - Common Shares",49879650.0,BELOW_10B_THRESHOLD
DSS,"DSS, Inc. Common Stock",6977542.000000001,BELOW_10B_THRESHOLD
DSX,Diana Shipping inc. common stock,358311459.0,BELOW_10B_THRESHOLD
DSY,Big Tree Cloud Holdings Limited - Class A Ordinary Shares,17391852.0,BELOW_10B_THRESHOLD
DTCX,"Datacentrex, Inc. - Common Stock",81090125.0,BELOW_10B_THRESHOLD
DTIL,"Precision BioSciences, Inc. - Common Stock",175545883.0,BELOW_10B_THRESHOLD
DTI,Drilling Tools International Corporation  - Common Stock,86088627.0,BELOW_10B_THRESHOLD
DTST,Data Storage Corporation - Common Stock,6545666.0,BELOW_10B_THRESHOLD
DUKR,DUKE Robotics Corp. - Common Stock,18260463.0,BELOW_10B_THRESHOLD
DTSS,Datasea Intelligent Technology Ltd. - Class A Ordinary Shares,13031437.000000002,BELOW_10B_THRESHOLD
DUO,Fangdd Network Group Ltd. - Class A Ordinary Shares,22720435.0,BELOW_10B_THRESHOLD
DUOL,"Duolingo, Inc. - Class A Common Stock",6829859549.0,BELOW_10B_THRESHOLD
DUOT,"Duos Technologies Group, Inc. - Common Stock",282623041.0,BELOW_10B_THRESHOLD
DV,"DoubleVerify Holdings, Inc. Common Stock",2076823750.0000002,BELOW_10B_THRESHOLD
DVLT,Datavault AI Inc. - Common Stock,146543124.0,BELOW_10B_THRESHOLD
DWSN,Dawson Geophysical Company - Common Stock,92235185.0,BELOW_10B_THRESHOLD
DWTX,"Dogwood Therapeutics, Inc.  - Common Stock",51328755.0,BELOW_10B_THRESHOLD
DX,"Dynex Capital, Inc. Common Stock",2910997936.0,BELOW_10B_THRESHOLD
DXC,DXC Technology Company Common Stock ,1738392135.9999998,BELOW_10B_THRESHOLD
DXF,"Eason Technology Limited American Depositary Shares (each representing sixty-thousand (60,000) Ordinary Shares)",1585618.0,BELOW_10B_THRESHOLD
DXLG,"Destination XL Group, Inc. - Common Stock",32468054.0,BELOW_10B_THRESHOLD
DXST,Decent Holding Inc. - Class A Ordinary Shares,4555971.0,BELOW_10B_THRESHOLD
DXPE,"DXP Enterprises, Inc. - Common Stock",2965016640.0,BELOW_10B_THRESHOLD
DXYZ,Destiny Tech100 Inc. Common Stock,,MARKET_CAP_MISSING
DY,"Dycom Industries, Inc. Common Stock",8473419260.0,BELOW_10B_THRESHOLD
DYAI,"Dyadic International, Inc. - Common Stock",16622430.0,BELOW_10B_THRESHOLD
DYN,"Dyne Therapeutics, Inc. - Common Stock",3030894575.0,BELOW_10B_THRESHOLD
DYNC,Dynamix Corporation - Class A Ordinary Share,,MARKET_CAP_MISSING
DYOR,Insight Digital Partners II - Class A Ordinary Shares,,MARKET_CAP_MISSING
EAF,GrafTech International Ltd. Common Stock,296406983.0,BELOW_10B_THRESHOLD
EBC,"Eastern Bankshares, Inc. - Common Stock",4830734209.0,BELOW_10B_THRESHOLD
EAT,"Brinker International, Inc. Common Stock",8804064108.0,BELOW_10B_THRESHOLD
EBF,"Ennis, Inc. Common Stock",559344794.0,BELOW_10B_THRESHOLD
EBMT,"Eagle Bancorp Montana, Inc. - Common Stock",168867137.0,BELOW_10B_THRESHOLD
EBON,Ebang International Holdings Inc. - Class A Ordinary Shares,13153314.999999998,BELOW_10B_THRESHOLD
ECBK,"ECB Bancorp, Inc. - Common Stock",175190925.0,BELOW_10B_THRESHOLD
EBS,Emergent BioSolutions Inc. Common Stock,341993151.0,BELOW_10B_THRESHOLD
ECOR,"electroCore, Inc. - Common Stock",102961407.0,BELOW_10B_THRESHOLD
ECO,Okeanis Eco Tankers Corp. Common Stock,3046654430.0,BELOW_10B_THRESHOLD
ECPG,Encore Capital Group Inc - Common Stock,2003648806.0,BELOW_10B_THRESHOLD
ECVT,Ecovyst Inc. Common Stock,1130808551.0,BELOW_10B_THRESHOLD
ECX,ECARX Holdings Inc. - Class A Ordinary shares,403923583.0,BELOW_10B_THRESHOLD
ECG,"Everus Construction Group, Inc. Common Stock",5871319863.0,BELOW_10B_THRESHOLD
EDBL,Edible Garden AG Incorporated - Common Stock,2341811.0,BELOW_10B_THRESHOLD
EDHL,Everbright Digital Holding Limited - Ordinary Shares,30571081.0,BELOW_10B_THRESHOLD
EDIT,"Editas Medicine, Inc. - Common Stock",413130294.00000006,BELOW_10B_THRESHOLD
EDN,Empresa Distribuidora Y Comercializadora Norte S.A. (Edenor) American Depositary Shares,1026561899.9999999,BELOW_10B_THRESHOLD
EDRY,EuroDry Ltd. - Common Shares,147170782.0,BELOW_10B_THRESHOLD
EDSA,"Edesa Biotech, Inc. - Common Shares",53609779.99999999,BELOW_10B_THRESHOLD
EDTK,Skillful Craftsman Education Technology Limited - Ordinary Share,17009424.0,BELOW_10B_THRESHOLD
EDUC,Educational Development Corporation - Common Stock,11082453.0,BELOW_10B_THRESHOLD
EDU,"New Oriental Education & Technology Group, Inc. Sponsored ADR representing 10 Ordinary Share (Cayman Islands)",8694058846.0,BELOW_10B_THRESHOLD
EE,"Excelerate Energy, Inc. Class A Common Stock",3852269506.9999995,BELOW_10B_THRESHOLD
EEFT,"Euronet Worldwide, Inc. - Common Stock",2417768381.0,BELOW_10B_THRESHOLD
EDVA,"Endovia Health Sciences, Inc. Common Stock",1315208.0,BELOW_10B_THRESHOLD
EEIQ,EpicQuest Education Group International Limited - Common Stock,6504161.0,BELOW_10B_THRESHOLD
EFOI,"Energy Focus, Inc. - Common Stock",16878438.0,BELOW_10B_THRESHOLD
EFC,Ellington Financial Inc. Common Stock ,1599492460.0,BELOW_10B_THRESHOLD
EFOR,"Everforth, Inc. Common Stock",1359150000.0,BELOW_10B_THRESHOLD
EFSI,Eagle Financial Services Inc - Common Stock,245470855.99999997,BELOW_10B_THRESHOLD
EFSC,Enterprise Financial Services Corporation - Common Stock,2165941359.0,BELOW_10B_THRESHOLD
EFXT,Enerflex Ltd Common Shares,2821797626.0,BELOW_10B_THRESHOLD
EGAN,eGain Corporation - Common Stock,155196799.0,BELOW_10B_THRESHOLD
EGBN,"Eagle Bancorp, Inc. - Common Stock",855380282.0,BELOW_10B_THRESHOLD
EGHT,8x8 Inc - Common stock,330757297.0,BELOW_10B_THRESHOLD
EGG,Enigmatig Limited Class A Ordinary Shares,75460492.0,BELOW_10B_THRESHOLD
EH,EHang Holdings Limited - ADS,347371758.0,BELOW_10B_THRESHOLD
EGY,"VAALCO Energy, Inc.  Common Stock",614319984.0,BELOW_10B_THRESHOLD
EHGO,Eshallgo Inc. - Class A Ordinary Shares,4967971.0,BELOW_10B_THRESHOLD
EHTH,"eHealth, Inc. - Common Stock",27035559.999999996,BELOW_10B_THRESHOLD
EHLD,Euroholdings Ltd. - Common Stock,33588134.0,BELOW_10B_THRESHOLD
EIKN,"Eikon Therapeutics, Inc. - Common Stock",440361694.0,BELOW_10B_THRESHOLD
EIG,Employers Holdings Inc Common Stock,858332582.0000001,BELOW_10B_THRESHOLD
EJH,E-Home Household Service Holdings Limited - Ordinary shares,3994752.0,BELOW_10B_THRESHOLD
ELA,Envela Corporation Common Stock,323504911.0,BELOW_10B_THRESHOLD
ELAB,PMGC Holdings Inc. - Common Stock,3667393.0,BELOW_10B_THRESHOLD
ELBM,Electra Battery Materials Corporation - Common Stock,58056555.0,BELOW_10B_THRESHOLD
ELE,Elemental Royalty Corporation - Common Stock,1645003701.0,BELOW_10B_THRESHOLD
ELDN,"Eledon Pharmaceuticals, Inc. - Common Stock",221030333.0,BELOW_10B_THRESHOLD
ELF,"e.l.f. Beauty, Inc. Common Stock",5946825837.0,BELOW_10B_THRESHOLD
ELMD,"Electromed, Inc. Common Stock",230655113.99999997,BELOW_10B_THRESHOLD
ELMT,The Elmet Group Co. - Common Stock,626856469.0,BELOW_10B_THRESHOLD
ELOG,Eastern International Ltd. - Ordinary Shares,6300512.0,BELOW_10B_THRESHOLD
ELME,Elme Communities Common Stock,151946980.0,BELOW_10B_THRESHOLD
ELOX,"Eloxx Pharmaceuticals, Inc. - Common Stock",62302745.00000001,BELOW_10B_THRESHOLD
ELPC,Companhia Paranaense de Energia (COPEL) American Depositary Shares (each representing four (4) Common Shares),9134857438.0,BELOW_10B_THRESHOLD
ELPW,Elong Power Holding Limited - Class A Ordinary Shares,2488678.0,BELOW_10B_THRESHOLD
ELUT,"Elutia, Inc. - Class A Common Stock",38456338.0,BELOW_10B_THRESHOLD
ELTK,Eltek Ltd. - Ordinary Shares,54952729.0,BELOW_10B_THRESHOLD
ELTX,"Elicio Therapeutics, Inc. - Common Stock",49147119.0,BELOW_10B_THRESHOLD
ELVN,"Enliven Therapeutics, Inc.  - Common Stock",3377049374.0,BELOW_10B_THRESHOLD
ELVR,Elevra Lithium Limited - American Depository Shares,743564020.0,BELOW_10B_THRESHOLD
ELVA,Electrovaya Inc. - Common Shares,322492886.0,BELOW_10B_THRESHOLD
ELWT,"Elauwit Connection, Inc. - Common Stock",47166047.0,BELOW_10B_THRESHOLD
EMAT,Evolution Metals & Technologies Corp. - Common Stock,2084260556.0,BELOW_10B_THRESHOLD
EMBC,Embecta Corp. - Common Stock,316160562.0,BELOW_10B_THRESHOLD
EMIS,Emmis Acquisition Corp. - Class A Ordinary Share,,MARKET_CAP_MISSING
EML,Eastern Company (The) - Common Stock,153929134.0,BELOW_10B_THRESHOLD
EMPD,Empery Digital Inc. - Common stock,83908681.0,BELOW_10B_THRESHOLD
EMN,Eastman Chemical Company Common Stock,7640411723.0,BELOW_10B_THRESHOLD
ENGN,enGene Therapeutics Inc. - Common Stock,134032632.0,BELOW_10B_THRESHOLD
ENHA,Enhanced Group Inc. Class A Common Stock,553526487.0,BELOW_10B_THRESHOLD
ENGS,Energys Group Limited - Ordinary Shares,154944893.0,BELOW_10B_THRESHOLD
ENIC,Enel Chile S.A. American Depositary Shares (Each representing 50 shares of Common Stock),6003657165.0,BELOW_10B_THRESHOLD
ENLV,Enlivex Ltd. - Ordinary Shares,11190696.0,BELOW_10B_THRESHOLD
ENPH,"Enphase Energy, Inc. - Common Stock",4370023509.0,BELOW_10B_THRESHOLD
ENOV,Enovis Corporation Common Stock,1051891571.0,BELOW_10B_THRESHOLD
ENS,EnerSys Common Stock,6473347056.0,BELOW_10B_THRESHOLD
ENR,"Energizer Holdings, Inc. Common Stock",1506640014.0,BELOW_10B_THRESHOLD
ENRD,Einride AB - American Depositary Shares,569154519.0,BELOW_10B_THRESHOLD
ENSC,"Ensysce Biosciences, Inc. - Common Stock",8064841.0,BELOW_10B_THRESHOLD
ENTA,"Enanta Pharmaceuticals, Inc. - Common Stock",348048554.0,BELOW_10B_THRESHOLD
ENTX,Entera Bio Ltd. - Ordinary Shares,488474302.0,BELOW_10B_THRESHOLD
ENVB,"Enveric Biosciences, Inc.  - Common Stock",7004758.0,BELOW_10B_THRESHOLD
ENVA,"Enova International, Inc. Common Stock",4192138725.0,BELOW_10B_THRESHOLD
ENVX,Enovix Corporation - Common Stock,645178693.0,BELOW_10B_THRESHOLD
EOCN,Eocene Ltd. - Ordinary Shares,3770465.0,BELOW_10B_THRESHOLD
EONR,EON Resources Inc. Class A Common Stock,25563805.0,BELOW_10B_THRESHOLD
EOLS,"Evolus, Inc. - Common Stock",528403520.0,BELOW_10B_THRESHOLD
EOSE,"Eos Energy Enterprises, Inc. - Common Stock",1303720524.0,BELOW_10B_THRESHOLD
EP,Empire Petroleum Corporation Common Stock,90277080.0,BELOW_10B_THRESHOLD
EPAM,"EPAM Systems, Inc. Common Stock",5677663129.0,BELOW_10B_THRESHOLD
EPAC,Enerpac Tool Group Corp. Common Stock,1841466631.9999998,BELOW_10B_THRESHOLD
EPC,Edgewell Personal Care Company Common Stock,1248087818.0,BELOW_10B_THRESHOLD
EPOW,E-Power Inc. - Class A Ordinary Shares,14693950.0,BELOW_10B_THRESHOLD
EPRX,Eupraxia Pharmaceuticals Inc. - Common Stock,536479984.0,BELOW_10B_THRESHOLD
EPSM,Epsium Enterprise Limited - Class A Ordinary Shares,19216389.0,BELOW_10B_THRESHOLD
EPRT,"Essential Properties Realty Trust, Inc. Common Stock",5811255617.0,BELOW_10B_THRESHOLD
EPM,"Evolution Petroleum Corporation, Inc. Common Stock",144620014.0,BELOW_10B_THRESHOLD
EPR,EPR Properties Common Stock,4360579840.0,BELOW_10B_THRESHOLD
EPSN,Epsilon Energy Ltd. - Common Shares,177765783.0,BELOW_10B_THRESHOLD
EQ,"Equillium, Inc. - Common Stock",110964144.00000001,BELOW_10B_THRESHOLD
EQBK,"Equity Bancshares, Inc. Class A Common Stock",984321022.0,BELOW_10B_THRESHOLD
EQPT,EquipmentShare.com Inc - Class A Common Stock,4581037411.0,BELOW_10B_THRESHOLD
EQS,"Equus Total Return, Inc. Common Stock",13685965.0,BELOW_10B_THRESHOLD
ERAS,"Erasca, Inc. - Common Stock",4877431578.0,BELOW_10B_THRESHOLD
ERNA,Ernexa Therapeutics Inc. - Common Stock,5958300.0,BELOW_10B_THRESHOLD
ERII,"Energy Recovery, Inc. - Common Stock",347105150.0,BELOW_10B_THRESHOLD
ERO,Ero Copper Corp. Common Shares,3804060273.0000005,BELOW_10B_THRESHOLD
EROC,"ERock, Inc. Class A Common Stock",2746889002.0,BELOW_10B_THRESHOLD
EROK,"EagleRock Land, LLC Class A shares representing limited liability company interests",2905267301.0,BELOW_10B_THRESHOLD
ESAB,ESAB Corporation Common Stock,4185758647.0,BELOW_10B_THRESHOLD
ESCA,"Escalade, Incorporated - Common Stock",262656692.0,BELOW_10B_THRESHOLD
ESE,ESCO Technologies Inc. Common Stock,6896335259.999999,BELOW_10B_THRESHOLD
ESEA,Euroseas Ltd. - Common Stock,504989403.0,BELOW_10B_THRESHOLD
ESI,Element Solutions Inc. Common Stock,8643716720.0,BELOW_10B_THRESHOLD
ESLA,"Estrella Immunopharma, Inc. - Common Stock",20530992.0,BELOW_10B_THRESHOLD
ESNT,Essent Group Ltd. Common Shares,5882416467.0,BELOW_10B_THRESHOLD
ESOA,Energy Services of America Corporation - Common Stock,201519155.0,BELOW_10B_THRESHOLD
ESQ,"Esquire Financial Holdings, Inc. - Common Stock",1469012193.0,BELOW_10B_THRESHOLD
ESRT,"Empire State Realty Trust, Inc. Class A Common Stock",711044106.0,BELOW_10B_THRESHOLD
ESP,Espey Mfg. & Electronics Corp. Common Stock,188263738.0,BELOW_10B_THRESHOLD
ESTC,Elastic N.V. Ordinary Shares,9583604038.0,BELOW_10B_THRESHOLD
ESYN,EnerSyn Global Inc. - Common Stock,68370720.0,BELOW_10B_THRESHOLD
ESTA,Establishment Labs Holdings Inc. - Common Shares,2019376133.9999998,BELOW_10B_THRESHOLD
ETD,Ethan Allen Interiors Inc. Common Stock,529756613.0,BELOW_10B_THRESHOLD
ETON,"Eton Pharmaceuticals, Inc. - Common Stock",1589508137.0,BELOW_10B_THRESHOLD
ETOR,eToro Group Ltd. - Class A Common Shares,2189249331.0,BELOW_10B_THRESHOLD
ETS,Elite Express Holding Inc. - Class A Common Stock,77459508.0,BELOW_10B_THRESHOLD
ETSS,Energy Transition Special Opportunities Class A Ordinary Shares,,MARKET_CAP_MISSING
ETSY,"Etsy, Inc. Common Stock",6764314828.000001,BELOW_10B_THRESHOLD
EURK,Eureka Acquisition Corp - Class A Ordinary Share,,MARKET_CAP_MISSING
EUDA,Euda Health Holdings Limited - Ordinary Shares,51891652.0,BELOW_10B_THRESHOLD
EU,enCore Energy Corp. - Common Stock,237022785.0,BELOW_10B_THRESHOLD
EVAC,EQV Ventures Acquisition Corp. II Class A Ordinary Shares,,MARKET_CAP_MISSING
EVC,Entravision Communications Corporation Common Stock,727231843.0,BELOW_10B_THRESHOLD
EVCM,EverCommerce Inc. - Common Stock,1469854847.0,BELOW_10B_THRESHOLD
EVAX,Evaxion A/S - American Depositary Share,29591366.000000004,BELOW_10B_THRESHOLD
EVGN,Evogene Ltd. - Ordinary Shares,7146975.999999999,BELOW_10B_THRESHOLD
EVER,"EverQuote, Inc. - Class A Common Stock",621276810.0,BELOW_10B_THRESHOLD
EVGO,EVgo Inc. - Common Stock,427741379.0,BELOW_10B_THRESHOLD
EVMN,"Evommune, Inc. Common Stock",318281831.0,BELOW_10B_THRESHOLD
EVH,"Evolent Health, Inc Class A Common Stock",409274793.0,BELOW_10B_THRESHOLD
EVI,"EVI Industries, Inc.  Common Stock",254093436.0,BELOW_10B_THRESHOLD
EVEX,"Eve Holding, Inc. Common Stock",724851573.0,BELOW_10B_THRESHOLD
EVLV,"Evolv Technologies Holdings, Inc. - Class A Common Stock",883895592.0,BELOW_10B_THRESHOLD
EVR,Evercore Inc. Class A Common Stock,9994791924.0,BELOW_10B_THRESHOLD
EVO,Evotec SE - American Depositary Shares each representing 1/2 of one ordinary share,547863569.0,BELOW_10B_THRESHOLD
EVTC,"Evertec, Inc. Common Stock",1647377583.0,BELOW_10B_THRESHOLD
EVTL,Vertical Aerospace Ltd. Ordinary Shares,117201384.99999999,BELOW_10B_THRESHOLD
EWTX,"Edgewise Therapeutics, Inc. - Common Stock",4458199495.0,BELOW_10B_THRESHOLD
EXFY,"Expensify, Inc. - Class A Common Stock",214288660.00000003,BELOW_10B_THRESHOLD
EXK,Endeavour Silver Corporation Ordinary Shares (Canada),2741597107.0,BELOW_10B_THRESHOLD
EXLS,"ExlService Holdings, Inc. - Common Stock",5280663340.0,BELOW_10B_THRESHOLD
EXOD,"Exodus Movement, Inc. Class A Common Stock",235887445.0,BELOW_10B_THRESHOLD
EXOZ,eXoZymes Inc. - Common Stock,59215070.0,BELOW_10B_THRESHOLD
EXP,Eagle Materials Inc Common Stock,5470637461.0,BELOW_10B_THRESHOLD
EXPO,"Exponent, Inc. - Common Stock",3109989354.0,BELOW_10B_THRESHOLD
EXYN,"Exyn Technologies, Inc. - Common Stock",19964432.0,BELOW_10B_THRESHOLD
EXTR,"Extreme Networks, Inc. - Common Stock",2911720411.0,BELOW_10B_THRESHOLD
EYE,"National Vision Holdings, Inc. - Common Stock",1293573961.0,BELOW_10B_THRESHOLD
EYPT,"EyePoint, Inc. - Common Stock",320709153.0,BELOW_10B_THRESHOLD
EZGO,EZGO Technologies Ltd. - Ordinary Shares,4484015.0,BELOW_10B_THRESHOLD
EZPW,"EZCORP, Inc. - Class A Non-Voting Common Stock",1854975552.0000002,BELOW_10B_THRESHOLD
FA,First Advantage Corporation - Common Stock,3435073820.0,BELOW_10B_THRESHOLD
EZRA,"Reliance Global Group, Inc. - Common Stock",4519028.0,BELOW_10B_THRESHOLD
FABC,"Fabric.AI, Inc. - Common Stock",16038274.0,BELOW_10B_THRESHOLD
FAC,Factorial Energy Inc. - Class A Common Stock,689229698.0,BELOW_10B_THRESHOLD
FACT,FACT II Acquisition Corp. - Class A Ordinary Shares,,MARKET_CAP_MISSING
FAF,First American Corporation (New) Common Stock,6951989000.0,BELOW_10B_THRESHOLD
FAMI,"Farmmi, Inc. - Class A Ordinary Shares",4236111.0,BELOW_10B_THRESHOLD
FBDT,First Breach Inc. - Common Stock,51012913.00000001,BELOW_10B_THRESHOLD
FATN,"FatPipe, Inc. - common stock",74174457.0,BELOW_10B_THRESHOLD
FATE,"Fate Therapeutics, Inc. - Common Stock",291163849.0,BELOW_10B_THRESHOLD
FBGL,FBS Global Limited - Ordinary Shares,5416182.0,BELOW_10B_THRESHOLD
FBIN,"Fortune Brands Innovations, Inc. Common Stock",4659068747.0,BELOW_10B_THRESHOLD
FBIO,"Fortress Biotech, Inc. - Common Stock",78041324.0,BELOW_10B_THRESHOLD
FBLA,"FB Bancorp, Inc. - Common Stock",257084629.0,BELOW_10B_THRESHOLD
FBIZ,"First Business Financial Services, Inc. - Common Stock",580091942.0,BELOW_10B_THRESHOLD
FBLG,"FibroBiologics, Inc. - Common Stock",8855397.0,BELOW_10B_THRESHOLD
FBK,FB Financial Corporation Common Stock,2630849184.0,BELOW_10B_THRESHOLD
FBNC,First Bancorp - Common Stock,2574304031.0,BELOW_10B_THRESHOLD
FBP,First BanCorp. New Common Stock,4074716072.9999995,BELOW_10B_THRESHOLD
FBRT,"Franklin BSP Realty Trust, Inc. Common Stock",619518803.0,BELOW_10B_THRESHOLD
FBYD,"Falcon's Beyond Global, Inc. - Class A Common Stock",810011777.0000001,BELOW_10B_THRESHOLD
FC,Franklin Covey Company Common Stock,194254616.0,BELOW_10B_THRESHOLD
FCAP,"First Capital, Inc. - Common Stock",206831610.0,BELOW_10B_THRESHOLD
FCBM,"First Carolina Financial Services, Inc. Common Stock",395506486.0,BELOW_10B_THRESHOLD
FCBC,"First Community Bankshares, Inc. - Common Stock",884246984.0,BELOW_10B_THRESHOLD
FCCO,First Community Corporation - Common Stock,303141325.0,BELOW_10B_THRESHOLD
FCEL,"FuelCell Energy, Inc. - Common Stock",1373613087.0,BELOW_10B_THRESHOLD
FCF,First Commonwealth Financial Corporation Common Stock,2083773174.0,BELOW_10B_THRESHOLD
FCHL,Fitness Champs Holdings Limited - Ordinary Shares,1345117.0,BELOW_10B_THRESHOLD
FCFS,"FirstCash Holdings, Inc. - Common Stock",9388693546.0,BELOW_10B_THRESHOLD
FCN,"FTI Consulting, Inc. Common Stock",3685869146.9999995,BELOW_10B_THRESHOLD
FCPT,"Four Corners Property Trust, Inc. Common Stock",2440982469.0,BELOW_10B_THRESHOLD
FCRS,FutureCrest Acquisition Corp. Class A Ordinary Shares,,MARKET_CAP_MISSING
FCUV,Focus Universal Inc. - Common Stock,4733298.0,BELOW_10B_THRESHOLD
FDMM,Freedom Metals Acquisition Corp. - Class A Ordinary Shares,,MARKET_CAP_MISSING
FDBC,"Fidelity D & D Bancorp, Inc. - Common Stock",313485177.0,BELOW_10B_THRESHOLD
FDSB,"Fifth District Bancorp, Inc. - Common Stock",95027193.0,BELOW_10B_THRESHOLD
FDMT,"4D Molecular Therapeutics, Inc. - Common Stock",828663165.0,BELOW_10B_THRESHOLD
FDS,FactSet Research Systems Inc. Common Stock,9938079680.0,BELOW_10B_THRESHOLD
FEAM,"5E Advanced Materials, Inc. - Common Stock",109949059.0,BELOW_10B_THRESHOLD
FEBO,Fenbo Holdings Limited - Class A Ordinary Shares,7205006.0,BELOW_10B_THRESHOLD
FEDU,"Four Seasons Education (Cayman) Inc. American Depositary Shares, each ADS representing 10 ordinary shares",23117776.0,BELOW_10B_THRESHOLD
FEMY,Femasys Inc. - Common Stock,21607570.0,BELOW_10B_THRESHOLD
FEIM,"Frequency Electronics, Inc. - Common Stock",949436231.0,BELOW_10B_THRESHOLD
FELE,"Franklin Electric Co., Inc. - Common Stock",4257563983.0,BELOW_10B_THRESHOLD
FENG,"Phoenix New Media Limited American Depositary Shares, each representing 48 Class A ordinary shares.",17415625.0,BELOW_10B_THRESHOLD
FENC,Fennec Pharmaceuticals Inc. - Common Stock,368207340.0,BELOW_10B_THRESHOLD
FERA,Fifth Era Acquisition Corp I - Class A Ordinary Shares,,MARKET_CAP_MISSING
FET,"Forum Energy Technologies, Inc. Common Stock",948562753.0,BELOW_10B_THRESHOLD
FF,FutureFuel Corp.  Common shares,227650620.0,BELOW_10B_THRESHOLD
FFAI,Faraday Future Intelligent Electric Inc. - Class A Common Stock,8516529.0,BELOW_10B_THRESHOLD
FFBC,First Financial Bancorp. - Common Stock,3277130307.0,BELOW_10B_THRESHOLD
FFIN,"First Financial Bankshares, Inc. - Common Stock",4575014023.0,BELOW_10B_THRESHOLD
FG,"F&G Annuities & Life, Inc. Common Stock",2839984683.0,BELOW_10B_THRESHOLD
FGII,FG Imperii Acquisition Corp. - Class A Ordinary Shares,,MARKET_CAP_MISSING
FGBI,"First Guaranty Bancshares, Inc. - Common Stock",126027896.0,BELOW_10B_THRESHOLD
FGI,FGI Industries Ltd. - Ordinary Shares,16241989.000000002,BELOW_10B_THRESHOLD
FGL,Founder Group Limited - Class A Ordinary Shares,3679979.0,BELOW_10B_THRESHOLD
FGNX,FG Nexus Inc. - Common Stock,41810120.0,BELOW_10B_THRESHOLD
FHB,"First Hawaiian, Inc. - Common Stock",3015263903.0,BELOW_10B_THRESHOLD
FHI,"Federated Hermes, Inc. Common Stock",4297445774.0,BELOW_10B_THRESHOLD
FHTX,Foghorn Therapeutics Inc. - Common Stock,229821169.0,BELOW_10B_THRESHOLD
FIBK,"First Interstate BancSystem, Inc. - Common Stock",3432871944.0,BELOW_10B_THRESHOLD
FIEE,"FiEE, Inc - Common Stock",33090960.000000004,BELOW_10B_THRESHOLD
FIGR,"Figure Technology Solutions, Inc. - Class A Common Stock",7776937044.0,BELOW_10B_THRESHOLD
FIGS,"FIGS, Inc. Class A Common Stock",1988698697.0,BELOW_10B_THRESHOLD
FINW,FinWise Bancorp - Common Stock,158123725.0,BELOW_10B_THRESHOLD
FIP,FTAI Infrastructure Inc. - Common Stock,365181567.0,BELOW_10B_THRESHOLD
FINV,FinVolution Group American Depositary Shares,753139866.0,BELOW_10B_THRESHOLD
FIRY,Firy Inc. Class A Common Stock,217751567.0,BELOW_10B_THRESHOLD
FISN,"Deep Fission, Inc. - Common Stock",459466315.99999994,BELOW_10B_THRESHOLD
FISI,"Financial Institutions, Inc. - Common Stock",781554238.0,BELOW_10B_THRESHOLD
FIVN,"Five9, Inc. - Common Stock",2815582648.0,BELOW_10B_THRESHOLD
FJET,"Starfighters Space, Inc. Common Stock",102842556.0,BELOW_10B_THRESHOLD
FIZZ,National Beverage Corp. - Common Stock,2869309006.0,BELOW_10B_THRESHOLD
FLD,"Fold Holdings, Inc. - Class A Common Stock",30682424.000000004,BELOW_10B_THRESHOLD
FLGT,"Fulgent Genetics, Inc. - Common Stock",585250282.0,BELOW_10B_THRESHOLD
FLG,"Flagstar Bank, N.A. Common Stock",5105641883.0,BELOW_10B_THRESHOLD
FLL,"Full House Resorts, Inc. - Common Stock",65227174.0,BELOW_10B_THRESHOLD
FLNA,"Filana Therapeutics, Inc. - Common Stock",42032700.0,BELOW_10B_THRESHOLD
FLNC,"Fluence Energy, Inc. - Class A Common Stock",1399240477.0,BELOW_10B_THRESHOLD
FLNT,"Fluent, Inc. - Common Stock",109044447.0,BELOW_10B_THRESHOLD
FLNG,FLEX LNG Ltd. Ordinary Shares,1674699961.0,BELOW_10B_THRESHOLD
FLO,"Flowers Foods, Inc. Common Stock",1232053599.0,BELOW_10B_THRESHOLD
FLOC,Flowco Holdings Inc. Class A Common Stock,1749238494.0,BELOW_10B_THRESHOLD
FLR,Fluor Corporation Common Stock,7096301015.0,BELOW_10B_THRESHOLD
FLS,Flowserve Corporation Common Stock,9810564360.0,BELOW_10B_THRESHOLD
FLUX,"Flux Power Holdings, Inc. - Common Stock",10838929.0,BELOW_10B_THRESHOLD
FLX,BingEx Limited - American Depositary Shares,65370827.0,BELOW_10B_THRESHOLD
FLWS,"1-800-FLOWERS.COM, Inc. - Class A Common Stock",181001971.0,BELOW_10B_THRESHOLD
FLY,Firefly Aerospace Inc. - Common Stock,3666161726.0,BELOW_10B_THRESHOLD
FLXS,"Flexsteel Industries, Inc. - Common Stock",348739085.0,BELOW_10B_THRESHOLD
FLYE,"Fly-E Group, Inc. - Common Stock",2497551.0,BELOW_10B_THRESHOLD
FLYX,"flyExclusive, Inc. Class A Common Stock",123518915.0,BELOW_10B_THRESHOLD
FLYW,Flywire Corporation - Voting Common Stock,2051316984.0,BELOW_10B_THRESHOLD
FMAO,"Farmers & Merchants Bancorp, Inc. - Common Stock",476275942.0,BELOW_10B_THRESHOLD
FMBH,"First Mid Bancshares, Inc. - Common Stock",1295779134.0,BELOW_10B_THRESHOLD
FMFC,Kandal M Venture Limited - Class A ordinary Shares,4323900.0,BELOW_10B_THRESHOLD
FMNB,Farmers National Banc Corp. - Common Stock,899378143.0,BELOW_10B_THRESHOLD
FMC,FMC Corporation Common Stock,1239745706.0,BELOW_10B_THRESHOLD
FMST,Foremost Clean Energy Ltd. - Common Shares,22816193.0,BELOW_10B_THRESHOLD
FNB,F.N.B. Corporation Common Stock,6106916816.0,BELOW_10B_THRESHOLD
FND,"Floor & Decor Holdings, Inc. Common Stock",5046559441.0,BELOW_10B_THRESHOLD
FNGR,"FingerMotion, Inc. - common stock",10453444.0,BELOW_10B_THRESHOLD
FNRN,First Northern Community Bancorp - Common stock,280031775.0,BELOW_10B_THRESHOLD
FNKO,"Funko, Inc. - Class A Common Stock",297897475.0,BELOW_10B_THRESHOLD
FNLC,"First Bancorp, Inc (ME) - Common Stock",383373913.0,BELOW_10B_THRESHOLD
FNUC,Frontier Nuclear and Minerals Inc. - Common Shares,54207559.00000001,BELOW_10B_THRESHOLD
FNWB,First Northwest Bancorp - Common Stock,95591731.0,BELOW_10B_THRESHOLD
FOCL,"EDAP TMS S.A. - American Depositary Shares, each representing One Ordinary Share",177882483.0,BELOW_10B_THRESHOLD
FOFO,"Hang Feng Technology Innovation Co., Ltd. - Ordinary Shares",13325097.0,BELOW_10B_THRESHOLD
FOA,Finance of America Companies Inc. Class A Common Stock,250603767.0,BELOW_10B_THRESHOLD
FOIL,"Londian Wason New Energy Tech Inc. American Depositary Shares, each representing five Ordinary Shares",1463125941.0,BELOW_10B_THRESHOLD
FNWD,Finward Bancorp - common stock,180512863.0,BELOW_10B_THRESHOLD
FOR,Forestar Group Inc Common Stock ,1364211346.0,BELOW_10B_THRESHOLD
FORR,"Forrester Research, Inc. - Common Stock",224279420.0,BELOW_10B_THRESHOLD
FOUR,"Shift4 Payments, Inc. Class A Common Stock",3036806215.0,BELOW_10B_THRESHOLD
FOSL,"Fossil Group, Inc. - Common Stock",364881781.0,BELOW_10B_THRESHOLD
FOXF,Fox Factory Holding Corp. - Common Stock,784298479.0,BELOW_10B_THRESHOLD
FPH,"Five Point Holdings, LLC Class A Common Shares",697992014.0,BELOW_10B_THRESHOLD
FPI,Farmland Partners Inc. Common Stock,470775490.0,BELOW_10B_THRESHOLD
FR,"First Industrial Realty Trust, Inc. Common Stock",8096229812.0,BELOW_10B_THRESHOLD
FRAF,Franklin Financial Services Corporation - Common Stock,275464410.0,BELOW_10B_THRESHOLD
FRBA,First Bank  - Common Stock,440103397.0,BELOW_10B_THRESHOLD
FRBT,"Forbright, Inc. - Class A Common Stock",907159470.9999999,BELOW_10B_THRESHOLD
FRD,Friedman Industries Inc. - Common Stock,284256093.0,BELOW_10B_THRESHOLD
FRGT,"Freight Technologies, Inc. - Ordinary Shares",280341.0,BELOW_10B_THRESHOLD
FRMI,Fermi Inc. - Common Stock,3087052617.0,BELOW_10B_THRESHOLD
FRME,First Merchants Corporation - Common Stock,2513940963.0,BELOW_10B_THRESHOLD
FRMM,"Forum Markets, Incorporated - Common Stock",67842593.0,BELOW_10B_THRESHOLD
FRNM,"Freenome, Inc. - Common stock",1686914980.0,BELOW_10B_THRESHOLD
FRPH,"FRP Holdings, Inc. - Common Stock",404700185.0,BELOW_10B_THRESHOLD
FRPT,"Freshpet, Inc. - Common Stock",2845518562.0,BELOW_10B_THRESHOLD
FRSH,Freshworks Inc. - Class A Common Stock,3358050336.0,BELOW_10B_THRESHOLD
FRST,Primis Financial Corp. - Common Stock,384137625.0,BELOW_10B_THRESHOLD
FRTT,Fort Technology Inc. - Common Shares,13700784.0,BELOW_10B_THRESHOLD
FRSX,Foresight Autonomous Holdings Ltd. - American Depositary Shares,3516768.0,BELOW_10B_THRESHOLD
FRVO,Fervo Energy Company - Class A common stock,4819378304.0,BELOW_10B_THRESHOLD
FRT,Federal Realty Investment Trust Common Stock,9504802259.0,BELOW_10B_THRESHOLD
FSBW,"FS Bancorp, Inc. - Common Stock",341688952.0,BELOW_10B_THRESHOLD
FSBC,Five Star Bancorp - Common Stock,1064889048.0,BELOW_10B_THRESHOLD
FSEA,"First Seacoast Bancorp, Inc. - Common Stock",80822022.0,BELOW_10B_THRESHOLD
FSI,Flexible Solutions International Inc. Common Stock (CDA),74335938.0,BELOW_10B_THRESHOLD
FSK,FS KKR Capital Corp. Common Stock,3086720928.0,BELOW_10B_THRESHOLD
FSLY,"Fastly, Inc. - Class A Common Stock",4723245000.0,BELOW_10B_THRESHOLD
FSM,Fortuna Mining Corp. Common Shares,3551139132.0,BELOW_10B_THRESHOLD
FSP,Franklin Street Properties Corp. Common Stock,35363981.0,BELOW_10B_THRESHOLD
FSTR,L.B. Foster Company - Common Stock,392071567.0,BELOW_10B_THRESHOLD
FSUN,FirstSun Capital Bancorp - Common Stock,1787427044.0,BELOW_10B_THRESHOLD
FSS,Federal Signal Corporation Common Stock,6912962446.0,BELOW_10B_THRESHOLD
FSV,FirstService Corporation - Common Shares,5658292099.0,BELOW_10B_THRESHOLD
FTCI,"FTC Solar, Inc. - Common Stock",41964346.0,BELOW_10B_THRESHOLD
FTDR,"Frontdoor, Inc. - Common Stock",5094660718.0,BELOW_10B_THRESHOLD
FTEK,"Fuel Tech, Inc. - Common Stock",51507702.0,BELOW_10B_THRESHOLD
FTFT,Future FinTech Group Inc. - Common Stock,41625000.0,BELOW_10B_THRESHOLD
FTH,"Faeth Therapeutics, Inc.  - Common Stock",815265409.0,BELOW_10B_THRESHOLD
FTHM,Fathom Holdings Inc. - Common Stock,18058001.0,BELOW_10B_THRESHOLD
FTK,"Flotek Industries, Inc. Common Stock",1102187654.0,BELOW_10B_THRESHOLD
FTLF,"FitLife Brands, Inc. - Common Stock",88182166.0,BELOW_10B_THRESHOLD
FTRA,FutureCorp Space Acquisition 1 Class A Ordinary Shares,,MARKET_CAP_MISSING
FTRE,Fortrea Holdings Inc. - Common Stock,1856352000.0,BELOW_10B_THRESHOLD
FTW,Presidio Production Company Class A Common Stock,317643764.0,BELOW_10B_THRESHOLD
FUBO,FuboTV Inc. Class A Common Stock,1051565136.0,BELOW_10B_THRESHOLD
FUFU,BitFuFu Inc. - Class A Ordinary Shares,229981965.0,BELOW_10B_THRESHOLD
FULC,"Fulcrum Therapeutics, Inc. - Common Stock",290692549.0,BELOW_10B_THRESHOLD
FUL,H. B. Fuller Company Common Stock,2700665906.0,BELOW_10B_THRESHOLD
FULT,Fulton Financial Corporation - Common Stock,4343306308.0,BELOW_10B_THRESHOLD
FUN,Six Flags Entertainment Corporation Common Stock New,1271791758.0,BELOW_10B_THRESHOLD
FUNC,First United Corporation - Common Stock,275966027.0,BELOW_10B_THRESHOLD
FUSB,"First US Bancshares, Inc. - Common Stock",90607510.0,BELOW_10B_THRESHOLD
FURY,Fury Gold Mines Limited Common Shares,106664161.0,BELOW_10B_THRESHOLD
FUSE,Fusemachines Inc. - Common stock,16883938.0,BELOW_10B_THRESHOLD
FVR,"FrontView REIT, Inc. Common Stock",440696273.0,BELOW_10B_THRESHOLD
FVN,Future Vision II Acquisition Corporation - Ordinary Shares,73478560.0,BELOW_10B_THRESHOLD
FVCB,"FVCBankcorp, Inc. - Common Stock",318844744.0,BELOW_10B_THRESHOLD
FWAC,Futurewave Acquisition Corporation - Ordinary Shares,127623387.5,BELOW_10B_THRESHOLD
FVRR,"Fiverr International Ltd. Ordinary Shares, no par value",306300203.0,BELOW_10B_THRESHOLD
FWDI,"Forward Industries, Inc. - Common Stock",595205877.0,BELOW_10B_THRESHOLD
FXAC,FortuneX Acquisition Corporation - Ordinary shares,127077205.74000001,BELOW_10B_THRESHOLD
FWRG,"First Watch Restaurant Group, Inc. - Common Stock",629466837.0,BELOW_10B_THRESHOLD
FXHO,UTime Limited - Class A Ordinary Shares,298948588.0,BELOW_10B_THRESHOLD
FWRD,Forward Air Corporation - Common Stock,508739781.99999994,BELOW_10B_THRESHOLD
FXNC,First National Corporation - Common Stock,265853292.99999997,BELOW_10B_THRESHOLD
G,Genpact Limited Common Stock,5687964677.0,BELOW_10B_THRESHOLD
GABC,"German American Bancorp, Inc. - Common Stock",1827081645.0000002,BELOW_10B_THRESHOLD
GAIA,"Gaia, Inc. - Class A Common Stock",31527983.0,BELOW_10B_THRESHOLD
GAIN,Gladstone Investment Corporation - Business Development Company,622815564.0,BELOW_10B_THRESHOLD
GALT,Galectin Therapeutics Inc. - Common Stock,408441058.0,BELOW_10B_THRESHOLD
GANX,"Gain Therapeutics, Inc. - Common Stock",80304259.0,BELOW_10B_THRESHOLD
GAME,"GameSquare Holdings, Inc. - Common stock",39118988.0,BELOW_10B_THRESHOLD
GAP,"Gap, Inc. (The) Common Stock",7475028515.0,BELOW_10B_THRESHOLD
GASS,"StealthGas, Inc. - common stock",334671174.0,BELOW_10B_THRESHOLD
GAU,Galiano Gold Inc.,538879034.0,BELOW_10B_THRESHOLD
GATX,GATX Corporation Common Stock,6555210000.0,BELOW_10B_THRESHOLD
GAUZ,Gauzy Ltd. - Ordinary Shares,7666378.0,BELOW_10B_THRESHOLD
GBFH,GBank Financial Holdings Inc. - Common Stock,271167417.0,BELOW_10B_THRESHOLD
GBCI,"Glacier Bancorp, Inc. Common Stock",5746253486.0,BELOW_10B_THRESHOLD
GBLI,"Global Indemnity Group, LLC - Class A Common Shares",360891135.0,BELOW_10B_THRESHOLD
GBR,"New Concept Energy, Inc Common Stock",3544627.0,BELOW_10B_THRESHOLD
GBTG,"Global Business Travel Group, Inc. Class A Common Stock",4941652771.0,BELOW_10B_THRESHOLD
GBX,"Greenbrier Companies, Inc. (The) Common Stock",1331644085.0,BELOW_10B_THRESHOLD
GCDT,Green Circle Decarbonize Technology Limited Class A Ordinary Shares,6924666.0,BELOW_10B_THRESHOLD
GCL,GCL Global Holdings Ltd - Ordinary Shares,85277749.0,BELOW_10B_THRESHOLD
GCBC,"Greene County Bancorp, Inc. - Common Stock",588741271.0,BELOW_10B_THRESHOLD
GCMG,GCM Grosvenor Inc. - Class A Common Stock,2622101853.0,BELOW_10B_THRESHOLD
GCO,Genesco Inc. Common Stock,369616392.0,BELOW_10B_THRESHOLD
GCT,GigaCloud Technology Inc - Class A Ordinary Shares,1874787443.0,BELOW_10B_THRESHOLD
GCTS,"GCT Semiconductor Holding, Inc. Common Stock",198654608.0,BELOW_10B_THRESHOLD
GCTK,"GlucoTrack, Inc. - Common Stock",1620732.0,BELOW_10B_THRESHOLD
GDC,GD Culture Group Limited - Common Stock,6535125.0,BELOW_10B_THRESHOLD
GDHG,Golden Heaven Group Holdings Ltd.  - Class A Ordinary Shares,75314535.0,BELOW_10B_THRESHOLD
GDEV,GDEV Inc. - Ordinary Shares,203103972.0,BELOW_10B_THRESHOLD
GDRX,"GoodRx Holdings, Inc. - Class A Common Stock",1132602688.0,BELOW_10B_THRESHOLD
GDOT,"Green Dot Corporation Class A Common Stock, $0.001 par value",741947031.0,BELOW_10B_THRESHOLD
GDS,GDS Holdings Limited - American Depositary Shares,6634502766.0,BELOW_10B_THRESHOLD
GDTC,CytoMed Therapeutics Limited - Ordinary Shares,10763876.0,BELOW_10B_THRESHOLD
GDYN,"Grid Dynamics Holdings, Inc. - Class A Common Stock",624676984.0,BELOW_10B_THRESHOLD
GEF,Greif Inc. Class A Common Stock,3892451144.0000005,BELOW_10B_THRESHOLD
GEG,"Great Elm Group, Inc.  - Common Stock",67475911.0,BELOW_10B_THRESHOLD
GEMI,"Gemini Space Station, Inc. - Class A Common Stock",729941897.0,BELOW_10B_THRESHOLD
GELS,Gelteq Limited - Ordinary Shares,6436275.0,BELOW_10B_THRESHOLD
GENB,"Generate Biomedicines, Inc. - Common Stock",2120382243.0,BELOW_10B_THRESHOLD
GENC,"Gencor Industries, Inc. Common Stock",254604284.0,BELOW_10B_THRESHOLD
GENI,Genius Sports Limited Ordinary Shares,1637876977.0000002,BELOW_10B_THRESHOLD
GEO,Geo Group Inc (The) REIT,4030191662.0,BELOW_10B_THRESHOLD
GEOS,Geospace Technologies Corporation - Common Stock,66488999.00000001,BELOW_10B_THRESHOLD
GENK,"GEN Restaurant Group, Inc. - Class A Common Stock",55875028.00000001,BELOW_10B_THRESHOLD
GERN,Geron Corporation - Common Stock,796667027.0,BELOW_10B_THRESHOLD
GETY,"Getty Images Holdings, Inc. Class A Common Stock",91134044.0,BELOW_10B_THRESHOLD
GEVO,"Gevo, Inc. - Common Stock",358493801.0,BELOW_10B_THRESHOLD
GFF,Griffon Corporation Common Stock,4375016618.0,BELOW_10B_THRESHOLD
GFAI,"Guardforce AI Co., Limited - Ordinary Shares",10563858.0,BELOW_10B_THRESHOLD
GFR,Greenfire Resources Ltd. Common Shares,1461715247.0,BELOW_10B_THRESHOLD
GFUZ,General Fusion Group Ltd. - Common Shares,551602898.0,BELOW_10B_THRESHOLD
GGAL,"Grupo Financiero Galicia S.A. - American Depositary Shares, Class B Shares underlying",6423408666.0,BELOW_10B_THRESHOLD
GGB,Gerdau S.A. Common Stock,9652728079.0,BELOW_10B_THRESHOLD
GGR,Gogoro Inc. - Ordinary Shares,61228085.0,BELOW_10B_THRESHOLD
GHC,Graham Holdings Company Common Stock,4858605847.0,BELOW_10B_THRESHOLD
GHG,"GreenTree Hospitality Group Ltd. American depositary shares, each representing one Class A ordinary share",100897325.0,BELOW_10B_THRESHOLD
GHM,Graham Corporation Common Stock,1030511497.0,BELOW_10B_THRESHOLD
GHRS,GH Research PLC - Ordinary Shares,1779744237.0,BELOW_10B_THRESHOLD
GHXI,"Gores Holdings XI, Inc. - Class A Ordinary Shares",,MARKET_CAP_MISSING
GIBO,GIBO Holdings Limited - Class A Ordinary Shares,83871501.0,BELOW_10B_THRESHOLD
GIC,Global Industrial Company Common Stock,1589117820.0,BELOW_10B_THRESHOLD
GIFT,"Giftify, Inc. - Common Stock",24089120.0,BELOW_10B_THRESHOLD
GIII,"G-III Apparel Group, LTD. - Common Stock",1155093126.0,BELOW_10B_THRESHOLD
GIL,"Gildan Activewear, Inc. Class A Sub. Vot. Common Stock",8554011459.0,BELOW_10B_THRESHOLD
GILT,Gilat Satellite Networks Ltd. - Ordinary Shares,753200061.0,BELOW_10B_THRESHOLD
GIW,GigCapital8 Corp. - Class A Ordinary Shares,,MARKET_CAP_MISSING
GIPR,Generation Income Properties Inc. - Common stock,3756111.0,BELOW_10B_THRESHOLD
GIXI,Gix Internet Ltd. - Ordinary Shares,12785761.000000002,BELOW_10B_THRESHOLD
GITS,"Global Interactive Technologies, Inc. Common Stock - Common Stock",8448239.0,BELOW_10B_THRESHOLD
GKOS,Glaukos Corporation Common Stock,9053444490.0,BELOW_10B_THRESHOLD
GLAS,Glass House Brands Inc. Subordinate Voting Shares,690784174.0,BELOW_10B_THRESHOLD
GLDG,GoldMining Inc. Common Shares,216247260.0,BELOW_10B_THRESHOLD
GLBE,Global-E Online Ltd. - ordinary shares,6910516197.0,BELOW_10B_THRESHOLD
GLE,Global Engine Group Holding Limited - Class A Ordinary Shares,9816120.0,BELOW_10B_THRESHOLD
GLBS,Globus Maritime Limited - Common Stock,77048815.0,BELOW_10B_THRESHOLD
GLED,GalaxyEdge Acquisition Corporation Ordinary Shares,159984825.0,BELOW_10B_THRESHOLD
GLIBA,Liberty Capital Corporation - Series A GCI Group Common Stock,935373059.0,BELOW_10B_THRESHOLD
GLND,Greenland Energy Company - Common Stock,127254865.0,BELOW_10B_THRESHOLD
GLOO,"Gloo Holdings, Inc. - Common Stock",439348997.0,BELOW_10B_THRESHOLD
GLOB,Globant S.A. Common Shares,1487535704.0,BELOW_10B_THRESHOLD
GLNG,Golar LNG Limited - Common Shares,5073368044.0,BELOW_10B_THRESHOLD
GLSI,"Greenwich LifeSciences, Inc. - Common stock",257015422.0,BELOW_10B_THRESHOLD
GLRE,"Greenlight Reinsurance, Ltd. - Class A Ordinary Shares",489946573.0,BELOW_10B_THRESHOLD
GLU,Gabelli Global Utility Common Shares of Beneficial Ownership,109589206.0,BELOW_10B_THRESHOLD
GLUE,"Monte Rosa Therapeutics, Inc. - Common Stock",1014376337.9999999,BELOW_10B_THRESHOLD
GLXG,Galaxy Payroll Group Limited - Class A Ordinary Shares,6199976.0,BELOW_10B_THRESHOLD
GMAB,Genmab A/S - American Depositary Shares,4464569356.0,BELOW_10B_THRESHOLD
GMED,"Globus Medical, Inc. Class A Common Stock",9930011159.0,BELOW_10B_THRESHOLD
GMEX,GMEX ROBOTICS CORPORATION - Class A Ordinary Shares,386649.0,BELOW_10B_THRESHOLD
GMHS,Gamehaus Holdings Inc. - Class A Ordinary Shares,42566782.0,BELOW_10B_THRESHOLD
GMM,Global Mofy AI Limited  - Class A Ordinary Shares,18916954.0,BELOW_10B_THRESHOLD
GMTL,Guardian Metal Resources PLC ADS,432184700.0,BELOW_10B_THRESHOLD
GMRS,GMR Solutions Inc. Class A Common Stock,594238821.0,BELOW_10B_THRESHOLD
GNE,Genie Energy Ltd. Class B Common Stock Stock,416902828.0,BELOW_10B_THRESHOLD
GNL,"Global Net Lease, Inc. Common Stock",2005525820.0,BELOW_10B_THRESHOLD
GNK,Genco Shipping & Trading Limited Ordinary Shares New (Marshall Islands),1152429836.0,BELOW_10B_THRESHOLD
GNLN,"Greenlane Holdings, Inc. - Class A Common Stock",1882214.0,BELOW_10B_THRESHOLD
GNLX,Genelux Corporation - Common Stock,113792018.0,BELOW_10B_THRESHOLD
GNPX,"Genprex, Inc. - Common Stock",3073909.0,BELOW_10B_THRESHOLD
GNS,Genius Group Limited Ordinary Shares,29751864.0,BELOW_10B_THRESHOLD
GNSS,Genasys Inc. - Common Stock,68313014.0,BELOW_10B_THRESHOLD
GNTA,Genenta Science S.p.A. - American Depositary Shares,31297563.0,BELOW_10B_THRESHOLD
GNW,Genworth Financial Inc Common Stock,3638705486.0,BELOW_10B_THRESHOLD
GNTX,Gentex Corporation - Common Stock,4672956282.0,BELOW_10B_THRESHOLD
GOAI,Eva Live Inc. - Common Stock,77188690.0,BELOW_10B_THRESHOLD
GO,Grocery Outlet Holding Corp. - Common Stock,1105782931.0,BELOW_10B_THRESHOLD
GOGO,Gogo Inc. - Common Stock,311668083.0,BELOW_10B_THRESHOLD
GOLD,"Gold.com, Inc. Common Stock",1267648791.0,BELOW_10B_THRESHOLD
GOLF,Acushnet Holdings Corp. Common Stock,4844698400.0,BELOW_10B_THRESHOLD
GOOD,Gladstone Commercial Corporation - Real Estate Investment Trust,608482288.0,BELOW_10B_THRESHOLD
GOOS,Canada Goose Holdings Inc. Subordinate Voting Shares,734415984.0,BELOW_10B_THRESHOLD
GORO,Goldgroup Mining Inc. Common Shares,495102859.0,BELOW_10B_THRESHOLD
GOSS,"Gossamer Bio, Inc. - Common Stock",67219137.0,BELOW_10B_THRESHOLD
GOTU,Gaotu Techedu Inc. American Depositary Shares,553185073.0,BELOW_10B_THRESHOLD
GOVX,"GeoVax Labs, Inc. - Common Stock",3818885.0000000005,BELOW_10B_THRESHOLD
GP,GreenPower Motor Company Inc. - Common Shares,6498901.0,BELOW_10B_THRESHOLD
GPAT,GP-Act III Acquisition Corp. - Class A Ordinary Share,,MARKET_CAP_MISSING
GPCR,Structure Therapeutics Inc. - American Depositary Shares,2563589359.0,BELOW_10B_THRESHOLD
GPGI,"GPGI, Inc. Class A Common Stock",3490276587.0000005,BELOW_10B_THRESHOLD
GPI,"Group 1 Automotive, Inc. Common Stock",2950869910.0,BELOW_10B_THRESHOLD
GPMT,Granite Point Mortgage Trust Inc. Common Stock,40341865.0,BELOW_10B_THRESHOLD
GPK,Graphic Packaging Holding Company,2860051395.0,BELOW_10B_THRESHOLD
GPRE,"Green Plains, Inc. - Common Stock",1059140406.0,BELOW_10B_THRESHOLD
GPOR,Gulfport Energy Corporation Common Shares,2824467078.0,BELOW_10B_THRESHOLD
GPUS,"Hyperscale Data, Inc. Common Stock",30560495.999999996,BELOW_10B_THRESHOLD
GPRK,Geopark Ltd Common Shares,720991816.0,BELOW_10B_THRESHOLD
GPRO,"GoPro, Inc. - Class A Common Stock",241700776.00000003,BELOW_10B_THRESHOLD
GRAL,"GRAIL, Inc. - Common Stock",4847179714.0,BELOW_10B_THRESHOLD
GRAN,Grande Group Limited - Class A Ordinary Shares,28144063.000000004,BELOW_10B_THRESHOLD
GRCE,"Grace Therapeutics, Inc. - Common Stock",44596172.0,BELOW_10B_THRESHOLD
GRBK,"Green Brick Partners, Inc. Common Stock",2890748878.0,BELOW_10B_THRESHOLD
GRC,Gorman-Rupp Company (The) Common Stock,1987370786.0,BELOW_10B_THRESHOLD
GRDN,"Guardian Pharmacy Services, Inc. Class A Common Stock",2740188071.0,BELOW_10B_THRESHOLD
GRDX,GridAI Technologies Corp.  - Common Stock,27526135.0,BELOW_10B_THRESHOLD
GRFS,"Grifols, S.A. - American Depositary Shares",4946957563.0,BELOW_10B_THRESHOLD
GRI,"GRI Bio, Inc. - Common Stock",4700147.0,BELOW_10B_THRESHOLD
GRML,Greenland Mines Ltd - Common Stock,65466782.0,BELOW_10B_THRESHOLD
GRND,Grindr Inc. Common Stock,2683790481.0,BELOW_10B_THRESHOLD
GRNQ,Greenpro Capital Corp. - Common Stock,20031285.0,BELOW_10B_THRESHOLD
GRNT,"Granite Ridge Resources, Inc. Common Stock",594870091.0,BELOW_10B_THRESHOLD
GRO,Brazil Potash Corp. Common Shares,149290378.0,BELOW_10B_THRESHOLD
GROV,"Grove Collaborative Holdings, Inc. Class A Common Stock",44836098.0,BELOW_10B_THRESHOLD
GROY,Gold Royalty Corp. Common Shares,733973259.0,BELOW_10B_THRESHOLD
GROW,"U.S. Global Investors, Inc. - Class A Common Stock",36525642.0,BELOW_10B_THRESHOLD
GRPN,"Groupon, Inc. - Common Stock",814932532.0000001,BELOW_10B_THRESHOLD
GRRR,Gorilla Technology Group Inc. - Ordinary shares,390547659.0,BELOW_10B_THRESHOLD
GRSD,Grandstand Limited - Ordinary Shares,53698701.00000001,BELOW_10B_THRESHOLD
GRVY,"GRAVITY Co., Ltd. - American depositary shares, each representing one common share.",468842283.00000006,BELOW_10B_THRESHOLD
GRWG,GrowGeneration Corp. - Common Stock,94861923.0,BELOW_10B_THRESHOLD
GSBC,"Great Southern Bancorp, Inc. - Common Stock",850114521.0000001,BELOW_10B_THRESHOLD
GSBD,"Goldman Sachs BDC, Inc. Common Stock",1085165806.0,BELOW_10B_THRESHOLD
GSHD,"Goosehead Insurance, Inc. - Class A Common Stock",1545652186.0,BELOW_10B_THRESHOLD
GSIW,Garden Stage Limited - Class A Ordinary Shares,153187306.0,BELOW_10B_THRESHOLD
GSIT,"GSI Technology, Inc. - Common Stock",216183318.99999997,BELOW_10B_THRESHOLD
GSL,Global Ship Lease Inc New Class A Common Shares,1599798588.0,BELOW_10B_THRESHOLD
GSM,Ferroglobe PLC - Ordinary Shares,782945566.0,BELOW_10B_THRESHOLD
GSRF,GSR IV Acquisition Corp. - Class A ordinary share,,MARKET_CAP_MISSING
GSRV,GSR V Acquisition Corp. - Class A ordinary shares,,MARKET_CAP_MISSING
GSUN,Golden Sun Technology Group Limited - Class A Ordinary Shares,2426987.0,BELOW_10B_THRESHOLD
GT,The Goodyear Tire & Rubber Company - Common Stock,1537379256.0,BELOW_10B_THRESHOLD
GTBP,"GT Biopharma, Inc. - Common Stock",12811091.0,BELOW_10B_THRESHOLD
GTE,Gran Tierra Energy Inc. Common Stock,352742877.0,BELOW_10B_THRESHOLD
GTEC,Greenland Technologies Holding Corporation - Class A Ordinary Shares,31322182.0,BELOW_10B_THRESHOLD
GTERA,Globa Terra Acquisition Corporation - Class A Ordinary Shares,,MARKET_CAP_MISSING
GTEN,"Gores Holdings X, Inc. - Class A ordinary shares",,MARKET_CAP_MISSING
GTLB,GitLab Inc. - Class A Common Stock,8165066000.0,BELOW_10B_THRESHOLD
GTES,Gates Industrial Corporation Ltd. Common Shares,6673064841.0,BELOW_10B_THRESHOLD
GTIM,Good Times Restaurants Inc. - Common Stock,15889633.0,BELOW_10B_THRESHOLD
GTM,ZoomInfo Technologies Inc. - Common Stock,1135329179.0,BELOW_10B_THRESHOLD
GURE,"Gulf Resources, Inc. - Common Stock",6528712.0,BELOW_10B_THRESHOLD
GTN,"Gray Media, Inc. Common Stock",471668474.0,BELOW_10B_THRESHOLD
GUAC,Berto Acquisition Corp. II - Ordinary Shares,390330125.0,BELOW_10B_THRESHOLD
GTX,Garrett Motion Inc. - Common Stock,4755582057.0,BELOW_10B_THRESHOLD
GTY,Getty Realty Corporation Common Stock,1790474328.0000002,BELOW_10B_THRESHOLD
GUTS,"Fractyl Health, Inc. - Common Stock",77297734.0,BELOW_10B_THRESHOLD
GVA,Granite Construction Incorporated Common Stock,4930072052.0,BELOW_10B_THRESHOLD
GWAV,"Greenwave Technology Solutions, Inc. - Common Stock",7873758.0,BELOW_10B_THRESHOLD
GVH,Globavend Holdings Limited - Ord Shares,4691552.0,BELOW_10B_THRESHOLD
GWH,"ESS Tech, Inc. Common Stock",14736311.0,BELOW_10B_THRESHOLD
GWRS,"Global Water Resources, Inc. - common stock",241796392.0,BELOW_10B_THRESHOLD
GXO,"GXO Logistics, Inc. Common Stock ",5187183508.0,BELOW_10B_THRESHOLD
GXAI,Gaxos.ai Inc. - Common Stock,6422485.0,BELOW_10B_THRESHOLD
GYGY,"Game Your Game, Inc. - Common Stock",11441640.0,BELOW_10B_THRESHOLD
GYRO,"Gyrodyne , LLC - Common Stock",11040526.0,BELOW_10B_THRESHOLD
GYRE,"Gyre Therapeutics, Inc. - Common Stock",825172882.9999999,BELOW_10B_THRESHOLD
HAE,Haemonetics Corporation Common Stock,4859994988.0,BELOW_10B_THRESHOLD
HAFC,Hanmi Financial Corporation - Common Stock,936323473.0,BELOW_10B_THRESHOLD
HAFN,Hafnia Limited Common Shares,4548009876.0,BELOW_10B_THRESHOLD
HAIN,"The Hain Celestial Group, Inc. - Common Stock",50051248.00000001,BELOW_10B_THRESHOLD
HAO,Haoxi Health Technology Limited - Class A Ord Share,1156958.0,BELOW_10B_THRESHOLD
HAPN,"Happen, Inc. - Common Stock",1748423080.0,BELOW_10B_THRESHOLD
HAWK,"HawkEye 360, Inc. Common Stock",1550794688.0,BELOW_10B_THRESHOLD
HASI,"HA Sustainable Infrastructure Capital, Inc. Common Stock",4652832556.0,BELOW_10B_THRESHOLD
HAYW,"Hayward Holdings, Inc. Common Stock",2704524671.0,BELOW_10B_THRESHOLD
HBB,Hamilton Beach Brands Holding Company Class A Common Stock ,464835841.0,BELOW_10B_THRESHOLD
HBCP,"Home Bancorp, Inc. - Common Stock",528678278.0,BELOW_10B_THRESHOLD
HBIO,"Harvard Bioscience, Inc. - Common Stock",36646055.0,BELOW_10B_THRESHOLD
HBNB,Hotel101 Global Holdings Corp. - Class A Ordinary Shares,1119400305.0,BELOW_10B_THRESHOLD
HBNC,"Horizon Bancorp, Inc. - Common Stock",976572751.0,BELOW_10B_THRESHOLD
HCAC,Hall Chadwick Acquisition Corp. - Class A Ordinary Shares,,MARKET_CAP_MISSING
HBT,"HBT Financial, Inc. - Common Stock",1276796637.0,BELOW_10B_THRESHOLD
HCAI,"Huachen AI Parking Management Technology Holding Co., Ltd. - Class A Ordinary Shares",5999028.0,BELOW_10B_THRESHOLD
HCAT,"Health Catalyst, Inc - Common stock",129440975.0,BELOW_10B_THRESHOLD
HCC,"Warrior Met Coal, Inc. Common Stock",4764860331.0,BELOW_10B_THRESHOLD
HCI,"HCI Group, Inc. Common Stock",2190733256.0,BELOW_10B_THRESHOLD
HCMA,HCM III Acquisition Corp. - Class A Ordinary Share,399768750.0,BELOW_10B_THRESHOLD
HCM,HUTCHMED (China) Limited - American Depositary Shares,2507069580.0,BELOW_10B_THRESHOLD
HCKT,"The Hackett Group, Inc. - Common Stock",257485986.0,BELOW_10B_THRESHOLD
HCTI,"Healthcare Triangle, Inc. - Common Stock",13643105.0,BELOW_10B_THRESHOLD
HCSG,"Healthcare Services Group, Inc. - Common Stock",1458434293.0,BELOW_10B_THRESHOLD
HCWB,HCW Biologics Inc. - Common Stock,3048298.0,BELOW_10B_THRESHOLD
HDRN,"Hadron Energy, Inc. - Common Stock",100098379.0,BELOW_10B_THRESHOLD
HDSN,"Hudson Technologies, Inc. - Common Stock",216335132.0,BELOW_10B_THRESHOLD
HE,"Hawaiian Electric Industries, Inc. Common Stock",1592552197.0,BELOW_10B_THRESHOLD
HEPS,D-Market Electronic Services & Trading - American Depositary Shares,900207503.9999999,BELOW_10B_THRESHOLD
HELP,Cybin Inc. - Common Stock,807032695.9999999,BELOW_10B_THRESHOLD
HELE,Helen of Troy Limited - Common Stock,687814561.0,BELOW_10B_THRESHOLD
HERE,Here Group Limited - American Depositary Shares,90278461.0,BELOW_10B_THRESHOLD
HFBL,"Home Federal Bancorp, Inc. of Louisiana - Common Stock",76347225.0,BELOW_10B_THRESHOLD
HESM,Hess Midstream LP Class A Representing Limited Partner Interests,4977447165.0,BELOW_10B_THRESHOLD
HFFG,HF Foods Group Inc. - Common Stock,85628337.0,BELOW_10B_THRESHOLD
HFWA,Heritage Financial Corporation - Common Stock,1143589846.0,BELOW_10B_THRESHOLD
HG,"Hamilton Insurance Group, Ltd. Class B Common Shares",2785063367.0,BELOW_10B_THRESHOLD
HGBL,Heritage Global Inc. - Common Stock,46070462.0,BELOW_10B_THRESHOLD
HGTY,"Hagerty, Inc. Class A Common Stock",4707630702.0,BELOW_10B_THRESHOLD
HGV,Hilton Grand Vacations Inc. Common Stock ,2766979562.0,BELOW_10B_THRESHOLD
HHH,Howard Hughes Holdings Inc. Common Stock,3807216045.0,BELOW_10B_THRESHOLD
HHS,"Harte Hanks, Inc. - Common Stock",34513131.0,BELOW_10B_THRESHOLD
HIFS,Hingham Institution for Savings - Common Stock,628393662.0,BELOW_10B_THRESHOLD
HIHO,Highway Holdings Limited - Common Stock,4325942.0,BELOW_10B_THRESHOLD
HIND,"Vyome Holdings, Inc. - Common Stock",14107241.0,BELOW_10B_THRESHOLD
HIMX,"Himax Technologies, Inc. - American depositary shares, each of which represents two ordinary shares.",2490802052.0,BELOW_10B_THRESHOLD
HIMS,"Hims & Hers Health, Inc. Class A Common Stock",6623767795.000001,BELOW_10B_THRESHOLD
HIPO,Hippo Holdings Inc. Common Stock,784028510.0,BELOW_10B_THRESHOLD
HIT,"Health In Tech, Inc. - Class A Common Stock",57717838.0,BELOW_10B_THRESHOLD
HITI,High Tide Inc. - Common Shares,242467910.0,BELOW_10B_THRESHOLD
HIVE,HIVE Digital Technologies Ltd - Common Shares,924314629.0,BELOW_10B_THRESHOLD
HKD,AMTD Digital Inc. American Depositary Shares (every five of which represent two Class A Ordinary Shares),214478751.0,BELOW_10B_THRESHOLD
HKPD,"Cellyan Biotechnology Co., Ltd  - Class A Ordinary Shares",5781195.0,BELOW_10B_THRESHOLD
HIW,"Highwoods Properties, Inc. Common Stock",3274991405.0,BELOW_10B_THRESHOLD
HKIT,Hitek Global Inc. - Class A Ordinary Share,24997371.0,BELOW_10B_THRESHOLD
HLF,Herbalife Ltd. Common Shares,1256592526.0,BELOW_10B_THRESHOLD
HLI,"Houlihan Lokey, Inc. Class A Common Stock",9081051810.0,BELOW_10B_THRESHOLD
HLIO,"Helios Technologies, Inc. Common Stock",2290724113.0,BELOW_10B_THRESHOLD
HLLY,Holley Inc. Common Stock,300660675.0,BELOW_10B_THRESHOLD
HLIT,Harmonic Inc. - Common Stock,1198640231.0,BELOW_10B_THRESHOLD
HLMN,Hillman Solutions Corp. - Common Stock,1389051293.0,BELOW_10B_THRESHOLD
HLP,Hongli Group Inc. - Class A Ordinary Shares,152093356.0,BELOW_10B_THRESHOLD
HLNE,Hamilton Lane Incorporated - Class A Common Stock,4722981677.0,BELOW_10B_THRESHOLD
HLXC,Helix Acquisition Corp. III - Class A Ordinary Shares,,MARKET_CAP_MISSING
HMH,HMH Holding Inc. - Common Stock,814980838.0,BELOW_10B_THRESHOLD
HMR,Heidmar Maritime Holdings Corp. - Common Stock,109135194.0,BELOW_10B_THRESHOLD
HMN,Horace Mann Educators Corporation Common Stock,1884919053.0000002,BELOW_10B_THRESHOLD
HNGE,"Hinge Health, Inc. Class A Common Stock",7446480801.0,BELOW_10B_THRESHOLD
HNI,HNI Corporation Common Stock,3404093687.9999995,BELOW_10B_THRESHOLD
HNNA,"Hennessy Advisors, Inc. - Common Stock",81968732.0,BELOW_10B_THRESHOLD
HNRG,Hallador Energy Company - Common Stock,684050110.0,BELOW_10B_THRESHOLD
HODO,House of Doge Inc. - Common Stock,15628518.0,BELOW_10B_THRESHOLD
HNVR,"Hanover Bancorp, Inc. - Common Stock",184499338.0,BELOW_10B_THRESHOLD
HNST,"The Honest Company, Inc. - Common Stock",555733083.0,BELOW_10B_THRESHOLD
HOFT,Hooker Furnishings Corporation - Common Stock,142633908.0,BELOW_10B_THRESHOLD
HOLO,MicroCloud Hologram Inc. - Ordinary Shares,38951012.0,BELOW_10B_THRESHOLD
HOG,"Harley-Davidson, Inc. Common Stock",2703803732.0,BELOW_10B_THRESHOLD
HOMB,"Home BancShares, Inc. Common Stock",5769431329.0,BELOW_10B_THRESHOLD
HOS,"Hornbeck Offshore Services, Inc. Common Stock",1855091001.0,BELOW_10B_THRESHOLD
HOPE,"Hope Bancorp, Inc. - Common Stock",1739843806.0,BELOW_10B_THRESHOLD
HOUR,"Hour Loop, Inc. - common stock",61247686.99999999,BELOW_10B_THRESHOLD
HOV,"Hovnanian Enterprises, Inc. Class A Common Stock",686817724.0,BELOW_10B_THRESHOLD
HOVR,New Horizon Aircraft Ltd. - Class A Ordinary Shares,113439460.0,BELOW_10B_THRESHOLD
HOWL,"Werewolf Therapeutics, Inc. - Common Stock",48083916.0,BELOW_10B_THRESHOLD
HPAI,Helport AI Limited - Ordinary Shares,11252661.0,BELOW_10B_THRESHOLD
HP,"Helmerich & Payne, Inc. Common Stock",3953584664.0000005,BELOW_10B_THRESHOLD
HPP,"Hudson Pacific Properties, Inc. Common Stock",634401582.0,BELOW_10B_THRESHOLD
HPK,"HighPeak Energy, Inc. - Common Stock",997712624.0,BELOW_10B_THRESHOLD
HQ,Horizon Quantum Holdings Ltd. - Class A Ordinary Shares,802564830.0,BELOW_10B_THRESHOLD
HQY,"HealthEquity, Inc. - Common Stock",7476635605.0,BELOW_10B_THRESHOLD
HQI,"HireQuest, Inc. - Common Stock",254369999.99999997,BELOW_10B_THRESHOLD
HR,Healthcare Realty Trust Incorporated Common Stock,6155246890.0,BELOW_10B_THRESHOLD
HRI,Herc Holdings Inc. Common Stock ,4587797060.0,BELOW_10B_THRESHOLD
HRB,"H&R Block, Inc. Common Stock",5243732322.0,BELOW_10B_THRESHOLD
HRMY,"Harmony Biosciences Holdings, Inc. - Common Stock",2357409189.0,BELOW_10B_THRESHOLD
HROW,"Harrow, Inc. - Common Stock",1259591760.0,BELOW_10B_THRESHOLD
HRTG,"Heritage Insurance Holdings, Inc. Common Stock",983250997.0,BELOW_10B_THRESHOLD
HRTX,"Heron Therapeutics, Inc.   - Common Stock",55247020.99999999,BELOW_10B_THRESHOLD
HRZN,Horizon Technology Finance Corporation - Common Stock,309026320.0,BELOW_10B_THRESHOLD
HSAI,Hesai Group - American Depositary Share,2562989461.0,BELOW_10B_THRESHOLD
HSCS,HeartSciences Inc. - Common Stock,21696777.0,BELOW_10B_THRESHOLD
HSDT,Solana Company - Class A Common Stock,174121065.0,BELOW_10B_THRESHOLD
HSLV,Highlander Silver Corp. Common Shares,1109202628.0,BELOW_10B_THRESHOLD
HSIC,"Henry Schein, Inc. - Common Stock",9478528397.0,BELOW_10B_THRESHOLD
HSTM,"HealthStream, Inc. - Common Stock",879937709.9999999,BELOW_10B_THRESHOLD
HSHP,Himalaya Shipping Ltd. Common Shares,849915000.0,BELOW_10B_THRESHOLD
HTCR,"Heartcore Enterprises, Inc. - Common Stock",3077328.0,BELOW_10B_THRESHOLD
HTB,"HomeTrust Bancshares, Inc. Common Stock",754698668.0,BELOW_10B_THRESHOLD
HTCO,High-Trend International Group - Class A Ordinary Shares,15942565.0,BELOW_10B_THRESHOLD
HTGC,"Hercules Capital, Inc. Common Stock",3176173080.0,BELOW_10B_THRESHOLD
HTFL,"Heartflow, Inc. - Common Stock",4120732384.0,BELOW_10B_THRESHOLD
HTH,Hilltop Holdings Inc.,2186622537.0,BELOW_10B_THRESHOLD
HTLD,"Heartland Express, Inc. - Common Stock",903244896.0,BELOW_10B_THRESHOLD
HTOO,Fusion Fuel Green PLC - Ordinary Shares,16761258.000000002,BELOW_10B_THRESHOLD
HTT,"High Templar Tech Limited American depositary shares, each representing one Class A ordinary share",378891750.0,BELOW_10B_THRESHOLD
HTO,H2O America  - Common Stock,2603493209.0,BELOW_10B_THRESHOLD
HUBC,Hub Cyber Security Ltd. - Ordinary Shares,4291918.0,BELOW_10B_THRESHOLD
HTZ,"Hertz Global Holdings, Inc - Common Stock",620225424.0,BELOW_10B_THRESHOLD
HUDI,"Huadi International Group Co., Ltd. - Ordinary Shares",10524599.0,BELOW_10B_THRESHOLD
HUBG,"Hub Group, Inc. - Class A Common Stock",1920220214.0,BELOW_10B_THRESHOLD
HUHU,HUHUTECH International Group Inc. - Ordinary Shares,150413119.0,BELOW_10B_THRESHOLD
HUIZ,Huize Holding Limited - American Depositary Shares,14451689.0,BELOW_10B_THRESHOLD
HUMA,"Humacyte, Inc. - Common Stock",157150388.0,BELOW_10B_THRESHOLD
HURA,"TuHURA Biosciences, Inc. - Common Stock",130639565.0,BELOW_10B_THRESHOLD
HUN,Huntsman Corporation Common Stock,1595945406.0,BELOW_10B_THRESHOLD
HURC,"Hurco Companies, Inc. - Common Stock",137298026.0,BELOW_10B_THRESHOLD
HURN,Huron Consulting Group Inc. - Common Stock,2544179614.0,BELOW_10B_THRESHOLD
HUYA,"HUYA Inc. American depositary shares, each  representing one Class A ordinary share",529809336.0,BELOW_10B_THRESHOLD
HVMC,Highview Merger Corp. - Class A Ordinary Share,,MARKET_CAP_MISSING
HVT,"Haverty Furniture Companies, Inc. Common Stock",428824715.0,BELOW_10B_THRESHOLD
HWBK,"Hawthorn Bancshares, Inc. - Common Stock",262984838.99999997,BELOW_10B_THRESHOLD
HWC,Hancock Whitney Corporation - Common Stock,5807347169.0,BELOW_10B_THRESHOLD
HWKN,"Hawkins, Inc. - Common Stock",2588305757.0,BELOW_10B_THRESHOLD
HXHX,Haoxin Holdings Limited - Class A Ordinary Shares,5836480.0,BELOW_10B_THRESHOLD
HXL,Hexcel Corporation Common Stock,6512691685.999999,BELOW_10B_THRESHOLD
HYFM,"Hydrofarm Holdings Group, Inc. - Common Stock",4723418.0,BELOW_10B_THRESHOLD
HY,"Hyster-Yale, Inc. Class A common stock",589730428.0,BELOW_10B_THRESHOLD
HYFT,MindWalk Holdings Corp. - Common Stock,65485218.99999999,BELOW_10B_THRESHOLD
HYLN,Hyliion Holdings Corp. Class A Common Stock,739392483.0,BELOW_10B_THRESHOLD
HYNE,"Hoyne Bancorp, Inc. - Common Stock",133113661.0,BELOW_10B_THRESHOLD
HYMC,Hycroft Mining Holding Corporation - Class A Common Stock,1981042538.0000002,BELOW_10B_THRESHOLD
HYPR,"Hyperfine, Inc.  - Class A Common Stock",83778449.0,BELOW_10B_THRESHOLD
HZO,"MarineMax, Inc.  (FL) Common Stock",1157787225.0,BELOW_10B_THRESHOLD
HYPD,"Hyperion DeFi, Inc. - Common Stock",60914581.0,BELOW_10B_THRESHOLD
IA,"Innovative Solutions and Support, Inc. - Common Stock",324512006.0,BELOW_10B_THRESHOLD
IART,Integra LifeSciences Holdings Corporation - Common Stock,1207807018.0,BELOW_10B_THRESHOLD
IAUX,i-80 Gold Corp. Common Shares,1515327945.0,BELOW_10B_THRESHOLD
IBAC,IB Acquisition Corp. - Common Stock,56592987.70000001,BELOW_10B_THRESHOLD
IBG,Innovation Beverage Group Limited - Ordinary Shares,4009918.0,BELOW_10B_THRESHOLD
IBCP,Independent Bank Corporation - Common Stock,783635114.0,BELOW_10B_THRESHOLD
IBEX,IBEX Limited - Common Share,566466526.0,BELOW_10B_THRESHOLD
IBIO,"iBio, Inc. - Common Stock",80062534.0,BELOW_10B_THRESHOLD
IBO,"Impact BioMedical, Inc. Common Stock",56644592.00000001,BELOW_10B_THRESHOLD
IBOC,International Bancshares Corporation - Common Stock,4298055533.0,BELOW_10B_THRESHOLD
IBTA,"Ibotta, Inc. Class A Common Stock",954819793.0000001,BELOW_10B_THRESHOLD
IBP,"Installed Building Products, Inc. Common Stock",5389991304.0,BELOW_10B_THRESHOLD
IBRX,"ImmunityBio, Inc. - Common Stock",9146387036.0,BELOW_10B_THRESHOLD
ICCC,ImmuCell Corporation - Common Stock,90731148.0,BELOW_10B_THRESHOLD
ICCM,IceCure Medical Ltd. - Ordinary Shares,6407321.000000001,BELOW_10B_THRESHOLD
ICG,Intchains Group Limited - American Depositary Shares,120782901.99999999,BELOW_10B_THRESHOLD
ICHR,Ichor Holdings - Ordinary Shares,2187326974.0,BELOW_10B_THRESHOLD
ICFI,"ICF International, Inc. - Common Stock",1500707413.0,BELOW_10B_THRESHOLD
ICL,ICL Group Ltd. Ordinary Shares,6840565463.999999,BELOW_10B_THRESHOLD
ICMB,"Investcorp Credit Management BDC, Inc. - Common Stock",12557694.0,BELOW_10B_THRESHOLD
ICON,Icon Energy Corp. - Common stock,3721721.0,BELOW_10B_THRESHOLD
ICUI,"ICU Medical, Inc. - Common Stock",4084149446.0,BELOW_10B_THRESHOLD
ICU,SeaStar Medical Holding Corporation - Common Stock,15556149.0,BELOW_10B_THRESHOLD
IDA,"IDACORP, Inc. Common Stock",7441957252.0,BELOW_10B_THRESHOLD
IDAI,T Stamp Inc. - Class A Common Stock,16579516.0,BELOW_10B_THRESHOLD
IDCC,"InterDigital, Inc. - Common Stock",8426951586.0,BELOW_10B_THRESHOLD
IDN,"Intellicheck, Inc. - Common Stock",47424179.0,BELOW_10B_THRESHOLD
IDR,"Idaho Strategic Resources, Inc. Common Stock",475101623.0,BELOW_10B_THRESHOLD
IE,Ivanhoe Electric Inc. Common Stock,1659738694.0,BELOW_10B_THRESHOLD
IDT,IDT Corporation Class B Common Stock,1687829573.9999998,BELOW_10B_THRESHOLD
IDYA,"IDEAYA Biosciences, Inc. - Common Stock",3614496071.0,BELOW_10B_THRESHOLD
IFBD,"Infobird Co., Ltd - Ordinary Shares",8069840.0,BELOW_10B_THRESHOLD
IFRX,InflaRx N.V. - Common Stock,288841713.0,BELOW_10B_THRESHOLD
IGAC,Invest Green Acquisition Corporation - Class A Ordinary Shares,,MARKET_CAP_MISSING
IFS,Intercorp Financial Services Inc. Common Shares,6103889109.0,BELOW_10B_THRESHOLD
IGIC,International General Insurance Holdings Ltd. - Ordinary Shares,1049205870.0,BELOW_10B_THRESHOLD
IH,"iHuman Inc. American depositary shares, each representing five Class A ordinary shares",60313176.99999999,BELOW_10B_THRESHOLD
IGC,"IGC Pharma, Inc. Common Stock",29578165.0,BELOW_10B_THRESHOLD
IHRT,"iHeartMedia, Inc. - Class A Common Stock",314192948.0,BELOW_10B_THRESHOLD
IHS,IHS Holding Limited Ordinary Shares,2825088689.0,BELOW_10B_THRESHOLD
IHT,InnSuites Hospitality Trust Shares of Beneficial Interest,16051134.0,BELOW_10B_THRESHOLD
III,"Information Services Group, Inc. - Common Stock",259012022.00000003,BELOW_10B_THRESHOLD
IIIV,"i3 Verticals, Inc. - Common Stock",397462336.0,BELOW_10B_THRESHOLD
IIIN,"Insteel Industries, Inc. Common Stock",571649034.0,BELOW_10B_THRESHOLD
IIPR,"Innovative Industrial Properties, Inc. Common Stock",1524144173.0,BELOW_10B_THRESHOLD
IKT,"Inhibikase Therapeutics, Inc. - Common Stock",300002185.0,BELOW_10B_THRESHOLD
ILAG,Intelligent Living Application Group Inc. - Ordinary Shares,6438539.0,BELOW_10B_THRESHOLD
ILLU,Illumination Acquisition Corp I - Class A Ordinary Shares,102442145.0,BELOW_10B_THRESHOLD
ILLR,Triller Group Inc. - Common Stock,7887642.0,BELOW_10B_THRESHOLD
ILPT,Industrial Logistics Properties Trust - Common Shares of Beneficial Interest,498591730.99999994,BELOW_10B_THRESHOLD
IMAX,Imax Corporation Common Stock,2923084676.0,BELOW_10B_THRESHOLD
IMA,"ImageneBio, Inc. - Common Stock",54941047.0,BELOW_10B_THRESHOLD
IMC,IMC Rare Earths Ltd Ordinary Shares,744108000.0,BELOW_10B_THRESHOLD
IMCC,IM Cannabis Corp. - Common Shares,1757413.0,BELOW_10B_THRESHOLD
IMDX,Insight Molecular Diagnostics Inc. - Common Stock,127951949.99999999,BELOW_10B_THRESHOLD
IMCR,Immunocore Holdings plc - American Depositary Shares,1624266380.0,BELOW_10B_THRESHOLD
IMMP,Immutep Limited - American Depositary Shares,39215724.0,BELOW_10B_THRESHOLD
IMKTA,"Ingles Markets, Incorporated - Class A Common Stock",1577862814.0,BELOW_10B_THRESHOLD
IMMX,"Immix Biopharma, Inc. - Common Stock",852748622.9999999,BELOW_10B_THRESHOLD
IMNM,"Immunome, Inc. - Common Stock",2753121727.0,BELOW_10B_THRESHOLD
IMMR,Immersion Corporation - Common Stock,244728522.0,BELOW_10B_THRESHOLD
IMNN,"Imunon, Inc. - Common Stock",8248762.0,BELOW_10B_THRESHOLD
IMOS,ChipMOS TECHNOLOGIES INC. - American Depositary Shares,2357893140.0,BELOW_10B_THRESHOLD
IMPP,Imperial Petroleum Inc. - Common Shares,239632386.99999997,BELOW_10B_THRESHOLD
IMRN,Immuron Limited - American Depositary Shares,9443306.0,BELOW_10B_THRESHOLD
IMSR,Terrestrial Energy Inc. - Common Stock,469293174.99999994,BELOW_10B_THRESHOLD
IMRX,Immuneering Corporation - Class A Common Stock,283374621.0,BELOW_10B_THRESHOLD
IMTE,Integrated Media Technology Limited - Ordinary Shares,1747342.0,BELOW_10B_THRESHOLD
IMTX,Immatics N.V. - Ordinary Shares,1286832414.0,BELOW_10B_THRESHOLD
IMUX,"Immunic, Inc.  - Common Stock",127848656.0,BELOW_10B_THRESHOLD
IMXI,"International Money Express, Inc. - Common Stock",345318897.0,BELOW_10B_THRESHOLD
INAB,"IN8bio, Inc. - Common Stock",10844221.0,BELOW_10B_THRESHOLD
IMVT,"Immunovant, Inc.  - Common Stock",7134329636.0,BELOW_10B_THRESHOLD
INBK,First Internet Bancorp - Common Stock,227684274.00000003,BELOW_10B_THRESHOLD
INBS,Intelligent Bio Solutions Inc.  - Common Stock,5870741.0,BELOW_10B_THRESHOLD
INBX,"Inhibrx Biosciences, Inc. - Common Stock",1476622828.0,BELOW_10B_THRESHOLD
INCR,Intercure Ltd. - ordinary shares,64796039.00000001,BELOW_10B_THRESHOLD
INDB,Independent Bank Corp. - Common Stock,3779580408.9999995,BELOW_10B_THRESHOLD
INDI,"indie Semiconductor, Inc. - Class A Common Stock",711653271.0,BELOW_10B_THRESHOLD
INDP,"Indaptus Therapeutics, Inc. - Common Stock",502323561.00000006,BELOW_10B_THRESHOLD
INDO,Indonesia Energy Corporation Limited Ordinary Shares,44006362.0,BELOW_10B_THRESHOLD
INDV,"Indivior Pharmaceuticals, Inc.  - Common Stock",4238526750.0,BELOW_10B_THRESHOLD
INEO,INNEOVA Holdings Limited - Class A Ordinary Shares,8369915.0,BELOW_10B_THRESHOLD
INFQ,"Infleqtion, Inc. Common Stock",3116688029.0,BELOW_10B_THRESHOLD
INFU,"InfuSystems Holdings, Inc. Common Stock",252948198.99999997,BELOW_10B_THRESHOLD
INGM,Ingram Micro Holding Corporation Common Stock,6299376598.0,BELOW_10B_THRESHOLD
INGN,"Inogen, Inc - Common Stock",135080135.0,BELOW_10B_THRESHOLD
INHD,Inno Holdings Inc. - Common Stock,7939830.000000001,BELOW_10B_THRESHOLD
INLF,INLIF LIMITED - Class A Ordinary shares,3172767.0,BELOW_10B_THRESHOLD
INKT,"MiNK Therapeutics, Inc. - Common Stock",63022075.0,BELOW_10B_THRESHOLD
INGR,Ingredion Incorporated Common Stock,6105854447.0,BELOW_10B_THRESHOLD
INLX,"Intellinetics, Inc. Common Stock",23868418.0,BELOW_10B_THRESHOLD
INMB,INmune Bio Inc. - Common stock,55507578.0,BELOW_10B_THRESHOLD
INM,InMed Pharmaceuticals Inc. - Common Shares,7581354.0,BELOW_10B_THRESHOLD
INMD,InMode Ltd.  - Ordinary Shares,815652155.0000001,BELOW_10B_THRESHOLD
INNV,InnovAge Holding Corp. - Common Stock,1228062825.0,BELOW_10B_THRESHOLD
INN,"Summit Hotel Properties, Inc. Common Stock",611529135.0,BELOW_10B_THRESHOLD
INSE,"Inspired Entertainment, Inc. - Common Stock",118876257.99999999,BELOW_10B_THRESHOLD
INO,"Inovio Pharmaceuticals, Inc. - Common Stock",129246898.0,BELOW_10B_THRESHOLD
INR,"Infinity Natural Resources, Inc. Class A Common Stock",826392021.9999999,BELOW_10B_THRESHOLD
INOD,Innodata Inc. - Common Stock,2475207045.0,BELOW_10B_THRESHOLD
INSG,Inseego Corp. - Common Stock,67242324.0,BELOW_10B_THRESHOLD
INSP,"Inspire Medical Systems, Inc. Common Stock",1996550497.9999998,BELOW_10B_THRESHOLD
INTA,"Intapp, Inc. - Common Stock",2789596456.0,BELOW_10B_THRESHOLD
INSW,"International Seaways, Inc. Common Stock ",5050212470.0,BELOW_10B_THRESHOLD
INTJ,Intelligent Group Limited - Class A Ordinary Shares,4028244.9999999995,BELOW_10B_THRESHOLD
INTG,The Intergroup Corporation - Common Stock,78066340.0,BELOW_10B_THRESHOLD
INTS,"Intensity Therapeutics, Inc. - Common Stock",13386004.000000002,BELOW_10B_THRESHOLD
INTR,Inter & Co. Inc. - Class A Common Shares,2312525514.0,BELOW_10B_THRESHOLD
INTT,inTest Corporation Common Stock,147368281.0,BELOW_10B_THRESHOLD
INTZ,Intrusion Inc. - Common Stock,18625284.0,BELOW_10B_THRESHOLD
INV,"Innventure, Inc. - Common Stock",70194660.0,BELOW_10B_THRESHOLD
INVA,"Innoviva, Inc. - Common Stock",1462248616.0,BELOW_10B_THRESHOLD
INUV,"Inuvo, Inc.",9823915.0,BELOW_10B_THRESHOLD
INVE,"INVE Technologies, Inc. - Common Stock",58165807.0,BELOW_10B_THRESHOLD
INVX,"Innovex International, Inc. Common Stock",1987576203.0,BELOW_10B_THRESHOLD
IOND,Ionic Digital Inc. - Class A Common Stock,3898468602.0,BELOW_10B_THRESHOLD
INVZ,Innoviz Technologies Ltd. - Ordinary shares,144752526.0,BELOW_10B_THRESHOLD
IONR,ioneer Ltd - American Depositary Shares,246739374.99999997,BELOW_10B_THRESHOLD
IONS,"Ionis Pharmaceuticals, Inc. - Common Stock",7300477265.000001,BELOW_10B_THRESHOLD
IOSP,Innospec Inc. - Common Stock,2379359140.0,BELOW_10B_THRESHOLD
IOTR,iOThree Limited - Ordinary Shares,12606671.0,BELOW_10B_THRESHOLD
IOVA,"Iovance Biotherapeutics, Inc. - Common Stock",4615778892.0,BELOW_10B_THRESHOLD
IPEX,Inflection Point Acquisition Corp. - Class A Ordinary Shares,,MARKET_CAP_MISSING
IPDN,"Professional Diversity Network, Inc. - Common Stock",3608696.0,BELOW_10B_THRESHOLD
IPFX,Inflection Point Acquisition Corp. VI - Class A Ordinary Shares,,MARKET_CAP_MISSING
IPAR,"Interparfums, Inc. - Common Stock",3759826689.0,BELOW_10B_THRESHOLD
IPGP,IPG Photonics Corporation - Common Stock,3282815720.0,BELOW_10B_THRESHOLD
IPHA,Innate Pharma S.A. - American Depositary Shares,196592611.0,BELOW_10B_THRESHOLD
IPI,"Intrepid Potash, Inc Common Stock",494129069.0,BELOW_10B_THRESHOLD
IPSC,"Century Therapeutics, Inc. - Common Stock",318692565.0,BELOW_10B_THRESHOLD
IPM,Intelligent Protection Management Corp.  - Common Stock,16295937.0,BELOW_10B_THRESHOLD
IPST,"IP Strategy Holdings, Inc. - Common Stock",2063713.0,BELOW_10B_THRESHOLD
IPVV,"InterPrivate Investment Partners V, Inc. - Class A Ordinary Shares",,MARKET_CAP_MISSING
IPW,iPower Inc. - Common Stock,1444906.0,BELOW_10B_THRESHOLD
IPWR,Ideal Power Inc. - Common Stock,66724699.0,BELOW_10B_THRESHOLD
IPXG,Inection Point Acquisition Corp. VII  - Class A Ordinary Shares,,MARKET_CAP_MISSING
IPX,IperionX Limited - American Depositary Share,670962306.0,BELOW_10B_THRESHOLD
IQST,iQSTEL Inc. - Common Stock,11243335.0,BELOW_10B_THRESHOLD
IQ,"iQIYI, Inc. - American Depositary Shares",974674982.0,BELOW_10B_THRESHOLD
IQMX,IQM Quantum Computers Oyj - American Depositary Shares,1949916083.0,BELOW_10B_THRESHOLD
IRD,"Opus Genetics, Inc. - Common Stock",401835825.00000006,BELOW_10B_THRESHOLD
IRIX,IRIDEX Corporation - Common Stock,11136154.0,BELOW_10B_THRESHOLD
IRDM,Iridium Communications Inc - Common Stock,5117886499.0,BELOW_10B_THRESHOLD
IRON,"Disc Medicine, Inc. - Common Stock",2537383060.0,BELOW_10B_THRESHOLD
IRMD,iRadimed Corporation - Common Stock,1104156673.0,BELOW_10B_THRESHOLD
IRT,"Independence Realty Trust, Inc. Common Stock",3437155786.9999995,BELOW_10B_THRESHOLD
IRTC,"iRhythm Holdings, Inc.  - Common Stock",3683615584.9999995,BELOW_10B_THRESHOLD
ISOU,IsoEnergy Ltd. Common Shares,639365318.0,BELOW_10B_THRESHOLD
ISBA,Isabella Bank Corporation - Common stock,284251808.0,BELOW_10B_THRESHOLD
IRWD,"Ironwood Pharmaceuticals, Inc. - Class A Common Stock",705574574.0,BELOW_10B_THRESHOLD
ISPR,Ispire Technology Inc. - Common Stock,76524674.0,BELOW_10B_THRESHOLD
ISPC,iSpecimen Inc. - Common Stock,3047494.0,BELOW_10B_THRESHOLD
ISTR,Investar Holding Corporation - Common Stock,404493483.0,BELOW_10B_THRESHOLD
ITG,"ITG, Inc. - Class A Common Stock",1268886778.0,BELOW_10B_THRESHOLD
ITHA,ITHAX Acquisition Corp III - Class A Ordinary Shares,,MARKET_CAP_MISSING
ITGR,Integer Holdings Corporation Common Stock,4293875503.0000005,BELOW_10B_THRESHOLD
ITIC,Investors Title Company - Common Stock,549142517.0,BELOW_10B_THRESHOLD
ITOC,iTonic Holdings Ltd - Class A Ordinary Shares,37795445.0,BELOW_10B_THRESHOLD
ITP,"IT Tech Packaging, Inc. Common Stock",2753488.0,BELOW_10B_THRESHOLD
ITRG,Integra Resources Corp. Common Shares,566015865.0,BELOW_10B_THRESHOLD
ITRI,"Itron, Inc. - Common Stock",3998606284.0000005,BELOW_10B_THRESHOLD
ITRN,Ituran Location and Control Ltd. - Ordinary Shares,1042224656.0,BELOW_10B_THRESHOLD
IVA,Inventiva S.A. - American Depository Shares,815166697.0000001,BELOW_10B_THRESHOLD
IVDA,"Iveda Solutions, Inc. - Common Stock",3880898.0,BELOW_10B_THRESHOLD
IVF,"INVO Fertility, Inc. - Common Stock",2557108.0,BELOW_10B_THRESHOLD
IVT,InvenTrust Properties Corp. Common Stock,2365865597.0,BELOW_10B_THRESHOLD
IVR,INVESCO MORTGAGE CAPITAL INC Common Stock,695357094.0,BELOW_10B_THRESHOLD
IVVD,"Invivyd, Inc. - Common Stock",272091798.0,BELOW_10B_THRESHOLD
IZM,ICZOOM Group Inc. - Class A Ordinary Shares,3052600.0,BELOW_10B_THRESHOLD
IXHL,Incannex Healthcare Inc. - Common Stock,41217889.0,BELOW_10B_THRESHOLD
IZEA,"IZEA Worldwide, Inc. - Common Stock",44759855.0,BELOW_10B_THRESHOLD
JACS,Jackson Acquisition Company II Class A Ordinary Shares,,MARKET_CAP_MISSING
JAGU,Jaguar Uranium Corp. Class A Common Shares,31300354.000000004,BELOW_10B_THRESHOLD
JACK,Jack In The Box Inc. - Common Stock,258153782.0,BELOW_10B_THRESHOLD
JAGX,"Jaguar Health, Inc. - Common Stock",4634447.0,BELOW_10B_THRESHOLD
JAKK,"JAKKS Pacific, Inc. - Common Stock",279487193.0,BELOW_10B_THRESHOLD
JAN,"Janus Living, Inc. Class A-1 Common Stock",9172195339.0,BELOW_10B_THRESHOLD
JANX,"Janux Therapeutics, Inc. - Common Stock",1009979489.9999999,BELOW_10B_THRESHOLD
JATT,JATT II Acquisition Corp - Ordinary Shares,89076000.0,BELOW_10B_THRESHOLD
JBDI,JBDI Holdings Limited - Ordinary Shares,10561131.0,BELOW_10B_THRESHOLD
JBGS,JBG SMITH Properties Common Shares ,794686471.0,BELOW_10B_THRESHOLD
JBI,"Janus International Group, Inc. Common Stock",581216465.0,BELOW_10B_THRESHOLD
JBIO,"Jade Biosciences, Inc. - Common Stock",935517563.0,BELOW_10B_THRESHOLD
JBLU,JetBlue Airways Corporation - Common Stock,1656400474.9999998,BELOW_10B_THRESHOLD
JBTM,JBT Marel Corporation Common Stock,5876605830.0,BELOW_10B_THRESHOLD
JBSS,"John B. Sanfilippo & Son, Inc. - Common Stock",791531729.0,BELOW_10B_THRESHOLD
JCAP,"Jefferson Capital, Inc. - Common Stock",1095679227.0,BELOW_10B_THRESHOLD
JCSE,JE Cleantech Holdings Limited - Ordinary Shares,7590180.000000001,BELOW_10B_THRESHOLD
JCTC,Jewett-Cameron Trading Company - Common Shares,10208328.0,BELOW_10B_THRESHOLD
JDZG,JIADE LIMITED - Class A Ordinary Shares,22486340.0,BELOW_10B_THRESHOLD
JEF,Jefferies Financial Group Inc. Common Stock,9102031576.0,BELOW_10B_THRESHOLD
JEM,707 Cayman Holdings Limited - Ordinary Shares,2516059.0,BELOW_10B_THRESHOLD
JENA,Jena Acquisition Corporation II Class A Ordinary Shares,,MARKET_CAP_MISSING
JELD,"JELD-WEN Holding, Inc. Common Stock",156174088.0,BELOW_10B_THRESHOLD
JF,J and Friends Holdings Limited - American Depositary Shares,17566200.0,BELOW_10B_THRESHOLD
JFIN,Jiayin Group Inc. - American Depositary Shares,81110796.0,BELOW_10B_THRESHOLD
JFU,9F Inc. - American Depositary Shares,32494399.0,BELOW_10B_THRESHOLD
JG,Aurora Mobile Limited - American Depositary Shares,37856052.0,BELOW_10B_THRESHOLD
JILL,"J. Jill, Inc. Common Stock",358940895.0,BELOW_10B_THRESHOLD
JJSF,J & J Snack Foods Corp. - Common Stock,1455857711.0,BELOW_10B_THRESHOLD
JKS,JinkoSolar Holding Company Limited American Depositary Shares (each representing 4 Common Shares),518988563.0,BELOW_10B_THRESHOLD
JL,J-Long Group Limited - Class A Ordinary Shares,16685141.0,BELOW_10B_THRESHOLD
JLHL,Julong Holding Limited - Class A Ordinary Shares,120755798.0,BELOW_10B_THRESHOLD
JMIA,"Jumia Technologies AG American Depositary Shares, each representing two Ordinary Shares",927363337.0000001,BELOW_10B_THRESHOLD
JMKE,Jersey Mike's Subs Inc. Class A Common Stock,5781027980.0,BELOW_10B_THRESHOLD
JMSB,"John Marshall Bancorp, Inc. - Common Stock",321615534.0,BELOW_10B_THRESHOLD
JOB,GEE Group Inc. Common Stock,25841585.0,BELOW_10B_THRESHOLD
JOBY,"Joby Aviation, Inc. Common Stock",6211715281.0,BELOW_10B_THRESHOLD
JOE,St. Joe Company (The) Common Stock,3748870198.0,BELOW_10B_THRESHOLD
JONE,Jones Ventures INTL Acquisition1 Corp - Class A Ordinary Shares,,MARKET_CAP_MISSING
JOYY,JOYY Inc. - American Depositary Shares,4157413717.0,BELOW_10B_THRESHOLD
JRSH,"Jerash Holdings (US), Inc. - Common Stock",73151654.0,BELOW_10B_THRESHOLD
JRVR,"James River Group Holdings, Inc. - Common Stock",166034046.0,BELOW_10B_THRESHOLD
JOUT,Johnson Outdoors Inc. - Class A Common Stock,461419870.0,BELOW_10B_THRESHOLD
JSPR,"Jasper Therapeutics, Inc. - Class A Common Stock",18860021.0,BELOW_10B_THRESHOLD
JUNS,"Jupiter Neurosciences, Inc. - Common Stock",3916007.0,BELOW_10B_THRESHOLD
JTTT,JATT III Acquisition Corp - Ordinary Shares,,MARKET_CAP_MISSING
JTAI,Jet.AI Inc. - Common Stock,5763184.0,BELOW_10B_THRESHOLD
JVA,"Coffee Holding Co., Inc. - Common Stock",23062740.0,BELOW_10B_THRESHOLD
JXG,JX Luxventure Group Inc. - Common Stock,90449078.0,BELOW_10B_THRESHOLD
JWEL,Jowell Global Ltd. - Ordinary Shares,5560147.0,BELOW_10B_THRESHOLD
JXN,Jackson Financial Inc. Class A Common Stock ,8786449959.0,BELOW_10B_THRESHOLD
JYD,Jayud Global Logistics Limited - Class A Ordinary Shares,8547867.0,BELOW_10B_THRESHOLD
JYNT,The Joint Corp. - Common Stock,117953904.00000001,BELOW_10B_THRESHOLD
JZXN,"Jiuzi Holdings, Inc. - Ordinary Shares",56664035.0,BELOW_10B_THRESHOLD
JZ,Jianzhi Education Technology Group Company Limited - American Depositary Shares,1188743.0,BELOW_10B_THRESHOLD
KAI,Kadant Inc Common Stock,3287067717.0,BELOW_10B_THRESHOLD
KARD,"Kardigan, Inc. - Common Stock",1357673709.0,BELOW_10B_THRESHOLD
KALA,"KALA BIO, Inc. - Common Stock",10830280.0,BELOW_10B_THRESHOLD
KAPA,"Kairos Pharma, Ltd. Common Stock",5856713.0,BELOW_10B_THRESHOLD
KALU,Kaiser Aluminum Corporation - Common Stock,2554709116.0,BELOW_10B_THRESHOLD
KAZR,Skyline Builders Group Holding Limited - Class A Ordinary Shares,48623075.0,BELOW_10B_THRESHOLD
KARO,Karooooo Ltd. - Ordinary shares,1983658793.0,BELOW_10B_THRESHOLD
KBDC,"Kayne Anderson BDC, Inc. Common Stock",863774555.0,BELOW_10B_THRESHOLD
KBON,Karbon Capital Partners Corp. - Class A Ordinary Shares,,MARKET_CAP_MISSING
KBH,KB Home Common Stock,2890753675.0,BELOW_10B_THRESHOLD
KBSX,FST Corp. - Ordinary Shares,61553254.0,BELOW_10B_THRESHOLD
KBR,"KBR, Inc. Common Stock",4455234462.0,BELOW_10B_THRESHOLD
KC,Kingsoft Cloud Holdings Limited - American Depositary Shares,2897898348.0,BELOW_10B_THRESHOLD
KCHV,Kochav Defense Acquisition Corp. - Class A Ordinary Shares,,MARKET_CAP_MISSING
KDK,"Kodiak AI, Inc. - Common Stock",595835965.0,BELOW_10B_THRESHOLD
KD,"Kyndryl Holdings, Inc. Common Stock",2637779165.0,BELOW_10B_THRESHOLD
KE,"Kimball Electronics, Inc. - Common Stock",650662904.0,BELOW_10B_THRESHOLD
KEEL,Keel Infrastructure Corp. - Common Stock,2476468580.0,BELOW_10B_THRESHOLD
KELYA,"Kelly Services, Inc. - Class A Common Stock",571340462.0,BELOW_10B_THRESHOLD
KEN,Kenon Holdings Ltd. Ordinary Shares,3418310842.9999995,BELOW_10B_THRESHOLD
KEQU,Kewaunee Scientific Corporation - Common Stock,98528658.0,BELOW_10B_THRESHOLD
KEX,Kirby Corporation Common Stock,6866112000.0,BELOW_10B_THRESHOLD
KEYY,Keystone Acquisition Corp. - Class A Ordinary Shares,,MARKET_CAP_MISSING
KFII,K&F Growth Acquisition Corp. II - Class A Ordinary shares,,MARKET_CAP_MISSING
KFFB,Kentucky First Federal Bancorp - Common Stock,45068071.0,BELOW_10B_THRESHOLD
KFRC,"Kforce, Inc. Common Stock",932521629.9999999,BELOW_10B_THRESHOLD
KFY,Korn Ferry Common Stock,4035172620.0,BELOW_10B_THRESHOLD
KG,"Kestrel Group, Ltd. - Common Stock",40489355.0,BELOW_10B_THRESHOLD
KGEI,Kolibri Global Energy Inc. - Common stock,232606173.00000003,BELOW_10B_THRESHOLD
KGS,"Kodiak Gas Services, Inc. Common Stock",5388844852.0,BELOW_10B_THRESHOLD
KIDS,OrthoPediatrics Corp. - Common Stock,583031566.0,BELOW_10B_THRESHOLD
KIDZ,KIDZ AI Inc. - Class B Common Stock,2422806.0,BELOW_10B_THRESHOLD
KITT,"Nauticus Robotics, Inc. - Common stock",3912318.0,BELOW_10B_THRESHOLD
KLAR,Klarna Group plc Ordinary Shares,9131039817.0,BELOW_10B_THRESHOLD
KLRA,"Kailera Therapeutics, Inc. - Common stock",1702221466.0,BELOW_10B_THRESHOLD
KLC,"KinderCare Learning Companies, Inc. Common Stock",260737473.0,BELOW_10B_THRESHOLD
KINS,"Kingstone Companies, Inc - Common Stock",268821790.0,BELOW_10B_THRESHOLD
KLRS,"Kalaris Therapeutics, Inc.  - Common Stock",74271541.0,BELOW_10B_THRESHOLD
KLIC,"Kulicke and Soffa Industries, Inc. - Common Stock",4754100098.0,BELOW_10B_THRESHOLD
KLXE,"KLX Energy Services Holdings, Inc.  - Common Stock",31271397.0,BELOW_10B_THRESHOLD
KLTR,"Kaltura, Inc. - Common Stock",202893127.00000003,BELOW_10B_THRESHOLD
KMDA,Kamada Ltd. - Ordinary Shares,506119375.0,BELOW_10B_THRESHOLD
KMPR,Kemper Corporation,1523163531.0,BELOW_10B_THRESHOLD
KMRK,K-Tech Solutions Company Limited - Class A Ordinary Shares,20087200.0,BELOW_10B_THRESHOLD
KMT,Kennametal Inc. Common Stock,2287117528.0,BELOW_10B_THRESHOLD
KMTS,"Kestra Medical Technologies, Ltd. - Common Stock",1519421390.0,BELOW_10B_THRESHOLD
KN,Knowles Corporation Common Stock,3137121274.0,BELOW_10B_THRESHOLD
KMX,CarMax Inc,8154211576.0,BELOW_10B_THRESHOLD
KNRX,KNOREX LTD. Class A Ordinary Shares,9729312.0,BELOW_10B_THRESHOLD
KNDI,"Kandi Technologies Group, Inc. - Ordinary Shares",55529697.0,BELOW_10B_THRESHOLD
KNF,Knife Riv Holding Co. Common Stock,2919342691.0,BELOW_10B_THRESHOLD
KNSA,"Kiniksa Pharmaceuticals International, plc - Class A Ordinary Shares",5936066909.0,BELOW_10B_THRESHOLD
KNSL,"Kinsale Capital Group, Inc. Common Stock",7730541877.0,BELOW_10B_THRESHOLD
KNTK,Kinetik Holdings Inc. Class A Common Stock,8593103507.0,BELOW_10B_THRESHOLD
KOD,Kodiak Sciences Inc - Common Stock,1981014885.0,BELOW_10B_THRESHOLD
KODK,Eastman Kodak Company Common New,945714000.0000001,BELOW_10B_THRESHOLD
KOP,Koppers Holdings Inc. Common Stock,874849135.9999999,BELOW_10B_THRESHOLD
KOPN,Kopin Corporation - Common Stock,905199630.0000001,BELOW_10B_THRESHOLD
KOS,Kosmos Energy Ltd. Common Shares (DE),1578042275.0,BELOW_10B_THRESHOLD
KOSS,Koss Corporation - Common Stock,37392430.0,BELOW_10B_THRESHOLD
KOYN,CSLM Digital Asset Acquisition Corp III - Class A Ordinary Shares,,MARKET_CAP_MISSING
KPLT,"Katapult Holdings, Inc. - Common Stock",602428291.0,BELOW_10B_THRESHOLD
KPRX,"Kiora Pharmaceuticals, Inc.  - Common Stock",11591894.0,BELOW_10B_THRESHOLD
KPTI,Karyopharm Therapeutics Inc. - Common Stock,39692555.0,BELOW_10B_THRESHOLD
KRAQ,KRAKacquisition Corp - Class A Ordinary Shares,,MARKET_CAP_MISSING
KRC,Kilroy Realty Corporation Common Stock,3959157952.0000005,BELOW_10B_THRESHOLD
KRKR,36Kr Holdings Inc. - American Depositary Shares,6118811.0,BELOW_10B_THRESHOLD
KREF,KKR Real Estate Finance Trust Inc. Common Stock,354982365.0,BELOW_10B_THRESHOLD
KRMD,"KORU Medical Systems, Inc. - Common Stock",150982120.0,BELOW_10B_THRESHOLD
KRNT,Kornit Digital Ltd. - Ordinary Shares,651802321.0,BELOW_10B_THRESHOLD
KRG,Kite Realty Group Trust Common Stock,4946565776.0,BELOW_10B_THRESHOLD
KRMN,Karman Holdings Inc. Common Stock,4380239049.0,BELOW_10B_THRESHOLD
KRNY,Kearny Financial - Common Stock,606440428.0,BELOW_10B_THRESHOLD
KRO,Kronos Worldwide Inc Common Stock,970272059.9999999,BELOW_10B_THRESHOLD
KRSA,"Korsana Biosciences, Inc. - Common Stock",21601077.0,BELOW_10B_THRESHOLD
KRSP,Rice Acquisition Corporation 3 Class A Ordinary Shares,,MARKET_CAP_MISSING
KRRO,"Korro Bio, Inc. - Common Stock",144753100.0,BELOW_10B_THRESHOLD
KROS,"Keros Therapeutics, Inc. - common stock",230590196.0,BELOW_10B_THRESHOLD
KRT,Karat Packaging Inc. - Common Stock,1057377799.0,BELOW_10B_THRESHOLD
KRUS,"Kura Sushi USA, Inc. - Class A Common Stock",451973898.99999994,BELOW_10B_THRESHOLD
KSCP,"Knightscope, Inc. - Class A Common Stock",23101115.0,BELOW_10B_THRESHOLD
KT,KT Corporation Common Stock,9378597951.0,BELOW_10B_THRESHOLD
KTB,"Kontoor Brands, Inc. Common Stock ",3590196298.0,BELOW_10B_THRESHOLD
KTCC,Key Tronic Corporation - Common Stock,24324763.0,BELOW_10B_THRESHOLD
KSS,Kohl's Corporation Common Stock,1931934623.0,BELOW_10B_THRESHOLD
KTWO,K2 Capital Acquisition Corporation - Class A Ordinary Share,202415716.0,BELOW_10B_THRESHOLD
KTTA,Pasithea Therapeutics Corp. - Common Stock,17131587.0,BELOW_10B_THRESHOLD
KULR,"KULR Technology Group, Inc. Common Stock",111535575.99999999,BELOW_10B_THRESHOLD
KURA,"Kura Oncology, Inc. - Common Stock",982125233.9999999,BELOW_10B_THRESHOLD
KVHI,"KVH Industries, Inc. - Common Stock",129889287.99999999,BELOW_10B_THRESHOLD
KTOS,"Kratos Defense & Security Solutions, Inc. - Common Stock",8665216454.0,BELOW_10B_THRESHOLD
KUST,"Kustom Entertainment, Inc. - Common Stock",4261993.0,BELOW_10B_THRESHOLD
KVYO,"Klaviyo, Inc. Series A Common Stock",4777726393.0,BELOW_10B_THRESHOLD
KWR,Quaker Houghton Common Stock,2733615540.0,BELOW_10B_THRESHOLD
KWY,Kingsway Corporation Common Stock,262982790.0,BELOW_10B_THRESHOLD
KXIN,Kaixin Holdings - Ordinary Shares,64054214.0,BELOW_10B_THRESHOLD
KYIV,Kyivstar Group Ltd. - Common Shares,3018864384.0,BELOW_10B_THRESHOLD
KYNB,"Kyntra Bio, Inc. - Common Stock",29356148.999999996,BELOW_10B_THRESHOLD
KYMR,"Kymera Therapeutics, Inc. - Common Stock",9601401860.0,BELOW_10B_THRESHOLD
KYTX,"Kyverna Therapeutics, Inc. - Common Stock",437233148.99999994,BELOW_10B_THRESHOLD
KZIA,Kazia Therapeutics Limited - American Depositary Shares,149269229.0,BELOW_10B_THRESHOLD
LABT,Lakewood-Amedex Biotherapeutics Inc. - Common Stock,4218045.0,BELOW_10B_THRESHOLD
LAB,Standard BioTools Inc. - Common Stock,291293476.0,BELOW_10B_THRESHOLD
LAC,Lithium Americas Corp. Common Shares,1052824535.0000001,BELOW_10B_THRESHOLD
LAES,SEALSQ Corp - Ordinary Shares,512380197.99999994,BELOW_10B_THRESHOLD
LAFA,LaFayette Acquisition Corp. - Ordinary Share,159961729.94,BELOW_10B_THRESHOLD
LADR,Ladder Capital Corp Class A Common Stock,1150668298.0,BELOW_10B_THRESHOLD
LAD,"Lithia Motors, Inc. Common Stock",6749256274.0,BELOW_10B_THRESHOLD
LAKE,"Lakeland Industries, Inc. - Common Stock",101299729.0,BELOW_10B_THRESHOLD
LANV,Lanvin Group Holdings Limited Ordinary Shares,129363791.0,BELOW_10B_THRESHOLD
LAND,Gladstone Land Corporation - Common Stock,411091540.99999994,BELOW_10B_THRESHOLD
LAR,Lithium Argentina AG Common Shares,948498000.0,BELOW_10B_THRESHOLD
LASE,Laser Photonics Corporation - Common Stock,51466839.0,BELOW_10B_THRESHOLD
LARK,Landmark Bancorp Inc. - Common Stock,187957453.0,BELOW_10B_THRESHOLD
LASR,"nLIGHT, Inc. - Common Stock",2364144273.0,BELOW_10B_THRESHOLD
LATA,Galata Acquisition Corp. II - Class A Ordinary Shares,,MARKET_CAP_MISSING
LAUR,"Laureate Education, Inc. - Common Stock",5058156499.0,BELOW_10B_THRESHOLD
LAW,"CS Disco, Inc. Common Stock",276558199.0,BELOW_10B_THRESHOLD
LB,LandBridge Company LLC Class A Shares Representing Limited Liability Company Interests,6329483179.0,BELOW_10B_THRESHOLD
LBGJ,Li Bang International Corporation Inc. - Class A Ordinary Shares,1477534.0,BELOW_10B_THRESHOLD
LAZ,"Lazard, Inc. Common Stock",3588130060.9999995,BELOW_10B_THRESHOLD
LBRX,LB Pharmaceuticals Inc - Common Stock,1264237068.0,BELOW_10B_THRESHOLD
LCFY,Locafy Limited - Ordinary Share,4775520.0,BELOW_10B_THRESHOLD
LBTYA,Liberty Global Ltd. - Class A Common Shares,3233510126.0,BELOW_10B_THRESHOLD
LCID,"Lucid Group, Inc. - Common Stock",1639331932.0,BELOW_10B_THRESHOLD
LCLN,"Lincoln International, Inc. Class A Common Stock",2481830462.0,BELOW_10B_THRESHOLD
LCII,LCI Industries,2067207440.0,BELOW_10B_THRESHOLD
LBRT,Liberty Energy Inc. Class A common stock,2981507170.0,BELOW_10B_THRESHOLD
LCNB,LCNB Corporation - Common Stock,264144927.99999997,BELOW_10B_THRESHOLD
LCTX,"Lineage Cell Therapeutics, Inc. Common Stock",241956571.0,BELOW_10B_THRESHOLD
LCUT,"Lifetime Brands, Inc. - Common Stock",198853431.0,BELOW_10B_THRESHOLD
LDI,"loanDepot, Inc. Class A Common Stock",227510864.0,BELOW_10B_THRESHOLD
LE,"Lands' End, Inc. - Common Stock",303713903.0,BELOW_10B_THRESHOLD
LEA,Lear Corporation Common Stock,6002330531.0,BELOW_10B_THRESHOLD
LEDS,SemiLEDS Corporation - Common Stock,19028827.0,BELOW_10B_THRESHOLD
LEE,"Lee Enterprises, Incorporated - Common Stock",151362979.0,BELOW_10B_THRESHOLD
LEGH,Legacy Housing Corporation - Common Stock,688281120.0,BELOW_10B_THRESHOLD
LEGN,Legend Biotech Corporation - American Depositary Shares,3588311220.0,BELOW_10B_THRESHOLD
LENZ,"LENZ Therapeutics, Inc. - Common Stock",118140490.0,BELOW_10B_THRESHOLD
LEU,Centrus Energy Corp. Class A Common Stock,2985937619.0,BELOW_10B_THRESHOLD
LESL,"Leslie's, Inc. - Common Stock",3919451.0,BELOW_10B_THRESHOLD
LEVI,Levi Strauss & Co Class A Common Stock,7554616532.0,BELOW_10B_THRESHOLD
LEXX,Lexaria Bioscience Corp. - Common Stock,6814485.000000001,BELOW_10B_THRESHOLD
LFCR,"Lifecore Biomedical, Inc. - Common Stock",166553464.0,BELOW_10B_THRESHOLD
LFMD,"LifeMD, Inc. - Common Stock",147012553.0,BELOW_10B_THRESHOLD
LFS,"LEIFRAS Co., Ltd. - American Depositary Shares",56506937.0,BELOW_10B_THRESHOLD
LFT,"Lument Finance Trust, Inc. Common Stock",27660191.0,BELOW_10B_THRESHOLD
LFST,"LifeStance Health Group, Inc. - Common Stock",4616422096.0,BELOW_10B_THRESHOLD
LFTO,"Liftoff Mobile, Inc. - Common Stock",2724544269.0,BELOW_10B_THRESHOLD
LFVN,Lifevantage Corporation - Common Stock,78054553.0,BELOW_10B_THRESHOLD
LGCL,Lucas GC Limited - Class A Ordinary Shares,1081741.0,BELOW_10B_THRESHOLD
LFWD,Lifeward Ltd. - Ordinary Shares,19852432.0,BELOW_10B_THRESHOLD
LGHL,Lion Group Holding Ltd. - American Depositary Share,329930.0,BELOW_10B_THRESHOLD
LGCY,Legacy Education Inc. Common Stock,130442512.00000001,BELOW_10B_THRESHOLD
LGIH,"LGI Homes, Inc. - Common Stock",1129866019.0,BELOW_10B_THRESHOLD
LGN,Legence Corp. - Class A Common stock,5719354402.0,BELOW_10B_THRESHOLD
LGL,"LGL Group, Inc. (The) Common Stock",87661386.0,BELOW_10B_THRESHOLD
LGO,Largo Inc. - Common Shares,74772150.0,BELOW_10B_THRESHOLD
LGND,Ligand Pharmaceuticals Incorporated - Common Stock,5948985082.0,BELOW_10B_THRESHOLD
LGPS,LogProstyle Inc. Common Shares,19552161.0,BELOW_10B_THRESHOLD
LGVN,Longeveron Inc. - Class A Common stock,8289317.0,BELOW_10B_THRESHOLD
LHAI,Linkhome Holdings Inc. - Common stock,17687100.0,BELOW_10B_THRESHOLD
LHSW,Lianhe Sowell International Group Ltd - Class A Ordinary Shares,8353033.0,BELOW_10B_THRESHOLD
LICN,Lichen International Limited - Class A Ordinary Shares,17094298.0,BELOW_10B_THRESHOLD
LIDR,"AEye, Inc. - Class A Common Stock",55073159.00000001,BELOW_10B_THRESHOLD
LIF,"Life360, Inc. - Common Stock",3320325037.0,BELOW_10B_THRESHOLD
LIEN,"Chicago Atlantic BDC, Inc. - Common Stock",236193106.99999997,BELOW_10B_THRESHOLD
LIFE,Ethos Technologies Inc. - Class A Common Stock,2162083085.0,BELOW_10B_THRESHOLD
LILA,Liberty Latin America Ltd. - Class A Common Stock,1669068000.0,BELOW_10B_THRESHOLD
LIME,"Neutron Holdings, Inc. - Common Stock",1858547834.0000002,BELOW_10B_THRESHOLD
LIMN,"Liminatus Pharma, Inc. - Class A Common Stock",5413128.0,BELOW_10B_THRESHOLD
LINC,Lincoln Educational Services Corporation - Common Stock,764170429.0,BELOW_10B_THRESHOLD
LIND,Lindblad Expeditions Holdings Inc.  - Common Stock,1786824130.9999998,BELOW_10B_THRESHOLD
LINE,"Lineage, Inc. - Common Stock",8270427635.999999,BELOW_10B_THRESHOLD
LINK,"Interlink Electronics, Inc. - Common Stock",83414301.0,BELOW_10B_THRESHOLD
LION,Lionsgate Studios Corp Common Shares,3317790432.0000005,BELOW_10B_THRESHOLD
LITB,"LightInTheBox Holding Co., Ltd. American Depositary Shares, each representing twelve ordinary shares",61349670.0,BELOW_10B_THRESHOLD
LIQT,"LiqTech International, Inc. - Common Stock",22740600.0,BELOW_10B_THRESHOLD
LIVE,Live Ventures Incorporated - Common Stock,24358232.0,BELOW_10B_THRESHOLD
LITS,"Lite Strategy, Inc. - Common Stock",37621525.0,BELOW_10B_THRESHOLD
LIVN,LivaNova PLC - Ordinary Shares,4251015000.0000005,BELOW_10B_THRESHOLD
LKSP,Lake Superior Acquisition Corp. - Class A Ordinary Shares,,MARKET_CAP_MISSING
LKFT,Lakefront Biotherapeutics - American Depositary Shares,2024358021.0,BELOW_10B_THRESHOLD
LKFN,Lakeland Financial Corporation - Common Stock,1450703542.0,BELOW_10B_THRESHOLD
LKQ,LKQ Corporation - Common Stock,5927838875.0,BELOW_10B_THRESHOLD
LLYVA,"Liberty Live Holdings, Inc. - Series A Liberty Live Group Common Stock",8739590666.0,BELOW_10B_THRESHOLD
LMB,"Limbach Holdings, Inc. - Common Stock",609605642.0,BELOW_10B_THRESHOLD
LMAT,"LeMaitre Vascular, Inc. - Common Stock",1842804728.9999998,BELOW_10B_THRESHOLD
LMRI,"Lumexa Imaging Holdings, Inc. - Common Stock",974200257.0,BELOW_10B_THRESHOLD
LMND,"Lemonade, Inc. Common Stock",3433313840.9999995,BELOW_10B_THRESHOLD
LNAI,Lunai Bioworks Inc. - Common Stock,9702525.0,BELOW_10B_THRESHOLD
LNC,Lincoln National Corporation Common Stock,7864656563.0,BELOW_10B_THRESHOLD
LND,Brasilagro Brazilian Agric Real Estate Co Sponsored ADR (Brazil),363499392.0,BELOW_10B_THRESHOLD
LMNR,Limoneira Co - Common Stock,219215964.99999997,BELOW_10B_THRESHOLD
LNSR,"LENSAR, Inc. - Common Stock",87843935.0,BELOW_10B_THRESHOLD
LNKS,Linkers Industries Limited - Class A Ordinary Shares,1638745.0000000002,BELOW_10B_THRESHOLD
LNN,Lindsay Corporation Common Stock,1177963638.0,BELOW_10B_THRESHOLD
LNTH,"Lantheus Holdings, Inc. - Common Stock",6525278729.0,BELOW_10B_THRESHOLD
LNZA,"LanzaTech Global, Inc. - Common Stock",77095170.0,BELOW_10B_THRESHOLD
LOAR,Loar Holdings Inc. Common Stock,5963271179.0,BELOW_10B_THRESHOLD
LOBO,LOBO TECHNOLOGIES LTD. - Class A Ordinary Shares,7996488.0,BELOW_10B_THRESHOLD
LOB,"Live Oak Bancshares, Inc. Common Stock",1716659466.0000002,BELOW_10B_THRESHOLD
LOCL,Local Bounti Corporation Common Stock,23847721.0,BELOW_10B_THRESHOLD
LOAN,"Manhattan Bridge Capital, Inc - Common Stock",44559485.0,BELOW_10B_THRESHOLD
LOCO,"El Pollo Loco Holdings, Inc. - Common Stock",434582339.99999994,BELOW_10B_THRESHOLD
LODE,Comstock Inc. Common Stock,203661366.0,BELOW_10B_THRESHOLD
LOMA,Loma Negra Compania Industrial Argentina Sociedad Anonima ADS,1103950120.0,BELOW_10B_THRESHOLD
LOOP,"Loop Industries, Inc. - Common Stock",22985514.0,BELOW_10B_THRESHOLD
LONA,"LeonaBio, Inc. - Common Stock",55493594.99999999,BELOW_10B_THRESHOLD
LOPE,"Grand Canyon Education, Inc. - Common Stock",3926437174.0,BELOW_10B_THRESHOLD
LOT,Lotus Technology Inc. - American Depositary Shares,563112820.0,BELOW_10B_THRESHOLD
LOVE,The Lovesac Company - Common Stock,208995544.00000003,BELOW_10B_THRESHOLD
LPA,Logistic Properties of the Americas Ordinary Shares,95729878.0,BELOW_10B_THRESHOLD
LPBB,Launch Two Acquisition Corp. - Class A Ordinary Shares,,MARKET_CAP_MISSING
LPCN,Lipocine Inc. - Common Stock,17477816.0,BELOW_10B_THRESHOLD
LPL,"LG Display Co, Ltd AMERICAN DEPOSITORY SHARES",2940000000.0,BELOW_10B_THRESHOLD
LPG,Dorian LPG Ltd. Common Stock,2274327322.0,BELOW_10B_THRESHOLD
LPTH,"LightPath Technologies, Inc. - Class A Common Stock",687055632.0,BELOW_10B_THRESHOLD
LPX,Louisiana-Pacific Corporation Common Stock,4756190348.0,BELOW_10B_THRESHOLD
LQDA,Liquidia Corporation - Common Stock,6040955054.0,BELOW_10B_THRESHOLD
LQDT,"Liquidity Services, Inc. - Common Stock",1338486721.0,BELOW_10B_THRESHOLD
LRHC,La Rosa Holdings Corp. - Common Stock,1520936.0,BELOW_10B_THRESHOLD
LRE,"Lead Real Estate Co., Ltd - American Depositary Shares",14869671.000000002,BELOW_10B_THRESHOLD
LRN,"Stride, Inc. Common Stock",3263694627.9999995,BELOW_10B_THRESHOLD
LRMR,"Larimar Therapeutics, Inc. - Common Stock",401507552.0,BELOW_10B_THRESHOLD
LSAK,"Lesaka Technologies, Inc. - Common Stock",361319436.0,BELOW_10B_THRESHOLD
LSBK,"Lake Shore Bancorp, Inc. - Common Stock",141368184.0,BELOW_10B_THRESHOLD
LSE,"Leishen Energy Holding Co., Ltd. - Class A Ordinary Shares",93637500.0,BELOW_10B_THRESHOLD
LSF,"Laird Superfood, Inc. Common Stock",40182454.0,BELOW_10B_THRESHOLD
LSTA,"Lisata Therapeutics, Inc. - Common Stock",15503835.0,BELOW_10B_THRESHOLD
LSPD,Lightspeed Commerce Inc. Subordinate Voting Shares,1278485739.0,BELOW_10B_THRESHOLD
LTBR,Lightbridge Corporation - Common Stock,251718371.99999997,BELOW_10B_THRESHOLD
LSTR,"Landstar System, Inc. - Common Stock",5666787737.0,BELOW_10B_THRESHOLD
LTGO,"Latigo Biotherapeutics, Inc. - Common Stock",1323997960.0,BELOW_10B_THRESHOLD
LTC,"LTC Properties, Inc. Common Stock",2293142650.0,BELOW_10B_THRESHOLD
LTGR,Long Table Growth Corp. - Class A Ordinary Shares,,MARKET_CAP_MISSING
LTH,"Life Time Group Holdings, Inc. Common Stock",8864735477.0,BELOW_10B_THRESHOLD
LTRN,Lantern Pharma Inc. - Common Stock,17769963.0,BELOW_10B_THRESHOLD
LTRX,"Lantronix, Inc. - Common Stock",300028160.0,BELOW_10B_THRESHOLD
LU,"Lufax Holding Ltd American Depositary Shares, each representing two (2) Ordinary Shares",1057360448.0,BELOW_10B_THRESHOLD
LUCY,"Innovative Eyewear, Inc. - Common Stock",7937679.0,BELOW_10B_THRESHOLD
LUCD,Lucid Diagnostics Inc. - Common Stock,170501366.0,BELOW_10B_THRESHOLD
LUCK,Lucky Strike Entertainment Corporation Class A Common Stock,719811946.0,BELOW_10B_THRESHOLD
LUD,Luda Technology Group Limited Ordinary Shares,94730750.0,BELOW_10B_THRESHOLD
LUMN,"Lumen Technologies, Inc. Common Stock",6322760327.0,BELOW_10B_THRESHOLD
LUNG,Pulmonx Corporation - Common Stock,85896538.0,BELOW_10B_THRESHOLD
LUNR,"Intuitive Machines, Inc. - Class A Common Stock",3488802796.0,BELOW_10B_THRESHOLD
LVLU,"Lulu's Fashion Lounge Holdings, Inc. - Common Stock",30323843.0,BELOW_10B_THRESHOLD
LVO,"LiveOne, Inc. - Common Stock",33456765.0,BELOW_10B_THRESHOLD
LUXE,"LuxExperience B.V. American Depositary Shares, each representing one Ordinary Share",1246122493.0,BELOW_10B_THRESHOLD
LVWR,"LiveWire Group, Inc. Common Stock",279360942.0,BELOW_10B_THRESHOLD
LWAY,"Lifeway Foods, Inc. - Common Stock",337031526.0,BELOW_10B_THRESHOLD
LWLG,"Lightwave Logic, Inc. - Common Stock",812461434.0000001,BELOW_10B_THRESHOLD
LW,"Lamb Weston Holdings, Inc. Common Stock ",6192144735.0,BELOW_10B_THRESHOLD
LX,LexinFintech Holdings Ltd. - American Depositary Shares,119273753.0,BELOW_10B_THRESHOLD
LXEH,"Lixiang Education Holding Co., Ltd. - American Depositary Shares",3047501.0,BELOW_10B_THRESHOLD
LXEO,"Lexeo Therapeutics, Inc. - Common Stock",288802818.0,BELOW_10B_THRESHOLD
LXFR,Luxfer Holdings PLC Ordinary Shares,462132091.99999994,BELOW_10B_THRESHOLD
LXRX,"Lexicon Pharmaceuticals, Inc. - Common Stock",916609223.9999999,BELOW_10B_THRESHOLD
LXP,LXP Industrial Trust Common Stock (Maryland REIT),3589318232.0,BELOW_10B_THRESHOLD
LXU,"LSB Industries, Inc. Common Stock",739414366.0,BELOW_10B_THRESHOLD
LYEL,"Lyell Immunopharma, Inc. - Common Stock",258039135.00000003,BELOW_10B_THRESHOLD
LYFT,"Lyft, Inc. - Class A Common Stock",5591039478.0,BELOW_10B_THRESHOLD
LYNX,Lyntris Inc. Common Stock,1505023004.0,BELOW_10B_THRESHOLD
LYTS,LSI Industries Inc. - Common Stock,754169441.0,BELOW_10B_THRESHOLD
LZ,"LegalZoom.com, Inc. - Common Stock",991623261.0,BELOW_10B_THRESHOLD
LZM,Lifezone Metals Limited Ordinary Shares,356061646.0,BELOW_10B_THRESHOLD
LZMH,LZ Technology Holdings Limited - Class B Ordinary Shares,10774200.0,BELOW_10B_THRESHOLD
LZB,La-Z-Boy Incorporated Common Stock,1201983658.0,BELOW_10B_THRESHOLD
M,Macy's Inc Common Stock,5808568607.0,BELOW_10B_THRESHOLD
MAAS,Maase Inc. - Class A Ordinary Shares,6659164205.0,BELOW_10B_THRESHOLD
MAC,Macerich Company (The) Common Stock,6428291031.000001,BELOW_10B_THRESHOLD
MACI,Melar Acquisition Corp. I - Class A Ordinary Shares,,MARKET_CAP_MISSING
MAIA,"MAIA Biotechnology, Inc. Common Stock",80301152.0,BELOW_10B_THRESHOLD
MAGN,Magnera Corporation Common Stock,423156000.0,BELOW_10B_THRESHOLD
MAIN,Main Street Capital Corporation Common Stock,5150446032.0,BELOW_10B_THRESHOLD
MAKO,Mako Mining Corp - Common Stock,882191504.0,BELOW_10B_THRESHOLD
MAMA,"Mama's Creations, Inc. - Common Stock",627061338.0,BELOW_10B_THRESHOLD
MAMO,Massimo Group - Common Stock,39392339.0,BELOW_10B_THRESHOLD
MANE,"Veradermics, Incorporated Common Stock",4837304146.0,BELOW_10B_THRESHOLD
MAN,ManpowerGroup Common Stock,2668024551.0,BELOW_10B_THRESHOLD
MANU,Manchester United Ltd. Class A Ordinary Shares,3533067321.0,BELOW_10B_THRESHOLD
MARA,"MARA Holdings, Inc. - Common Stock",5157095615.0,BELOW_10B_THRESHOLD
MASK,3 E Network Technology Group Ltd - Class A Ordinary Shares,3420034.9999999995,BELOW_10B_THRESHOLD
MASS,908 Devices Inc. - Common Stock,452190733.00000006,BELOW_10B_THRESHOLD
MAT,"Mattel, Inc. - Common Stock",3736956000.0,BELOW_10B_THRESHOLD
MATH,Metalpha Technology Holding Limited - Ordinary Shares,47537986.0,BELOW_10B_THRESHOLD
MATV,"Mativ Holdings, Inc. Common Stock",678286304.0,BELOW_10B_THRESHOLD
MAX,"MediaAlpha, Inc. Class A Common Stock",575268753.0,BELOW_10B_THRESHOLD
MATW,Matthews International Corporation - Class A Common Stock,615211640.0,BELOW_10B_THRESHOLD
MATX,"Matson, Inc. Common Stock",6635876365.0,BELOW_10B_THRESHOLD
MAZE,"Maze Therapeutics, Inc. - Common Stock",1560376129.0,BELOW_10B_THRESHOLD
MB,MasterBeef Group - Ordinary Shares,69992400.0,BELOW_10B_THRESHOLD
MBBC,"Marathon Bancorp, Inc. - Common Stock",45615080.0,BELOW_10B_THRESHOLD
MBAI,MBody AI Ltd. - Ordinary Share,83655904.0,BELOW_10B_THRESHOLD
MBC,"MasterBrand, Inc. Common Stock",1467166433.0,BELOW_10B_THRESHOLD
MBGL,Mobility Global Inc. Common Stock,5566226522.0,BELOW_10B_THRESHOLD
MBI,MBIA Inc. Common Stock,230084162.0,BELOW_10B_THRESHOLD
MBIO,"Mustang Bio, Inc. - Common Stock",3875137.0,BELOW_10B_THRESHOLD
MBIN,Merchants Bancorp - Common Stock,2359838913.0,BELOW_10B_THRESHOLD
MBLY,Mobileye Global Inc. - Class A Common Stock,6469927620.999999,BELOW_10B_THRESHOLD
MBOT,Microbot Medical Inc.  - Common Stock,87985889.0,BELOW_10B_THRESHOLD
MBVI,M3-Brigade Acquisition VI Corp. - Class A Ordinary Shares,,MARKET_CAP_MISSING
MBUU,"Malibu Boats, Inc. - Common Stock",456709576.0,BELOW_10B_THRESHOLD
MBX,"MBX Biosciences, Inc. - Common Stock",2787987957.0,BELOW_10B_THRESHOLD
MBRX,"Moleculin Biotech, Inc. - Common Stock",10282109.0,BELOW_10B_THRESHOLD
MBWM,Mercantile Bank Corporation - Common Stock,1014338313.9999999,BELOW_10B_THRESHOLD
MC,Moelis & Company Class A Common Stock,4553694376.0,BELOW_10B_THRESHOLD
MCB,Metropolitan Bank Holding Corp. Common Stock,1087657064.0,BELOW_10B_THRESHOLD
MCFT,"MasterCraft Boat Holdings, Inc. - Common Stock",477051672.0,BELOW_10B_THRESHOLD
MCBS,"MetroCity Bankshares, Inc. - Common Stock",991513338.9999999,BELOW_10B_THRESHOLD
MCGA,Yorkville Acquisition Corp. - Class A Ordinary Share,,MARKET_CAP_MISSING
MCHB,Mechanics Bancorp - Class A Common Stock,3304680915.0,BELOW_10B_THRESHOLD
MCHX,"Marchex, Inc. - Class B Common Stock",58969394.0,BELOW_10B_THRESHOLD
MCRB,"Seres Therapeutics, Inc. - Common Stock",38069720.0,BELOW_10B_THRESHOLD
MCRP,Micropolis AI Robotics Ordinary Shares,28905078.0,BELOW_10B_THRESHOLD
MCRI,"Monarch Casino & Resort, Inc. - Common Stock",2107150794.0,BELOW_10B_THRESHOLD
MCS,Marcus Corporation (The) Common Stock,857134020.0,BELOW_10B_THRESHOLD
MDA,MDA Space Ltd. Common Shares,5121711877.0,BELOW_10B_THRESHOLD
MCY,Mercury General Corporation Common Stock,5419223266.0,BELOW_10B_THRESHOLD
MD,"Pediatrix Medical Group, Inc. Common Stock",2101209588.0,BELOW_10B_THRESHOLD
MDBH,"MDB Capital Holdings, LLC - Class A common ",13596580.0,BELOW_10B_THRESHOLD
MDAI,"Spectral AI, Inc. - Class A Common Stock",53426980.0,BELOW_10B_THRESHOLD
MDCX,Medicus Pharma Ltd. - Common Stock,9590786.0,BELOW_10B_THRESHOLD
MDIA,Mediaco Holding Inc. - Class A Common Stock,92421844.0,BELOW_10B_THRESHOLD
MDU,"MDU Resources Group, Inc. Common Stock (Holding Company)",3868326496.0000005,BELOW_10B_THRESHOLD
MDWD,MediWound Ltd. - Ordinary Shares,176225295.0,BELOW_10B_THRESHOLD
MDXG,"MiMedx Group, Inc - Common Stock",695277432.0,BELOW_10B_THRESHOLD
MDXH,MDxHealth SA - Ordinary Shares,57775225.0,BELOW_10B_THRESHOLD
MEGL,Magic Empire Global Limited - Class A Ordinary Shares,72878242.0,BELOW_10B_THRESHOLD
MEC,"Mayville Engineering Company, Inc. Common Stock",444980775.99999994,BELOW_10B_THRESHOLD
MED,MEDIFAST INC Common Stock,133609401.0,BELOW_10B_THRESHOLD
MENS,Jyong Biotech Ltd. - Ordinary shares,162699207.0,BELOW_10B_THRESHOLD
MEI,"Methode Electronics, Inc. Common Stock",528616136.00000006,BELOW_10B_THRESHOLD
MEDS,"DataMeds AI, Inc. - Common Stock",10852435.0,BELOW_10B_THRESHOLD
MESH,Meshflow Acquisition Corp. - Class A Ordinary Shares,,MARKET_CAP_MISSING
MEOH,Methanex Corporation - Common Stock,4576096156.0,BELOW_10B_THRESHOLD
MESO,Mesoblast Limited - American Depositary Shares,1988996759.9999998,BELOW_10B_THRESHOLD
MERC,Mercer International Inc. - Common Stock,21626719.0,BELOW_10B_THRESHOLD
METC,"Ramaco Resources, Inc. - Class A Common Stock",590980783.0,BELOW_10B_THRESHOLD
MEVO,M Evo Global Acquisition Corp II - Class A Ordinary Shares,,MARKET_CAP_MISSING
MF,MindForge Inc. - Class A Ordinary Shares,24223510.0,BELOW_10B_THRESHOLD
MFA,"MFA Financial, Inc.",841051644.0,BELOW_10B_THRESHOLD
MFI,mF International Limited - Class A Ordinary Shares,471658959.0,BELOW_10B_THRESHOLD
MFIN,Medallion Financial Corp. - Common Stock,264961273.0,BELOW_10B_THRESHOLD
MG,Mistras Group Inc Common Stock,666936759.0,BELOW_10B_THRESHOLD
MFP,"Midera Food Processing, Inc. - Common Stock",2026324384.0000002,BELOW_10B_THRESHOLD
MGIH,Millennium Group International Holdings Limited - Ordinary Shares,17718750.0,BELOW_10B_THRESHOLD
MGEE,MGE Energy Inc. - Common Stock,2677375090.0,BELOW_10B_THRESHOLD
MGLD,"The Marygold Companies, Inc. Common Stock",41003760.0,BELOW_10B_THRESHOLD
MGN,Megan Holdings Limited - Class A Ordinary Shares,3653750.0,BELOW_10B_THRESHOLD
MGM,MGM Resorts International Common Stock,9777530963.0,BELOW_10B_THRESHOLD
MGNI,"Magnite, Inc. - Common Stock",3450785217.0,BELOW_10B_THRESHOLD
MGNX,"MacroGenics, Inc. - Common Stock",242060711.00000003,BELOW_10B_THRESHOLD
MGPI,"MGP Ingredients, Inc. - Common Stock",277098143.0,BELOW_10B_THRESHOLD
MGRT,Mega Fortune Company Limited - Ordinary Shares,1650000000.0,BELOW_10B_THRESHOLD
MGRC,McGrath RentCorp - Common Stock,2765962078.0,BELOW_10B_THRESHOLD
MGRX,"Mangoceuticals, Inc. - Common Stock",9681616.0,BELOW_10B_THRESHOLD
MGTX,MeiraGTx Holdings plc - Ordinary Shares,1128505203.0,BELOW_10B_THRESHOLD
MGX,"Metagenomi Therapeutics, Inc. - Common Stock",42688129.0,BELOW_10B_THRESHOLD
MGY,Magnolia Oil & Gas Corporation Class A Common Stock,6544714383.0,BELOW_10B_THRESHOLD
MGYR,"Magyar Bancorp, Inc. - Common Stock",124137015.0,BELOW_10B_THRESHOLD
MH,"McGraw Hill, Inc. Common Stock",2630496193.0,BELOW_10B_THRESHOLD
MHH,"Mastech Digital, Inc Common Stock",87691841.0,BELOW_10B_THRESHOLD
MHK,"Mohawk Industries, Inc. Common Stock",8104869049.0,BELOW_10B_THRESHOLD
MI,NFT Limited Class A Ordinary Share,1230857.0,BELOW_10B_THRESHOLD
MIAC,Meridian3 Industrials Acquisition Corp - Class A Ordinary Shares,,MARKET_CAP_MISSING
MHO,"M/I Homes, Inc. Common Stock",3483243181.0000005,BELOW_10B_THRESHOLD
MIAX,"Miami International Holdings, Inc. Common Stock",3561396929.0,BELOW_10B_THRESHOLD
MINE,Mayfair Gold Corp. Common Shares,190673329.0,BELOW_10B_THRESHOLD
MIMI,Mint Incorporation Limited - Class A Ordinary Shares,12442333.0,BELOW_10B_THRESHOLD
MIDD,The Middleby Corporation - Common Stock,5030534103.0,BELOW_10B_THRESHOLD
MIND,"MIND Technology, Inc. - Common Stock",40628076.0,BELOW_10B_THRESHOLD
MIRA,"MIRA Pharmaceuticals, Inc. - Common Stock",36042344.0,BELOW_10B_THRESHOLD
MIR,"Mirion Technologies, Inc. Class A Common Stock",4079236658.0,BELOW_10B_THRESHOLD
MIRM,"Mirum Pharmaceuticals, Inc. - common stock",5799744372.0,BELOW_10B_THRESHOLD
MIST,Milestone Pharmaceuticals Inc. - Common Shares,107317259.0,BELOW_10B_THRESHOLD
MITK,"Mitek Systems, Inc. - Common Stock",798214796.0,BELOW_10B_THRESHOLD
MITQ,"Moving iMage Technologies, Inc. Common Stock",6152529.0,BELOW_10B_THRESHOLD
MKLY,McKinley Acquisition Corporation - Class A Ordinary Shares,,MARKET_CAP_MISSING
MKDW,MKDWELL Tech Inc. - Ordinary Shares,53349570.0,BELOW_10B_THRESHOLD
MITT,"TPG Mortgage Investment Trust, Inc. Common Stock",196863510.0,BELOW_10B_THRESHOLD
MKZR,"MacKenzie Realty Capital, Inc. - Common Stock",3801323.0,BELOW_10B_THRESHOLD
MLAA,Mountain Lake Acquisition Corp. II - Class A Ordinary Shares,,MARKET_CAP_MISSING
MKTW,"MarketWise, Inc. - Class A Common Stock",295771594.0,BELOW_10B_THRESHOLD
MKTX,"MarketAxess Holdings, Inc. - Common Stock",5761428186.0,BELOW_10B_THRESHOLD
MLAB,"Mesa Laboratories, Inc. - Common Stock",744306536.0,BELOW_10B_THRESHOLD
MLCO,Melco Resorts & Entertainment Limited - American Depositary Shares ,1857155753.0,BELOW_10B_THRESHOLD
MLEC,Moolec Science SA - Ordinary Shares,4545499.0,BELOW_10B_THRESHOLD
MLGO,"MicroAlgo, Inc. - Ordinary Shares",42411742.0,BELOW_10B_THRESHOLD
MLCI,Mount Logan Capital Inc. - Common Stock,37258597.0,BELOW_10B_THRESHOLD
MLKN,"MillerKnoll, Inc. - Common Stock",1377410583.0,BELOW_10B_THRESHOLD
MLP,"Maui Land & Pineapple Company, Inc. Common Stock",321916903.0,BELOW_10B_THRESHOLD
MLR,"Miller Industries, Inc. Common Stock",615174851.0,BELOW_10B_THRESHOLD
MLTX,MoonLake Immunotherapeutics - Class A Ordinary Shares,1097876237.0,BELOW_10B_THRESHOLD
MLSS,"Milestone Scientific, Inc. Common Stock",37708072.0,BELOW_10B_THRESHOLD
MLYS,"Mineralys Therapeutics, Inc. - Common Stock",2377261138.0,BELOW_10B_THRESHOLD
MMED,"MiniMed Group, Inc. - Common Stock",5778927583.0,BELOW_10B_THRESHOLD
MMA,Mixed Martial Arts Group Limited Ordinary Shares,11477967.0,BELOW_10B_THRESHOLD
MMI,"Marcus & Millichap, Inc. Common Stock",1138781060.0,BELOW_10B_THRESHOLD
MMSI,"Merit Medical Systems, Inc. - Common Stock",5198986269.0,BELOW_10B_THRESHOLD
MMS,"Maximus, Inc. Common Stock",2816324072.0,BELOW_10B_THRESHOLD
MMYT,MakeMyTrip Limited - Ordinary Shares,4401004795.0,BELOW_10B_THRESHOLD
MNDO,MIND C.T.I. Ltd. - Ordinary Shares,20588869.0,BELOW_10B_THRESHOLD
MNDR,Mobile-health Network Solutions - Class A Ordinary Shares,1660406.0,BELOW_10B_THRESHOLD
MNDY,monday.com Ltd. - Ordinary Shares,3709734378.0000005,BELOW_10B_THRESHOLD
MNKD,MannKind Corporation - Common Stock,1073958577.0,BELOW_10B_THRESHOLD
MNPR,Monopar Therapeutics Inc. - Common Stock,599933933.0,BELOW_10B_THRESHOLD
MNOV,"MediciNova, Inc. - Common Stock",137819489.0,BELOW_10B_THRESHOLD
MNRO,"Monro, Inc.  - Common Stock",438322121.00000006,BELOW_10B_THRESHOLD
MNSB,"MainStreet Bancshares, Inc. - Common Stock",176602685.0,BELOW_10B_THRESHOLD
MNTN,"MNTN, Inc. Class A Common Stock",789921401.0,BELOW_10B_THRESHOLD
MNTS,Momentus Inc. - Class A Common Stock,92905186.0,BELOW_10B_THRESHOLD
MNSO,"MINISO Group Holding Limited American Depositary Shares, each representing four Ordinary Shares",2778331575.0,BELOW_10B_THRESHOLD
MNY,MoneyHero Limited - Class A Ordinary Shares,31503152.0,BELOW_10B_THRESHOLD
MOBI,"Mobia Medical, Inc. - Common Stock",304946439.0,BELOW_10B_THRESHOLD
MNTK,"Montauk Renewables, Inc. - Common Stock",323826091.0,BELOW_10B_THRESHOLD
MOB,Mobilicom Limited - Ordinary Shares,63798524.0,BELOW_10B_THRESHOLD
MOBX,"Mobix Labs, Inc. - Class A Common Stock",14365226.0,BELOW_10B_THRESHOLD
MODD,"Modular Medical, Inc. - common stock",18094827.0,BELOW_10B_THRESHOLD
MOGU,MOGU Inc. American Depositary Shares (each  representing 25 Class A Ordinary Shares),16164459.0,BELOW_10B_THRESHOLD
MOG-A,Moog Inc. Class A Common Stock,,MARKET_CAP_MISSING
MOH,Molina Healthcare Inc Common Stock,9885114000.0,BELOW_10B_THRESHOLD
MORN,"Morningstar, Inc. - Common Stock",7514718542.999999,BELOW_10B_THRESHOLD
MPAA,"Motorcar Parts of America, Inc. - Common Stock",199934666.0,BELOW_10B_THRESHOLD
MOS,Mosaic Company (The) Common Stock,7747116893.0,BELOW_10B_THRESHOLD
MP,MP Materials Corp. Common Stock,8707386637.0,BELOW_10B_THRESHOLD
MOVE,"Corvex, Inc. - Common Stock",360326981.0,BELOW_10B_THRESHOLD
MOV,Movado Group Inc. Common Stock,741659024.0,BELOW_10B_THRESHOLD
MOMO,Hello Group Inc.  - American Depositary Shares,728394687.0,BELOW_10B_THRESHOLD
MPB,Mid Penn Bancorp - Common Stock,909534219.0,BELOW_10B_THRESHOLD
MPLT,"MapLight Therapeutics, Inc. - Common Stock",697611737.0,BELOW_10B_THRESHOLD
MPT,"Medical Properties Trust, Inc. common stock",2143948000.0,BELOW_10B_THRESHOLD
MPU,Mega Matrix Inc. Class A Ordinary Shares,9579618.0,BELOW_10B_THRESHOLD
MPTI,"M-tron Industries, Inc. Common Stock",319509451.0,BELOW_10B_THRESHOLD
MQ,"Marqeta, Inc. - Class A Common Stock",1675991227.0,BELOW_10B_THRESHOLD
MRAM,"Everspin Technologies, Inc. - Common Stock",416141654.0,BELOW_10B_THRESHOLD
MRBK,Meridian Corporation - Common Stock,228321979.0,BELOW_10B_THRESHOLD
MRDN,Meridian Holdings Inc. - Common Stock,170024408.0,BELOW_10B_THRESHOLD
MRCO,Mercator Acquisition Corp. - Class A Ordinary Shares,,MARKET_CAP_MISSING
MREO,Mereo BioPharma Group plc - American Depositary Shares,52796050.00000001,BELOW_10B_THRESHOLD
MRCY,Mercury Systems Inc - Common Stock,5034635834.0,BELOW_10B_THRESHOLD
MRKR,"Marker Therapeutics, Inc. - Common Stock",20674677.0,BELOW_10B_THRESHOLD
MRLN,"Merlin, Inc. - Common Stock",178889978.0,BELOW_10B_THRESHOLD
MRT,"Marti Technologies, Inc. Class A Ordinary Shares",170364597.0,BELOW_10B_THRESHOLD
MRP,"Millrose Properties, Inc. Class A Common Stock",4451744923.0,BELOW_10B_THRESHOLD
MRM,MEDIROM Healthcare Technologies Inc. - American Depositary Share,5807933.0,BELOW_10B_THRESHOLD
MRNO,Murano Global Investments PLC - Ordinary Shares,19779021.0,BELOW_10B_THRESHOLD
MRTN,"Marten Transport, Ltd. - Common Stock",1075484181.0,BELOW_10B_THRESHOLD
MRVI,"Maravai LifeSciences Holdings, Inc. - Class A common stock",1913794615.9999998,BELOW_10B_THRESHOLD
MRX,Marex Group Limited - Ordinary Shares,5307169801.0,BELOW_10B_THRESHOLD
MSA,MSA Safety Incorporated Common Stock,7053654361.0,BELOW_10B_THRESHOLD
MSAI,"MultiSensor AI Holdings, Inc. - Common Stock",10633870.0,BELOW_10B_THRESHOLD
MSBI,"Midland States Bancorp, Inc. - Common Stock",672160908.0,BELOW_10B_THRESHOLD
MSC,"Studio City International Holdings Limited American depositary shares, each representing four  Class A ordinary shares",168383247.0,BELOW_10B_THRESHOLD
MSB,Mesabi Trust Common Stock,264630602.0,BELOW_10B_THRESHOLD
MSEX,Middlesex Water Company - Common Stock,1010977703.0,BELOW_10B_THRESHOLD
MSGS,Madison Square Garden Sports Corp. Class A Common Stock (New),9506760707.0,BELOW_10B_THRESHOLD
MSGY,Masonglory Limited - Class A Ordinary Shares,4302839.0,BELOW_10B_THRESHOLD
MSGM,Motorsport Games Inc. - Class A Common Stock,19961289.0,BELOW_10B_THRESHOLD
MSLE,Satellos Bioscience Inc. - Common Stock,178430252.0,BELOW_10B_THRESHOLD
MSM,"MSC Industrial Direct Company, Inc. Common Stock",6930525582.0,BELOW_10B_THRESHOLD
MSS,Maison Solutions Inc. - Class A Common Stock,1796212.0000000002,BELOW_10B_THRESHOLD
MSN,Emerson Radio Corporation Common Stock,9481819.0,BELOW_10B_THRESHOLD
MSGE,Madison Square Garden Entertainment Corp. Class A Common Stock,3712987817.0,BELOW_10B_THRESHOLD
MTA,Metalla Royalty & Streaming Ltd. Common Shares,938698574.9999999,BELOW_10B_THRESHOLD
MTAL,Metals Acquisition Corp. II Class A Ordinary Shares,838638886.0,BELOW_10B_THRESHOLD
MTC,"MMTec, Inc. - Common Shares",689147652.0,BELOW_10B_THRESHOLD
MTCH,"Match Group, Inc. - Common Stock",9292223873.0,BELOW_10B_THRESHOLD
MTEN,Mingteng International Corporation Inc. - Class A Ordinary Shares,7726363.999999999,BELOW_10B_THRESHOLD
MTEK,Maris-Tech Ltd. - ordinary shares,9624916.0,BELOW_10B_THRESHOLD
MTEX,"Mannatech, Incorporated - Common Stock",14781272.0,BELOW_10B_THRESHOLD
MTDR,Matador Resources Company Common Stock,6450069738.000001,BELOW_10B_THRESHOLD
MTLS,Materialise NV - American Depositary Shares,471946816.0,BELOW_10B_THRESHOLD
MTH,Meritage Homes Corporation Common Stock,4162017578.9999995,BELOW_10B_THRESHOLD
MTG,MGIC Investment Corporation Common Stock,6010157812.0,BELOW_10B_THRESHOLD
MTNE,CH4 Natural Solutions Corporation Class A Ordinary Shares,,MARKET_CAP_MISSING
MTN,"Vail Resorts, Inc. Common Stock",4990475316.0,BELOW_10B_THRESHOLD
MTR,Mesa Royalty Trust Common Stock,4416708.0,BELOW_10B_THRESHOLD
MTRN,Materion Corporation,5306974769.0,BELOW_10B_THRESHOLD
MTRX,Matrix Service Company - Common Stock,276694987.0,BELOW_10B_THRESHOLD
MTNB,"Matinas Biopharma Holdings, Inc. Common Stock",2571239.0,BELOW_10B_THRESHOLD
MTUS,Metallus Inc. Common Shares,775930596.0,BELOW_10B_THRESHOLD
MTW,"Manitowoc Company, Inc. (The) Common Stock",810673063.0,BELOW_10B_THRESHOLD
MTVA,MetaVia Inc.  - Common Stock,10738605.0,BELOW_10B_THRESHOLD
MTX,Minerals Technologies Inc. Common Stock,2081891603.0,BELOW_10B_THRESHOLD
MUSA,Murphy USA Inc. Common Stock,9304866865.0,BELOW_10B_THRESHOLD
MUX,McEwen Inc. Common Stock,1154768212.0,BELOW_10B_THRESHOLD
MUR,Murphy Oil Corporation Common Stock,5191830536.0,BELOW_10B_THRESHOLD
MUZE,Muzero Acquisition Corp - Class A Ordinary Shares,,MARKET_CAP_MISSING
MVIS,"MicroVision, Inc. - Common Stock",48843044.0,BELOW_10B_THRESHOLD
MVST,"Microvast Holdings, Inc. - Common Stock",268020537.0,BELOW_10B_THRESHOLD
MWC,"Micware Co., Ltd. - American Depositary Shares",110397582.0,BELOW_10B_THRESHOLD
MVBF,MVB Financial Corp. - Common Stock,385005283.0,BELOW_10B_THRESHOLD
MWA,MUELLER WATER PRODUCTS Common Stock,3391049747.9999995,BELOW_10B_THRESHOLD
MWG,Multi Ways Holdings Limited Class A Ordinary Shares,6633211.0,BELOW_10B_THRESHOLD
MWH,"SOLV Energy, Inc. - Class A common stock",5150742075.0,BELOW_10B_THRESHOLD
MWYN,"Marwynn Holdings, Inc. - Common stock",21406492.0,BELOW_10B_THRESHOLD
MXC,Mexco Energy Corporation Common Stock,21769440.0,BELOW_10B_THRESHOLD
MX,Magnachip Semiconductor Corporation Common Stock,122270159.0,BELOW_10B_THRESHOLD
MXL,"MaxLinear, Inc - Common Stock",7647249865.000001,BELOW_10B_THRESHOLD
MXCT,"MaxCyte, Inc. - Common Stock",122815385.0,BELOW_10B_THRESHOLD
MYE,"Myers Industries, Inc. Common Stock",1197383168.0,BELOW_10B_THRESHOLD
MYO,Myomo Inc. Common Stock,64956881.0,BELOW_10B_THRESHOLD
MYFW,"First Western Financial, Inc. - Common Stock",295688106.0,BELOW_10B_THRESHOLD
MYGN,"Myriad Genetics, Inc. - Common Stock",383555076.0,BELOW_10B_THRESHOLD
MYSE,"Myseum.AI, Inc. - Common Stock",9509467.0,BELOW_10B_THRESHOLD
MYPS,"PLAYSTUDIOS, Inc.  - Class A Common Stock",52853408.0,BELOW_10B_THRESHOLD
MYND,"Mynd.ai, Inc. American Depositary Shares",16759906.999999998,BELOW_10B_THRESHOLD
MZYX,MOZAYYX Acquisition Corp. Class A Ordinary Shares,,MARKET_CAP_MISSING
MYSZ,"My Size, Inc. - Common Stock",1573436.0,BELOW_10B_THRESHOLD
MZTI,The Marzetti Company - Common Stock,2786956920.0,BELOW_10B_THRESHOLD
NAN,Nano Labs Ltd - Class A Ordinary Shares,53624548.00000001,BELOW_10B_THRESHOLD
NAAS,NaaS Technology Inc. - American Depositary Shares,84005012.0,BELOW_10B_THRESHOLD
MYRG,"MYR Group, Inc. - Common Stock",4595731215.0,BELOW_10B_THRESHOLD
NABL,"N-able, Inc. Common Stock",783960108.0,BELOW_10B_THRESHOLD
NAGE,"Niagen Bioscience, Inc. - Common Stock",237378006.0,BELOW_10B_THRESHOLD
NAII,"Natural Alternatives International, Inc. - Common Stock",11609174.0,BELOW_10B_THRESHOLD
NAK,"Northern Dynasty Minerals, Ltd. Common Stock",792591543.0,BELOW_10B_THRESHOLD
NAKA,Nakamoto Inc. - Common Stock,164544001.0,BELOW_10B_THRESHOLD
NAMI,Jinxin Technology Holding Company - American Depositary Shares,5092198.0,BELOW_10B_THRESHOLD
NAMS,NewAmsterdam Pharma Company N.V. - Ordinary Shares,2711102993.0,BELOW_10B_THRESHOLD
NAMM,Namib Minerals - Ordinary Shares,69815508.0,BELOW_10B_THRESHOLD
NATH,"Nathan's Famous, Inc. - Common Stock",386819198.0,BELOW_10B_THRESHOLD
NATL,NCR Atleos Corporation Common Stock,3382262669.0,BELOW_10B_THRESHOLD
NAT,Nordic American Tankers Limited Common Stock,1613540052.0,BELOW_10B_THRESHOLD
NAVN,"Navan, Inc. - Class A Common Stock",5119670292.0,BELOW_10B_THRESHOLD
NATR,"Nature's Sunshine Products, Inc. - Common Stock",227861984.00000003,BELOW_10B_THRESHOLD
NAUT,"Nautilus Biotechnology, Inc. - Common Stock",121388757.0,BELOW_10B_THRESHOLD
NBBK,"NB Bancorp, Inc. - Common Stock",981095990.9999999,BELOW_10B_THRESHOLD
NAVI,Navient Corporation - Common Stock,859059864.0,BELOW_10B_THRESHOLD
NB,NioCorp Developments Ltd. - Common Stock,511010538.0,BELOW_10B_THRESHOLD
NBHC,National Bank Holdings Corporation Common Stock,1775346343.0,BELOW_10B_THRESHOLD
NBP,NovaBridge Biosciences - American Depositary Shares,176533989.0,BELOW_10B_THRESHOLD
NBN,Northeast Bank - Common Stock,1048851299.9999999,BELOW_10B_THRESHOLD
NBR,Nabors Industries Ltd.,1390119092.0,BELOW_10B_THRESHOLD
NBTX,Nanobiotix S.A. - ADSs,1790470502.0000002,BELOW_10B_THRESHOLD
NCDL,Nuveen Churchill Direct Lending Corp. Common Stock,582273496.0,BELOW_10B_THRESHOLD
NBTB,NBT Bancorp Inc. - Common Stock,2622943879.0,BELOW_10B_THRESHOLD
NCEL,NewcelX Ltd. - Ordinary Shares,16519726.000000002,BELOW_10B_THRESHOLD
NCEW,New Century Logistics (BVI) Limited - Ordinary Shares,54400000.00000001,BELOW_10B_THRESHOLD
NCI,Neo-Concept International Group Holdings Limited - Class A Ordinary Shares,34518517.0,BELOW_10B_THRESHOLD
NCLH,Norwegian Cruise Line Holdings Ltd. Ordinary Shares,6511283656.000001,BELOW_10B_THRESHOLD
NC,"NACCO Industries, Inc. Common Stock",274246896.0,BELOW_10B_THRESHOLD
NCMI,"National CineMedia, Inc. - Common Stock",206954975.00000003,BELOW_10B_THRESHOLD
NCNA,NuCana plc - American Depositary Shares,5452182.0,BELOW_10B_THRESHOLD
NCNO,"nCino, Inc. - Common Stock",2033306626.0,BELOW_10B_THRESHOLD
NCPL,Netcapital Inc. - Common Stock,8161815.0,BELOW_10B_THRESHOLD
NCRA,"Nocera, Inc. - common stock",4372112.0,BELOW_10B_THRESHOLD
NCT,Intercont (Cayman) Limited - Class A Ordinary shares,6646906.0,BELOW_10B_THRESHOLD
NCTY,The9 Limited - American Depository Shares,55899791.0,BELOW_10B_THRESHOLD
NDLS,Noodles & Company - Class A Common Stock,78043913.0,BELOW_10B_THRESHOLD
NDRA,ENDRA Life Sciences Inc. - Common Stock,9748947.0,BELOW_10B_THRESHOLD
NE,Noble Corporation plc A Ordinary Shares,7123235767.0,BELOW_10B_THRESHOLD
NECB,"NorthEast Community Bancorp, Inc. - Common Stock",363148636.0,BELOW_10B_THRESHOLD
NEOG,Neogen Corporation - Common Stock,2959698488.0,BELOW_10B_THRESHOLD
NEOV,NeoVolta Inc. - Common Stock,186596493.0,BELOW_10B_THRESHOLD
NEGG,"Newegg Commerce, Inc. - Common Shares",302646494.0,BELOW_10B_THRESHOLD
NESR,National Energy Services Reunited Corp - Ordinary Shares,3308946049.0,BELOW_10B_THRESHOLD
NEO,"NeoGenomics, Inc. - Common Stock",2358809078.0,BELOW_10B_THRESHOLD
NERV,"Minerva Neurosciences, Inc - Common Stock",166638981.0,BELOW_10B_THRESHOLD
NEPH,"Nephros, Inc. - Common Stock",46589915.0,BELOW_10B_THRESHOLD
NEON,Neonode Inc. - Common Stock,14795824.0,BELOW_10B_THRESHOLD
NEUP,Neuphoria Therapeutics Inc. - Common Stock,19913709.0,BELOW_10B_THRESHOLD
NEU,NewMarket Corp Common Stock,8182502239.0,BELOW_10B_THRESHOLD
NEWP,New Pacific Metals Corp. Common Shares,1211915068.0,BELOW_10B_THRESHOLD
NEWT,"NewtekOne, Inc. - Common Stock",327264002.0,BELOW_10B_THRESHOLD
NEXM,NexMetals Mining Corp. - Common Stock,77356516.0,BELOW_10B_THRESHOLD
NEXA,Nexa Resources S.A. Common Shares,1692570419.9999998,BELOW_10B_THRESHOLD
NEXN,Nexxen International Ltd. - Ordinary Shares,480870323.0,BELOW_10B_THRESHOLD
NEXR,Nexera Technologies Ltd - Ordinary Shares,830621.0,BELOW_10B_THRESHOLD
NFGC,New Found Gold Corp Common Shares,691843588.0,BELOW_10B_THRESHOLD
NFG,National Fuel Gas Company Common Stock,7471495231.999999,BELOW_10B_THRESHOLD
NEXT,NextDecade Corporation - Common Stock,1778118692.0,BELOW_10B_THRESHOLD
NG,Novagold Resources Inc.,3185547258.0,BELOW_10B_THRESHOLD
NFE,New Fortress Energy Inc. - Class A Common Stock,104458336.0,BELOW_10B_THRESHOLD
NGS,"Natural Gas Services Group, Inc. Common Stock",427965095.99999994,BELOW_10B_THRESHOLD
NGEN,NervGen Pharma Corp. - Common stock,208568761.0,BELOW_10B_THRESHOLD
NGNE,Neurogene Inc. - Common Stock,618952045.0,BELOW_10B_THRESHOLD
NGVC,"Natural Grocers by Vitamin Cottage, Inc. Common Stock",683547771.0,BELOW_10B_THRESHOLD
NGVT,Ingevity Corporation Common Stock ,2466615904.0,BELOW_10B_THRESHOLD
NHI,"National Health Investors, Inc. Common Stock",3300221165.0,BELOW_10B_THRESHOLD
NHC,National HealthCare Corporation Common Stock,3521777894.0,BELOW_10B_THRESHOLD
NHP,"National Healthcare Properties, Inc. - Class A Common Stock",1179600894.0,BELOW_10B_THRESHOLD
NHTC,Natural Health Trends Corp. - Common Stock,9006740.0,BELOW_10B_THRESHOLD
NIC,Nicolet Bankshares Inc. Common Stock,3453378991.9999995,BELOW_10B_THRESHOLD
NINE,"Nine Energy Service, Inc. Common Stock",124991910.0,BELOW_10B_THRESHOLD
NIO,"NIO Inc. American depositary shares, each  representing one Class A ordinary share",9195797971.0,BELOW_10B_THRESHOLD
NICE,NICE Ltd - American Depositary Shares each representing one Ordinary Share,6997147688.0,BELOW_10B_THRESHOLD
NICM,Nicola Mining Inc. - American Depositary Shares,114568772.99999999,BELOW_10B_THRESHOLD
NIU,Niu Technologies - American Depositary Shares,167068867.0,BELOW_10B_THRESHOLD
NIQ,NIQ Global Intelligence plc Ordinary Shares,5223668351.0,BELOW_10B_THRESHOLD
NIKI,"Niki BioSolutions, Inc. - Common Stock",13752765.0,BELOW_10B_THRESHOLD
NIPG,NIP Group Inc. - American Depositary Shares,113592741.00000001,BELOW_10B_THRESHOLD
NIXX,"Nixxy, Inc. - Common Stock",10430309.0,BELOW_10B_THRESHOLD
NIVF,NewGenIvf Group Limited - Class A Ordinary Shares,1425800.0,BELOW_10B_THRESHOLD
NJR,NewJersey Resources Corporation Common Stock,5298656140.0,BELOW_10B_THRESHOLD
NKLR,Terra Innovatum Global N.V. - Ordinary shares,403328314.0,BELOW_10B_THRESHOLD
NKSH,"National Bankshares, Inc. - Common Stock",264317024.0,BELOW_10B_THRESHOLD
NKTX,"Nkarta, Inc. - Common Stock",197684423.0,BELOW_10B_THRESHOLD
NL,"NLI Holdings, Inc. Common Stock",339357214.0,BELOW_10B_THRESHOLD
NKTR,Nektar Therapeutics - Common Stock,1968685034.0,BELOW_10B_THRESHOLD
NLOP,Net Lease Office Properties Common Shares of Beneficial Interest,151696128.0,BELOW_10B_THRESHOLD
NMAD,"Nomad Power Solutions, Inc. - Common Stock",56756264.99999999,BELOW_10B_THRESHOLD
NMAX,"Newsmax, Inc. Class B Common Stock",1407851031.0,BELOW_10B_THRESHOLD
NMIH,NMI Holdings Inc - Common Stock,3173441134.0,BELOW_10B_THRESHOLD
NMP,NMP Acquisition Corp. - Class A Ordinary Shares,,MARKET_CAP_MISSING
NMG,Nouveau Monde Graphite Inc. Common Shares,444361721.0,BELOW_10B_THRESHOLD
NMFC,New Mountain Finance Corporation - Common Stock,666833873.0,BELOW_10B_THRESHOLD
NMTC,NeuroOne Medical Technologies Corporation - Common Stock,12201722.0,BELOW_10B_THRESHOLD
NMRK,"Newmark Group, Inc. - Class A Common Stock",2379531873.0,BELOW_10B_THRESHOLD
NMRA,"Neumora Therapeutics, Inc. - Common Stock",137408280.0,BELOW_10B_THRESHOLD
NN,NextNav Inc. - Common stock,2429174605.0,BELOW_10B_THRESHOLD
NNDM,Nano Dimension Ltd. - American Depositary Shares,331017247.0,BELOW_10B_THRESHOLD
NNBR,"NN, Inc. - Common Stock",318762135.0,BELOW_10B_THRESHOLD
NNE,Nano Nuclear Energy Inc. - common stock,913405463.0,BELOW_10B_THRESHOLD
NNNN,Anbio Biotechnology - Class A Ordinary Shares,871980671.9999999,BELOW_10B_THRESHOLD
NNI,"Nelnet, Inc. Common Stock",4473503133.0,BELOW_10B_THRESHOLD
NNN,"NNN REIT, Inc. Common Stock",7932524762.0,BELOW_10B_THRESHOLD
NNOX,NANO-X IMAGING LTD - Ordinary Shares,54839152.0,BELOW_10B_THRESHOLD
NNVC,"NanoViricides, Inc. Common Stock",38546303.0,BELOW_10B_THRESHOLD
NOA,North American Construction Group Ltd. Common Shares (no par),346380775.0,BELOW_10B_THRESHOLD
NOAH,Noah Holdings Limited American Depositary Shares,536413256.0,BELOW_10B_THRESHOLD
NOMA,NOMADAR Corp. - Class A Common Stock,23842305.0,BELOW_10B_THRESHOLD
NODK,"NI Holdings, Inc. - Common Stock",301173711.0,BELOW_10B_THRESHOLD
NOG,"Northern Oil and Gas, Inc. Common Stock",2465546822.0,BELOW_10B_THRESHOLD
NOVT,Novanta Inc. - Common Shares,5462020521.0,BELOW_10B_THRESHOLD
NOV,NOV Inc. Common Stock,7229376375.0,BELOW_10B_THRESHOLD
NOMD,Nomad Foods Limited Ordinary Shares,1521742045.0,BELOW_10B_THRESHOLD
NP,Neptune Insurance Holdings Inc. Class A Common Stock,3809590578.0000005,BELOW_10B_THRESHOLD
NPB,"Northpointe Bancshares, Inc. Common Stock",537056006.0,BELOW_10B_THRESHOLD
NPCE,"Neuropace, Inc. - Common Stock",487747934.0,BELOW_10B_THRESHOLD
NPK,"National Presto Industries, Inc. Common Stock",1042365307.0,BELOW_10B_THRESHOLD
NPKI,NPK International Inc. Common Stock,994294859.0,BELOW_10B_THRESHOLD
NPT,Texxon Holding Limited - Ordinary shares,66111299.99999999,BELOW_10B_THRESHOLD
NPWR,NET Power Inc. Class A Common Stock,384508139.0,BELOW_10B_THRESHOLD
NPO,Enpro Inc. Common Stock,6465879837.999999,BELOW_10B_THRESHOLD
NRDS,"NerdWallet, Inc. - Class A Common Stock",517777709.0,BELOW_10B_THRESHOLD
NRGV,"Energy Vault Holdings, Inc. Common Stock",805549295.0,BELOW_10B_THRESHOLD
NREF,"NexPoint Real Estate Finance, Inc. Common Stock",297987338.0,BELOW_10B_THRESHOLD
NRDY,Nerdy Inc. Class A Common Stock,109600860.0,BELOW_10B_THRESHOLD
NRC,NRC Health - Common Stock,477119039.0,BELOW_10B_THRESHOLD
NRIX,"Nurix Therapeutics, Inc. - Common stock",2478306590.0,BELOW_10B_THRESHOLD
NRIM,Northrim BanCorp Inc - Common Stock,545664110.0,BELOW_10B_THRESHOLD
NRSN,NeuroSense Therapeutics Ltd. - Ordinary Shares,14037074.999999998,BELOW_10B_THRESHOLD
NRP,Natural Resource Partners LP Limited Partnership,1425479323.0,BELOW_10B_THRESHOLD
NRXS,"Neuraxis, Inc. Common Stock",91797262.0,BELOW_10B_THRESHOLD
NRXP,"NRX Pharmaceuticals, Inc. - Common Stock",136814624.0,BELOW_10B_THRESHOLD
NRT,North European Oil Royality Trust Common Stock,81152910.0,BELOW_10B_THRESHOLD
NSAI,NorthStrive Acquisition Corp I. - Class A Ordinary Shares,,MARKET_CAP_MISSING
NSRX,Nasus Pharma Ltd. Ordinary Shares,42627341.0,BELOW_10B_THRESHOLD
NSPR,InspireMD Inc. - Common Stock,34913328.0,BELOW_10B_THRESHOLD
NSIT,"Insight Enterprises, Inc. - Common Stock",4644455513.0,BELOW_10B_THRESHOLD
NSSC,"NAPCO Security Technologies, Inc. - Common Stock",1286232995.0,BELOW_10B_THRESHOLD
NSP,"Insperity, Inc. Common Stock",1865838940.0,BELOW_10B_THRESHOLD
NSTS,"NSTS Bancorp, Inc. - Common Stock",74309215.0,BELOW_10B_THRESHOLD
NSYS,Nortech Systems Incorporated - Common Stock,32304631.0,BELOW_10B_THRESHOLD
NTHI,"NeOnc Technologies Holdings, Inc. - Common Stock",95846826.0,BELOW_10B_THRESHOLD
NTGR,"NETGEAR, Inc. - Common Stock",604461427.0,BELOW_10B_THRESHOLD
NTCL,NETCLASS TECHNOLOGY INC - Class A Ordinary Shares,4979159.0,BELOW_10B_THRESHOLD
NTB,Bank of N.T. Butterfield & Son Limited (The) Voting Ordinary Shares,2324400000.0,BELOW_10B_THRESHOLD
NTCT,"NetScout Systems, Inc. - Common Stock",2855943215.0,BELOW_10B_THRESHOLD
NTIC,Northern Technologies International Corporation - Common Stock,74642011.0,BELOW_10B_THRESHOLD
NTIP,"Network-1 Technologies, Inc. Common Stock",35666562.0,BELOW_10B_THRESHOLD
NTLA,"Intellia Therapeutics, Inc. - Common Stock",1727762125.0,BELOW_10B_THRESHOLD
NTRB,Nutriband Inc. - Common Stock,89344270.0,BELOW_10B_THRESHOLD
NTRP,"NextTrip, Inc. - Common Stock",29267036.0,BELOW_10B_THRESHOLD
NTWO,Newbury Street II Acquisition Corp - Class A Ordinary Shares,,MARKET_CAP_MISSING
NTWK,NETSOL Technologies Inc. - Common Stock,52968806.0,BELOW_10B_THRESHOLD
NTSK,"Netskope, Inc. - Class A Common Stock",7587474480.0,BELOW_10B_THRESHOLD
NUCL,Eagle Nuclear Energy Corp. - Common stock,183986344.0,BELOW_10B_THRESHOLD
NUAI,"New Era Energy & Digital, Inc. - Common Stock",744849780.0,BELOW_10B_THRESHOLD
NTST,NetSTREIT Corp. Common Stock,1865069323.0000002,BELOW_10B_THRESHOLD
NUR,Nuran Wireless Inc. - Common Shares,14646117.0,BELOW_10B_THRESHOLD
NUTX,Nutex Health Inc. - Common Stock,1382331830.0,BELOW_10B_THRESHOLD
NUS,"Nu Skin Enterprises, Inc. Common Stock",224399282.99999997,BELOW_10B_THRESHOLD
NUVB,Nuvation Bio Inc. Class A Common Stock,2004913660.0,BELOW_10B_THRESHOLD
NUWE,"Nuwellis, Inc. - Common Stock",3096527.0,BELOW_10B_THRESHOLD
NVA,Nova Minerals Corp Common Stock,2525757937.0,BELOW_10B_THRESHOLD
NVAX,"Novavax, Inc. - Common Stock",1740177409.0,BELOW_10B_THRESHOLD
NVCT,"Nuvectis Pharma, Inc. - Common Stock",687178371.0,BELOW_10B_THRESHOLD
NVCR,NovoCure Limited - Ordinary Shares,1892244900.0,BELOW_10B_THRESHOLD
NVGS,Navigator Holdings Ltd. Ordinary Shares (Marshall Islands),1421567332.0,BELOW_10B_THRESHOLD
NVEC,NVE Corporation - Common Stock,526380404.0,BELOW_10B_THRESHOLD
NVNO,enVVeno Medical Corporation - Common Stock,6225641.0,BELOW_10B_THRESHOLD
NVNI,Nvni Group Limited - Ordinary Shares,10960205.0,BELOW_10B_THRESHOLD
NVRI,Enviri Corporation Common Stock,547734012.0,BELOW_10B_THRESHOLD
NVST,Envista Holdings Corporation Common Stock,3825913828.0,BELOW_10B_THRESHOLD
NVTS,Navitas Semiconductor Corporation - Common Stock,3091346898.0,BELOW_10B_THRESHOLD
NVX,NOVONIX Limited - American Depository Shares,60291901.0,BELOW_10B_THRESHOLD
NWAX,New America Acquisition I Corp. Class A Common Stock,,MARKET_CAP_MISSING
NWBI,"Northwest Bancshares, Inc. - Common Stock",2202745195.0,BELOW_10B_THRESHOLD
NWCL,newcleo plc - Ordinary Shares,3988437022.0,BELOW_10B_THRESHOLD
NWE,"NorthWestern Energy Group, Inc.  - Common Stock",4226276295.0000005,BELOW_10B_THRESHOLD
NWGL,CL Workshop Group Limited - American Depositary Shares,40682963.0,BELOW_10B_THRESHOLD
NWL,Newell Brands Inc. - Common Stock,2419112000.0,BELOW_10B_THRESHOLD
NWFL,Norwood Financial Corp. - Common Stock,363475147.0,BELOW_10B_THRESHOLD
NWPX,"NWPX Infrastructure, Inc. - Common Stock",988969668.9999999,BELOW_10B_THRESHOLD
NWN,Northwest Natural Holding Company Common Stock,1988077800.0,BELOW_10B_THRESHOLD
NWTG,"Newton Golf Company, Inc. - Common Stock",6208506.0,BELOW_10B_THRESHOLD
NXB,NextBoat Inc. Common Stcok,52800080.00000001,BELOW_10B_THRESHOLD
NXAT,Nexus Advanced Technologies Inc. - Ordinary Shares,3170996.0,BELOW_10B_THRESHOLD
NX,Quanex Building Products Corporation Common Stock,908733705.0,BELOW_10B_THRESHOLD
NXDR,"Nextdoor Holdings, Inc. Class A Common Stock",920699197.0000001,BELOW_10B_THRESHOLD
NXE,Nexgen Energy Ltd. Common Shares,6456973753.0,BELOW_10B_THRESHOLD
NXDT,NexPoint Diversified Real Estate Trust Common Stock,274027099.0,BELOW_10B_THRESHOLD
NXH,"Neighborhood Intelligence, Inc.  - Common Stock",319917238.0,BELOW_10B_THRESHOLD
NXGL,"NexGel, Inc - Common Stock",2614323.0,BELOW_10B_THRESHOLD
NXL,"Nexalin Technology, Inc. - Common Stock",3991073.0,BELOW_10B_THRESHOLD
NXPL,NextPlat Corp - Common Stock,24690320.0,BELOW_10B_THRESHOLD
NXRT,"NexPoint Residential Trust, Inc. Common Stock",529903122.0,BELOW_10B_THRESHOLD
NXST,"Nexstar Media Group, Inc. - Common Stock",5100930397.0,BELOW_10B_THRESHOLD
NXTT,Next Technology Holding Inc. - Ordinary Shares,8395883.0,BELOW_10B_THRESHOLD
NXXT,"NextNRG, Inc. - Common Stock",15263155.0,BELOW_10B_THRESHOLD
NXTS,Nexentis Technologies Inc. - Common Stock,2114600.0,BELOW_10B_THRESHOLD
NYAX,Nayax Ltd. - Ordinary Shares,1592622483.0,BELOW_10B_THRESHOLD
NXTC,"NextCure, Inc. - Common Stock",22062870.0,BELOW_10B_THRESHOLD
NYC,American Strategic Investment Co. Class A Common Stock,19772700.0,BELOW_10B_THRESHOLD
NYXH,Nyxoah SA - Ordinary Shares,133096843.99999999,BELOW_10B_THRESHOLD
OACC,Oaktree Acquisition Corp. III Life Sciences - Class A Ordinary Share,,MARKET_CAP_MISSING
OBA,Oxley Bridge Acquisition Limited - Class A Ordinary Shares,,MARKET_CAP_MISSING
OABI,"OmniAb, Inc. - Common Stock",696420006.0,BELOW_10B_THRESHOLD
NYT,New York Times Company (The) Common Stock,9933522129.0,BELOW_10B_THRESHOLD
OBAI,"Our Bond, Inc. - Common Stock",7493882.0,BELOW_10B_THRESHOLD
OBDC,Blue Owl Capital Corporation Common Stock,5399911131.0,BELOW_10B_THRESHOLD
OBE,Obsidian Energy Ltd. Common Shares,747993640.0,BELOW_10B_THRESHOLD
OBIO,"Orchestra BioMed Holdings, Inc. - Ordinary Shares",356422941.0,BELOW_10B_THRESHOLD
OBK,"Origin Bancorp, Inc. Common Stock",1629171495.0,BELOW_10B_THRESHOLD
OBX,"Obsidian Therapeutics, Inc. - Common Stock",942654087.9999999,BELOW_10B_THRESHOLD
OBT,"Orange County Bancorp, Inc. - Common Stock",501189657.0,BELOW_10B_THRESHOLD
OCAC,Ocean Capital Acquisition Corporation Ordinary Shares,,MARKET_CAP_MISSING
OC,Owens Corning Inc Common Stock New,9713502167.0,BELOW_10B_THRESHOLD
OCC,Optical Cable Corporation - Common Stock,125203060.00000001,BELOW_10B_THRESHOLD
OCG,Oriental Culture Holding LTD - Ordinary Shares,3023767.0,BELOW_10B_THRESHOLD
OCFC,OceanFirst Financial Corp. - Common Stock,1642968723.0,BELOW_10B_THRESHOLD
OCGN,"Ocugen, Inc. - Common Stock",339110401.0,BELOW_10B_THRESHOLD
OCS,Oculis Holding AG - Ordinary shares,579264536.0,BELOW_10B_THRESHOLD
OCTV,Octave Intelligence plc - Class B Ordinary Shares,5320436958.0,BELOW_10B_THRESHOLD
OCUL,"Ocular Therapeutix, Inc. - Common Stock",2196158680.0,BELOW_10B_THRESHOLD
ODD,ODDITY Tech Ltd. - Class A Ordinary Shares,1010188694.0,BELOW_10B_THRESHOLD
ODC,Oil-Dri Corporation Of America Common Stock,1304964333.0,BELOW_10B_THRESHOLD
ODTX,"Odyssey Therapeutics, Inc. - Common Stock",997695021.0,BELOW_10B_THRESHOLD
ODYS,Odysight.ai Inc. - Common Stock,62757655.99999999,BELOW_10B_THRESHOLD
OESX,"Orion Energy Systems, Inc. - Common Stock",116217507.99999999,BELOW_10B_THRESHOLD
OFAL,OFA Group - Class A Ordinary Shares,15607554.000000002,BELOW_10B_THRESHOLD
OEC,Orion S.A. Common Shares,339701421.0,BELOW_10B_THRESHOLD
OFG,OFG Bancorp Common Stock,2179208871.0,BELOW_10B_THRESHOLD
OFRM,"Once Upon a Farm, PBC Common Stock",679408766.0,BELOW_10B_THRESHOLD
OFIX,Orthofix Medical Inc.  - Common Stock,373925341.0,BELOW_10B_THRESHOLD
OFLX,"Omega Flex, Inc. - Common Stock",257001438.0,BELOW_10B_THRESHOLD
OGC,OceanaGold Corporation Common Shares,6266893743.0,BELOW_10B_THRESHOLD
OGEN,Oragenics Inc. Common Stock,2192811.0,BELOW_10B_THRESHOLD
OGG,Osisko Gold Group Inc. Common Shares,822703782.0,BELOW_10B_THRESHOLD
OGE,OGE Energy Corp Common Stock,9236249342.0,BELOW_10B_THRESHOLD
OGI,Organigram Global Inc. - Common Shares,153697082.0,BELOW_10B_THRESHOLD
OHAC,Oceanhawk Acquisition Corp. - Class A Ordinary Shares,,MARKET_CAP_MISSING
OGN,Organon & Co. Common Stock ,3605627514.9999995,BELOW_10B_THRESHOLD
OGS,"ONE Gas, Inc. Common Stock",4543879758.0,BELOW_10B_THRESHOLD
OI,"O-I Glass, Inc. Common Stock",932714664.0,BELOW_10B_THRESHOLD
OII,"Oceaneering International, Inc. Common Stock",4602250785.0,BELOW_10B_THRESHOLD
OIO,OIO Group - Ordinary Shares,649061231.0,BELOW_10B_THRESHOLD
OIS,"Oil States International, Inc. Common Stock",501280964.00000006,BELOW_10B_THRESHOLD
OKLO,Oklo Inc. Class A common stock,7221205173.0,BELOW_10B_THRESHOLD
OKUR,"OnKure Therapeutics, Inc. - Class A Common Stock",119059147.99999999,BELOW_10B_THRESHOLD
OKYO,OKYO Pharma Limited - Ordinary Shares,69272976.0,BELOW_10B_THRESHOLD
OLB,"The OLB Group, Inc. - Common Stock",5087771.0,BELOW_10B_THRESHOLD
OLED,Universal Display Corporation - Common Stock,3526115913.0000005,BELOW_10B_THRESHOLD
OLLI,"Ollie's Bargain Outlet Holdings, Inc. - Common Stock",4907232512.0,BELOW_10B_THRESHOLD
OLN,Olin Corporation Common Stock,1911486357.0,BELOW_10B_THRESHOLD
OM,"Outset Medical, Inc. - Common Stock",58083237.0,BELOW_10B_THRESHOLD
OLOX,Olenox Industries Inc. - Common Stock,1386218.0,BELOW_10B_THRESHOLD
OLMA,"Olema Pharmaceuticals, Inc. - Common Stock",772603870.0,BELOW_10B_THRESHOLD
OLP,"One Liberty Properties, Inc. Common Stock",494336794.0,BELOW_10B_THRESHOLD
OMAB,Grupo Aeroportuario del Centro Norte S.A.B. de C.V. - American Depositary Shares each representing 8 Series B shares,4889870331.0,BELOW_10B_THRESHOLD
OMCL,"Omnicell, Inc. - Common Stock",1504835023.0,BELOW_10B_THRESHOLD
OMDA,"Omada Health, Inc. - Common Stock",1266573585.0,BELOW_10B_THRESHOLD
OMER,Omeros Corporation - Common Stock,1501333674.0,BELOW_10B_THRESHOLD
OMEX,"Odyssey Marine Exploration, Inc. - Common Stock",42539519.0,BELOW_10B_THRESHOLD
OMH,Ohmyhome Limited - Class A Ordinary Shares,4221723.0,BELOW_10B_THRESHOLD
OMSE,OMS Energy Technologies Inc. - Ordinary Shares,180848459.0,BELOW_10B_THRESHOLD
OMF,"OneMain Holdings, Inc. Common Stock",6586124100.000001,BELOW_10B_THRESHOLD
ONB,Old National Bancorp - Common Stock,9464781800.0,BELOW_10B_THRESHOLD
ONCH,1RT Acquisition Corp. - Class A Ordinary Share,,MARKET_CAP_MISSING
ONCO,"Onconetix, Inc.  - Common Stock",3986275.0000000005,BELOW_10B_THRESHOLD
ONEG,OneConstruction Group Limited - Ordinary Shares,16320000.000000002,BELOW_10B_THRESHOLD
ONDS,Ondas Inc - Common Stock,4229848960.9999995,BELOW_10B_THRESHOLD
ONCY,Oncolytics Biotech Inc. - Common Stock,86260857.0,BELOW_10B_THRESHOLD
ONEW,OneWater Marine Inc. - Class A Common Stock,165656253.0,BELOW_10B_THRESHOLD
ONFO,Onfolio Holdings Inc. - Common Stock,2036887.0,BELOW_10B_THRESHOLD
ONIT,Onity Group Inc. Common Stock,263000290.0,BELOW_10B_THRESHOLD
ONMD,OneMedNet Corp - Class A Common Stock,38802982.0,BELOW_10B_THRESHOLD
ONL,Orion Properties Inc. Common Stock,141470891.0,BELOW_10B_THRESHOLD
ONT,"Onterris, Inc. Common Stock",597698556.0,BELOW_10B_THRESHOLD
OOMA,"Ooma, Inc. Common Stock",608580000.0,BELOW_10B_THRESHOLD
OPAD,Offerpad Solutions Inc.  - Class A Common Stock,16479674.0,BELOW_10B_THRESHOLD
OPAL,OPAL Fuels Inc. - Class A Common Stock,324923400.0,BELOW_10B_THRESHOLD
OPCH,"Option Care Health, Inc. - Common Stock",3495987572.0,BELOW_10B_THRESHOLD
OPBK,OP Bancorp - Common Stock,222197311.0,BELOW_10B_THRESHOLD
OPEN,Opendoor Technologies Inc  - Common Stock,2505414909.0,BELOW_10B_THRESHOLD
OPFI,OppFi Inc. Class A Common Stock,535107791.0,BELOW_10B_THRESHOLD
OPHC,"OptimumBank Holdings, Inc. Common Stock",112718657.00000001,BELOW_10B_THRESHOLD
OPI,Office Properties Income Trust - Common shares of beneficial interest,386163419.0,BELOW_10B_THRESHOLD
OPK,"Opko Health, Inc. - Common Stock",1268757983.0,BELOW_10B_THRESHOLD
OPLN,"OPENLANE, Inc. Common Stock",4173568684.0,BELOW_10B_THRESHOLD
OPRX,OptimizeRx Corporation - Common Stock,143153228.0,BELOW_10B_THRESHOLD
OPTH,Optimi Health Corp. - Common Shares,28400300.0,BELOW_10B_THRESHOLD
OPRA,Opera Limited - American Depositary Shares,1593581495.0,BELOW_10B_THRESHOLD
OPRT,Oportun Financial Corporation - common stock,389971905.0,BELOW_10B_THRESHOLD
OPTT,"Ocean Power Technologies, Inc. Common Stock",19810182.0,BELOW_10B_THRESHOLD
OPTU,"Optimum Communications, Inc. Class A common stock",464696552.0,BELOW_10B_THRESHOLD
OPTX,"Syntec Optics Holdings, Inc. - Class A Common Stock",305321475.0,BELOW_10B_THRESHOLD
OPXS,"Optex Systems Holdings, Inc. - Common Stock",72382679.0,BELOW_10B_THRESHOLD
OR,OR Royalties Inc. Common Shares,6762975814.000001,BELOW_10B_THRESHOLD
OPY,"Oppenheimer Holdings, Inc. Class A Common Stock (DE)",1235168377.0,BELOW_10B_THRESHOLD
ORBS,Eightco Holdings Inc. - Common Stock,455564044.00000006,BELOW_10B_THRESHOLD
ORA,"Ormat Technologies, Inc. Common Stock",5893251856.0,BELOW_10B_THRESHOLD
ORC,"Orchid Island Capital, Inc. Common Stock",1185644422.0,BELOW_10B_THRESHOLD
ORI,Old Republic International Corporation Common Stock,9237223596.0,BELOW_10B_THRESHOLD
ORGO,Organogenesis Holdings Inc.  - Class A ,186578095.0,BELOW_10B_THRESHOLD
ORIC,"Oric Pharmaceuticals, Inc. - Common Stock",1381689904.0,BELOW_10B_THRESHOLD
ORIO,Orion Digital Corp. - Common Shares,24494430.0,BELOW_10B_THRESHOLD
ORKA,"Oruka Therapeutics, Inc. - Common Stock",5953907183.0,BELOW_10B_THRESHOLD
ORKT,Orangekloud Technology Inc. - Class A Ordinary Shares,6190156.0,BELOW_10B_THRESHOLD
ORMP,Oramed Pharmaceuticals Inc. - Common Stock,196339511.0,BELOW_10B_THRESHOLD
ORN,"Orion Group Holdings, Inc. Common",364457610.0,BELOW_10B_THRESHOLD
ORRF,"Orrstown Financial Services, Inc. - Common Stock",807241451.0,BELOW_10B_THRESHOLD
OSBC,"Old Second Bancorp, Inc. - Common Stock",1248998828.0,BELOW_10B_THRESHOLD
OSCR,"Oscar Health, Inc. Class A Common Stock",9422931850.0,BELOW_10B_THRESHOLD
OSIS,"OSI Systems, Inc. - Common Stock",3236219504.0000005,BELOW_10B_THRESHOLD
OSG,"Octave Specialty Group, Inc. Common Stock",186963667.0,BELOW_10B_THRESHOLD
OSK,Oshkosh Corporation (Holding Company)Common Stock,8365118592.0,BELOW_10B_THRESHOLD
OSPR,Osprey Acquisition Corp. III - Class A Ordinary Shares,,MARKET_CAP_MISSING
OSS,"One Stop Systems, Inc. - Common Stock",228950393.0,BELOW_10B_THRESHOLD
OSPN,OneSpan Inc. - Common Stock,663707636.0,BELOW_10B_THRESHOLD
OSTX,OS Therapies Incorporated Common Stock,76676804.0,BELOW_10B_THRESHOLD
OTAI,Starlink AI Acquisition Corporation Ordinary Shares,134944993.75,BELOW_10B_THRESHOLD
OSUR,"OraSure Technologies, Inc. - Common Stock",275184822.0,BELOW_10B_THRESHOLD
OSW,OneSpaWorld Holdings Limited - Common Shares,2259361329.0,BELOW_10B_THRESHOLD
OTF,Blue Owl Technology Finance Corp. Common Stock,4760546192.0,BELOW_10B_THRESHOLD
OTGA,OTG Acquisition Corp. I - Class A Ordinary Share,,MARKET_CAP_MISSING
OTEX,Open Text Corporation - Common Shares,5783912093.0,BELOW_10B_THRESHOLD
OTLK,"Outlook Therapeutics, Inc. - Common Stock",161089246.0,BELOW_10B_THRESHOLD
OTLY,Oatly Group AB - American Depositary Shares,386776567.0,BELOW_10B_THRESHOLD
OTTR,Otter Tail Corporation - Common Stock,3743014457.0000005,BELOW_10B_THRESHOLD
OUST,"Ouster, Inc. - Common Stock",2839783674.0,BELOW_10B_THRESHOLD
OUT,OUTFRONT Media Inc. Common Stock,4968775431.0,BELOW_10B_THRESHOLD
OVBC,Ohio Valley Banc Corp. - Common Stock,205446754.0,BELOW_10B_THRESHOLD
OVID,Ovid Therapeutics Inc. - Common Stock,501915492.0,BELOW_10B_THRESHOLD
OVLY,Oak Valley Bancorp (CA) - Common Stock,282751116.0,BELOW_10B_THRESHOLD
OWLS,OBOOK Holdings Inc. - Class A Common Shares,211444047.0,BELOW_10B_THRESHOLD
OWLT,"Owlet, Inc. Class A Common Stock",152244937.0,BELOW_10B_THRESHOLD
OXBR,Oxbridge Re Holdings Limited - Ordinary Shares,11312622.0,BELOW_10B_THRESHOLD
OYSE,Oyster Enterprises II Acquisition Corp - Class A Ordinary Shares,,MARKET_CAP_MISSING
OXM,"Oxford Industries, Inc. Common Stock",394527737.0,BELOW_10B_THRESHOLD
OZK,Bank OZK - Common Stock,5214444324.0,BELOW_10B_THRESHOLD
PAAI,"Paradium.AI, Inc. Common Stock",73796512.0,BELOW_10B_THRESHOLD
PACB,"Pacific Biosciences of California, Inc. - Common Stock",438271370.0,BELOW_10B_THRESHOLD
PACH,Pioneer Acquisition I Corp - Class A Ordinary Shares,,MARKET_CAP_MISSING
PACK,Ranpak Holdings Corp Class A Common Stock,358469648.0,BELOW_10B_THRESHOLD
PACS,"PACS Group, Inc. Common Stock",6499676873.0,BELOW_10B_THRESHOLD
PAGP,"Plains GP Holdings, L.P. - Class A Shares representing limited partner interests",5282061070.0,BELOW_10B_THRESHOLD
PAGS,PagSeguro Digital Ltd. Class A Common Shares,2642260375.0,BELOW_10B_THRESHOLD
PAHC,Phibro Animal Health Corporation - Class A Common Stock,1384514662.0,BELOW_10B_THRESHOLD
PAII,Pyrophyte Acquisition Corp. II Class A Ordinary Shares,,MARKET_CAP_MISSING
PAL,"Proficient Auto Logistics, Inc. - Common Stock",108284282.99999999,BELOW_10B_THRESHOLD
PALI,"Palisade Bio, Inc. - Common Stock",278832893.0,BELOW_10B_THRESHOLD
PAM,Pampa Energia S.A.,4381263669.0,BELOW_10B_THRESHOLD
PAPL,Pineapple Financial Inc. Common Stock,23198959.0,BELOW_10B_THRESHOLD
PANL,Pangaea Logistics Solutions Ltd. - Common Stock,538194406.0,BELOW_10B_THRESHOLD
PAR,PAR Technology Corporation Common Stock,607204553.0,BELOW_10B_THRESHOLD
PAMT,PAMT CORP - Common Stock,246280942.0,BELOW_10B_THRESHOLD
PARK,"Park Dental Partners, Inc. - Common Stock",95961591.0,BELOW_10B_THRESHOLD
PARA,"Banzai International, Inc. - Class A Common Stock",,MARKET_CAP_MISSING
PARR,"Par Pacific Holdings, Inc.  Common Stock",3856168290.0,BELOW_10B_THRESHOLD
PASG,"Passage Bio, Inc. - Common Stock",16089050.0,BELOW_10B_THRESHOLD
PASW,"Ping An Biomedical Co., Ltd. - Class A Ordinary Shares",15867670.0,BELOW_10B_THRESHOLD
PATH,"UiPath, Inc. Class A Common Stock",6795866533.0,BELOW_10B_THRESHOLD
PAVM,PAVmed Inc. - Common Stock,31883723.000000004,BELOW_10B_THRESHOLD
PATK,"Patrick Industries, Inc. - Common Stock",2221941504.0,BELOW_10B_THRESHOLD
PAVS,Paranovus Entertainment Technology Ltd. - Class A Ordinary Shares,3643782.9999999995,BELOW_10B_THRESHOLD
PAX,Patria Investments Limited - Class A Common Shares,1661816023.0,BELOW_10B_THRESHOLD
PAY,"Paymentus Holdings, Inc. Class A Common Stock",3771892428.0000005,BELOW_10B_THRESHOLD
PAYC,"Paycom Software, Inc. Common Stock",9991476500.0,BELOW_10B_THRESHOLD
PAYO,Payoneer Global Inc. - Common Stock,2419394969.0,BELOW_10B_THRESHOLD
PAYS,"Paysign, Inc. - Common Stock",715375517.0,BELOW_10B_THRESHOLD
PBAM,"Private Bancorp of America, Inc. - Common Stock",499924003.0,BELOW_10B_THRESHOLD
PB,"Prosperity Bancshares, Inc. Common Stock",8084291385.0,BELOW_10B_THRESHOLD
PBF,PBF Energy Inc. Class A Common Stock,8353290973.999999,BELOW_10B_THRESHOLD
PBFS,"Pioneer Bancorp, Inc. - Common Stock",433487019.0,BELOW_10B_THRESHOLD
PBH,Prestige Consumer Healthcare Inc. Common Stock,2175438050.0,BELOW_10B_THRESHOLD
PBK,PowerBank Corporation - Common Stock,12405983.0,BELOW_10B_THRESHOLD
PBLS,"Parabilis Medicines, Inc. - Common Stock",4062222119.0,BELOW_10B_THRESHOLD
PBM,Psyence Biomedical Ltd. - Common Shares,24068410.0,BELOW_10B_THRESHOLD
PBI,Pitney Bowes Inc. Common Stock,2230457749.0,BELOW_10B_THRESHOLD
PBHC,"Pathfinder Bancorp, Inc. - Common Stock",89591004.0,BELOW_10B_THRESHOLD
PBT,Permian Basin Royalty Trust Common Stock,1543683324.0,BELOW_10B_THRESHOLD
PBYI,Puma Biotechnology Inc - Common Stock,479034212.0,BELOW_10B_THRESHOLD
PCAP,ProCap Acquisition Corp - Class A Ordinary Shares,,MARKET_CAP_MISSING
PCB,PCB Bancorp - Common Stock,381451390.0,BELOW_10B_THRESHOLD
PCLA,PicoCELA Inc. - American Depositary Shares,69700086.0,BELOW_10B_THRESHOLD
PCOR,"Procore Technologies, Inc. Common Stock",7758839558.0,BELOW_10B_THRESHOLD
PCRX,"Pacira BioSciences, Inc. - Common Stock",981798251.9999999,BELOW_10B_THRESHOLD
PCT,"PureCycle Technologies, Inc. - Common stock",1034659772.0,BELOW_10B_THRESHOLD
PCSA,"Processa Pharmaceuticals, Inc. - Common Stock",5279500.0,BELOW_10B_THRESHOLD
PCVX,"Vaxcyte, Inc. - Common Stock",8406754180.999999,BELOW_10B_THRESHOLD
PCTY,Paylocity Holding Corporation - Common Stock,7617918748.0,BELOW_10B_THRESHOLD
PCYO,Pure Cycle Corporation - Common Stock,265071070.0,BELOW_10B_THRESHOLD
PD,"PagerDuty, Inc. Common Stock",1166377617.0,BELOW_10B_THRESHOLD
PDC,Perpetuals.com Ltd - American Depositary Shares,32456552.0,BELOW_10B_THRESHOLD
PDEX,"Pro-Dex, Inc. - Common Stock",230447848.00000003,BELOW_10B_THRESHOLD
PDFS,"PDF Solutions, Inc. - Common Stock",2045064070.9999998,BELOW_10B_THRESHOLD
PDLB,"Ponce Financial Group, Inc. - Common Stock",488111842.0,BELOW_10B_THRESHOLD
PDS,Precision Drilling Corporation Common Stock,1040606144.9999999,BELOW_10B_THRESHOLD
PDM,"Piedmont Realty Trust, Inc. Class A Common Stock",1144965349.0,BELOW_10B_THRESHOLD
PDYN,Palladyne AI Corp. - Common stock,268401494.0,BELOW_10B_THRESHOLD
PDSB,PDS Biotechnology Corporation - Common Stock,59711499.99999999,BELOW_10B_THRESHOLD
PEB,Pebblebrook Hotel Trust Common Shares of Beneficial Interest,2055994286.0,BELOW_10B_THRESHOLD
PECE,Peace Acquisition Corp - Ordinary Shares,84417187.5,BELOW_10B_THRESHOLD
PEBK,"Peoples Bancorp of North Carolina, Inc. - Common Stock",232987163.0,BELOW_10B_THRESHOLD
PECO,"Phillips Edison & Company, Inc. - Common Stock",4725864000.0,BELOW_10B_THRESHOLD
PEBO,Peoples Bancorp Inc. - Common Stock,1381263165.0,BELOW_10B_THRESHOLD
PED,Pedevco Corp. Common Stock,176252092.0,BELOW_10B_THRESHOLD
PEGA,Pegasystems Inc. - Common Stock,5783765965.0,BELOW_10B_THRESHOLD
PENN,"PENN Entertainment, Inc. - Common Stock",2086076156.0,BELOW_10B_THRESHOLD
PENG,"Penguin Solutions, Inc. - Common Stock",2760956622.0,BELOW_10B_THRESHOLD
PEPG,PepGen Inc. - Common Stock,188385886.0,BELOW_10B_THRESHOLD
PESI,"Perma-Fix Environmental Services, Inc. - Common Stock",335037762.0,BELOW_10B_THRESHOLD
PERF,Perfect Corp. Class A Ordinary Share,195549448.0,BELOW_10B_THRESHOLD
PETS,"PetMed Express, Inc. - Common Stock",33602317.0,BELOW_10B_THRESHOLD
PERI,Perion Network Ltd - Ordinary Shares,339813956.0,BELOW_10B_THRESHOLD
PETZ,"TDH Holdings, Inc. - Common Shares",13833179.000000002,BELOW_10B_THRESHOLD
PEW,GrabAGun Digital Holdings Inc. Common Stock,63749026.0,BELOW_10B_THRESHOLD
PFAI,Pinnacle Food Group Limited - Class A Common Shares,35209740.0,BELOW_10B_THRESHOLD
PFSA,"Profusa, Inc. - Common Stock",1241576.0,BELOW_10B_THRESHOLD
PFLT,PennantPark Floating Rate Capital Ltd. Common Stock,696509630.0,BELOW_10B_THRESHOLD
PFS,"Provident Financial Services, Inc Common Stock",2924075096.0,BELOW_10B_THRESHOLD
PFIS,Peoples Financial Services Corp.  - Common Stock,685810243.0,BELOW_10B_THRESHOLD
PFSI,"PennyMac Financial Services, Inc. Common Stock",3408542639.0,BELOW_10B_THRESHOLD
PGEN,"Precigen, Inc. - Common Stock",2663782238.0,BELOW_10B_THRESHOLD
PGC,Peapack-Gladstone Financial Corporation - Common Stock,786766510.0,BELOW_10B_THRESHOLD
PGNY,"Progyny, Inc. - Common Stock",1981853192.0000002,BELOW_10B_THRESHOLD
PGY,Pagaya Technologies Ltd. - Class A Ordinary Shares,1561731781.0,BELOW_10B_THRESHOLD
PHAR,"Pharming Group N.V. - ADS, each representing 10 ordinary shares",760633727.0,BELOW_10B_THRESHOLD
PHAT,"Phathom Pharmaceuticals, Inc. - Common Stock",565093024.0,BELOW_10B_THRESHOLD
PHI,PLDT Inc. Sponsored ADR,3772333832.0000005,BELOW_10B_THRESHOLD
PHIN,PHINIA Inc. Common Stock,2212574134.0,BELOW_10B_THRESHOLD
PHIO,Phio Pharmaceuticals Corp. - Common Stock,11849595.0,BELOW_10B_THRESHOLD
PHOE,Phoenix Asia Holdings Limited - Ordinary Shares,427895999.99999994,BELOW_10B_THRESHOLD
PHOS,First Phosphate Corp. - American Depositary Shares,296011189.0,BELOW_10B_THRESHOLD
PHUN,"Phunware, Inc. - Common Stock",40516097.0,BELOW_10B_THRESHOLD
PHR,"Phreesia, Inc. Common Stock",600846738.0,BELOW_10B_THRESHOLD
PHVS,Pharvaris N.V. - Ordinary Shares,2303869601.0,BELOW_10B_THRESHOLD
PI,"Impinj, Inc. - Common Stock",5414241984.0,BELOW_10B_THRESHOLD
PICS,PicS N.V. - Class A Common Shares,1205164150.0,BELOW_10B_THRESHOLD
PII,Polaris Inc. Common Stock,3012472561.0,BELOW_10B_THRESHOLD
PIII,P3 Health Partners Inc. - Class A Common Stock,51480362.0,BELOW_10B_THRESHOLD
PINE,"Alpine Income Property Trust, Inc. Common Stock",297437619.0,BELOW_10B_THRESHOLD
PIPR,Piper Sandler Companies Common Stock,5117942474.0,BELOW_10B_THRESHOLD
PK,Park Hotels & Resorts Inc. Common Stock ,3034168633.0,BELOW_10B_THRESHOLD
PJT,PJT Partners Inc. Class A Common Stock,6124263572.0,BELOW_10B_THRESHOLD
PKBK,"Parke Bancorp, Inc. - Common Stock",392245025.0,BELOW_10B_THRESHOLD
PKE,Park Aerospace Corp. Common Stock,642748285.0,BELOW_10B_THRESHOLD
PKOH,Park-Ohio Holdings Corp. - Common Stock,678277368.0,BELOW_10B_THRESHOLD
PLAB,"Photronics, Inc. - Common Stock",1790564018.0,BELOW_10B_THRESHOLD
PLAG,Planet Green Holdings Corp. Common Stock,10216242.0,BELOW_10B_THRESHOLD
PLAY,"Dave & Buster's Entertainment, Inc. - Common Stock",237196686.0,BELOW_10B_THRESHOLD
PL,Planet Labs PBC Class A Common Stock,5959830060.0,BELOW_10B_THRESHOLD
PLBL,Polibeli Group Ltd - Class A Ordinary Shares,2194660945.0,BELOW_10B_THRESHOLD
PLBC,Plumas Bancorp - Common Stock,424360796.0,BELOW_10B_THRESHOLD
PLBY,"Playboy, Inc. - Common Stock",129392303.0,BELOW_10B_THRESHOLD
PLCE,"Children's Place, Inc. (The) - Common Stock",49143918.0,BELOW_10B_THRESHOLD
PLG,Platinum Group Metals Ltd. Ordinary Shares (Canada),173923752.0,BELOW_10B_THRESHOLD
PLGO,Pelagos Insurance Capital Limited Common Shares,2067740267.0,BELOW_10B_THRESHOLD
PLMK,Plum Acquisition Corp. IV - Class A Ordinary Shares,,MARKET_CAP_MISSING
PLMR,"Palomar Holdings, Inc. - Common stock",3347872454.0,BELOW_10B_THRESHOLD
PLNT,"Planet Fitness, Inc. Common Stock",3083895565.0,BELOW_10B_THRESHOLD
PLOW,"Douglas Dynamics, Inc. Common Stock",910389465.0000001,BELOW_10B_THRESHOLD
PLRX,"Pliant Therapeutics, Inc. - Common Stock",69662134.0,BELOW_10B_THRESHOLD
PLPC,Preformed Line Products Company - Common Stock,2088844163.0,BELOW_10B_THRESHOLD
PLRZ,Polyrizon Ltd. - Ordinary Shares,26807068.0,BELOW_10B_THRESHOLD
PLSM,Pulsenmore Ltd. - Ordinary Shares,15866939.0,BELOW_10B_THRESHOLD
PLSE,"Pulse Biosciences, Inc - Common Stock",3707349112.0,BELOW_10B_THRESHOLD
PLTK,Playtika Holding Corp. - Common Stock,839120009.0,BELOW_10B_THRESHOLD
PLUN,Plutonian Acquisition Corp II Class A Ordinary Shares,,MARKET_CAP_MISSING
PLUG,"Plug Power, Inc. - Common Stock",2850278367.0,BELOW_10B_THRESHOLD
PLUR,Pluri Inc. - Common Stock,13085420.0,BELOW_10B_THRESHOLD
PLUS,ePlus inc. - Common Stock,2401101169.0,BELOW_10B_THRESHOLD
PLX,"Protalix BioTherapeutics, Inc. (DE) Common Stock",225600598.0,BELOW_10B_THRESHOLD
PLXS,Plexus Corp. - Common Stock,7033488926.0,BELOW_10B_THRESHOLD
PLYX,"Polaryx Therapeutics, Inc. - Common Stock",106670424.99999999,BELOW_10B_THRESHOLD
PMA,PMA Graphene Technology Group Inc. - Class A Ordinary Shares,211867500.0,BELOW_10B_THRESHOLD
PMCB,"PharmaCyte  Biotech, Inc. - Common Stock",4600226.0,BELOW_10B_THRESHOLD
PMI,"Picard Medical, Inc. Common Stock",10640785.0,BELOW_10B_THRESHOLD
PMEC,Primech Holdings Ltd. - Ordinary Shares,22912487.0,BELOW_10B_THRESHOLD
PMAX,Powell Max Limited - Class A Ordinary Shares,1792255.0,BELOW_10B_THRESHOLD
PMN,ProMIS Neurosciences Inc. - Common Shares,116041946.99999999,BELOW_10B_THRESHOLD
PMT,PennyMac Mortgage Investment Trust Common Shares of Beneficial Interest,761276620.0,BELOW_10B_THRESHOLD
PMTR,Perimeter Acquisition Corp. I - Class A Ordinary Shares,,MARKET_CAP_MISSING
PMTS,CPI Card Group Inc. - Common Stock,282728441.0,BELOW_10B_THRESHOLD
PN,PN Smart Energy Limited - Class A Ordinary Shares,41680121.0,BELOW_10B_THRESHOLD
PMVP,"PMV Pharmaceuticals, Inc. - Common Stock",103456142.0,BELOW_10B_THRESHOLD
PNBK,Patriot National Bancorp Inc. - Common Stock,111665165.00000001,BELOW_10B_THRESHOLD
PNR,Pentair plc. Ordinary Share,8819996738.0,BELOW_10B_THRESHOLD
PNNT,PennantPark Investment Corporation Common Stock,222659681.00000003,BELOW_10B_THRESHOLD
PNRG,PrimeEnergy Resources Corporation - Common Stock,311249942.0,BELOW_10B_THRESHOLD
PNTG,"The Pennant Group, Inc. - Common Stock",1384937784.0,BELOW_10B_THRESHOLD
POAS,Phaos Technology Holdings (Cayman) Limited Class A Ordinary Shares,5272524.0,BELOW_10B_THRESHOLD
PODC,"PodcastOne, Inc. - Common Stock",66858458.0,BELOW_10B_THRESHOLD
POCI,"Precision Optics Corporation, Inc. - Common stock",52042851.99999999,BELOW_10B_THRESHOLD
POET,POET Technologies Inc. - Common Shares,1349853086.0,BELOW_10B_THRESHOLD
POLA,"Polar Power, Inc. - Common Stock",5688301.0,BELOW_10B_THRESHOLD
POM,POMDOCTOR LIMITED - American Depositary Shares,5964948.0,BELOW_10B_THRESHOLD
PODD,Insulet Corporation - Common Stock,9466154622.0,BELOW_10B_THRESHOLD
PONY,Pony AI Inc. - American Depositary Shares,3147511675.0,BELOW_10B_THRESHOLD
POOL,Pool Corporation - Common Stock,6054731858.0,BELOW_10B_THRESHOLD
POST,"Post Holdings, Inc. Common Stock",3332365387.0,BELOW_10B_THRESHOLD
POR,Portland General Electric Co Common Stock,5518155161.0,BELOW_10B_THRESHOLD
POWI,"Power Integrations, Inc. - Common Stock",2852331863.0,BELOW_10B_THRESHOLD
POWL,"Powell Industries, Inc. - Common Stock",7017640478.0,BELOW_10B_THRESHOLD
POWW,Outdoor Holding Company - Common Stock,266940141.0,BELOW_10B_THRESHOLD
PPBT,Purple Biotech Ltd. - American Depositary Shares,2415897.0,BELOW_10B_THRESHOLD
PPCB,"Propanc Biopharma, Inc. - Common Stock",2200585.0,BELOW_10B_THRESHOLD
PPC,Pilgrim's Pride Corporation - Common Stock,6578938518.0,BELOW_10B_THRESHOLD
PPHC,"Public Policy Holding Company, Inc. - Common Stock",350372787.0,BELOW_10B_THRESHOLD
PPIH,"Perma-Pipe International Holdings, Inc. - Common Stock",252739320.0,BELOW_10B_THRESHOLD
PPLI,People Incorporated - Common Stock,2678467382.0,BELOW_10B_THRESHOLD
PPSI,"Pioneer Power Solutions, Inc. - Common Stock",35961622.0,BELOW_10B_THRESHOLD
PPTA,Perpetua Resources Corp. - Common Shares,2917234126.0,BELOW_10B_THRESHOLD
PRAA,"PRA Group, Inc. - Common Stock",757101401.0,BELOW_10B_THRESHOLD
PRCH,"Porch Group, Inc. - Common Stock",2189730251.0,BELOW_10B_THRESHOLD
PRAX,"Praxis Precision Medicines, Inc. - Common Stock",7876787014.999999,BELOW_10B_THRESHOLD
PRCT,PROCEPT BioRobotics Corporation - Common Stock,1036080491.0,BELOW_10B_THRESHOLD
PRDO,Perdoceo Education Corporation - Common Stock,1967422609.0000002,BELOW_10B_THRESHOLD
PRFX,PRF Technologies Ltd. - Ordinary Shares,3041830.0,BELOW_10B_THRESHOLD
PRE,Prenetics Global Limited - Class A Ordinary Share,384655621.0,BELOW_10B_THRESHOLD
PRG,"PROG Holdings, Inc. Common Stock",1285366797.0,BELOW_10B_THRESHOLD
PRGO,Perrigo Company plc Ordinary Shares,1920566351.0,BELOW_10B_THRESHOLD
PRGS,Progress Software Corporation - Common Stock,1682761010.0,BELOW_10B_THRESHOLD
PRHI,"Presurance Holdings, Inc. - Common Stock",28620142.999999996,BELOW_10B_THRESHOLD
PRIM,Primoris Services Corporation Common Stock,3990052077.0,BELOW_10B_THRESHOLD
PRKS,United Parks & Resorts Inc. Common Stock,1487648348.0,BELOW_10B_THRESHOLD
PRI,"Primerica, Inc. Common Stock",8454845819.000001,BELOW_10B_THRESHOLD
PRK,Park National Corporation Common Stock,3237458934.0,BELOW_10B_THRESHOLD
PRLD,Prelude Therapeutics Incorporated - Common Stock,343953020.0,BELOW_10B_THRESHOLD
PRLB,"Proto Labs, Inc. Common stock",2132158679.9999998,BELOW_10B_THRESHOLD
PRM,"Perimeter Solutions, SA Common Stock",4629066182.0,BELOW_10B_THRESHOLD
PRME,"Prime Medicine, Inc. - Common Stock",567709559.0,BELOW_10B_THRESHOLD
PRMB,Primo Brands Corporation Class A Common Stock,7156492389.0,BELOW_10B_THRESHOLD
PROK,ProKidney Corp. - Class A Ordinary Shares,498832381.0,BELOW_10B_THRESHOLD
PROP,Prairie Operating Co. - Common Stock,46811174.0,BELOW_10B_THRESHOLD
PROV,"Provident Financial Holdings, Inc. - Common Stock",114455469.00000001,BELOW_10B_THRESHOLD
PRPL,"Purple Innovation, Inc. - Common Stock",11231021.0,BELOW_10B_THRESHOLD
PROF,Profound Medical Corp. - common stock,209514427.0,BELOW_10B_THRESHOLD
PRPO,"Precipio, Inc. - Common Stock",42678082.0,BELOW_10B_THRESHOLD
PRQR,ProQR Therapeutics N.V. - Ordinary Shares,239906509.0,BELOW_10B_THRESHOLD
PRTA,Prothena Corporation plc - Ordinary Shares,445604934.0,BELOW_10B_THRESHOLD
PRSU,"Pursuit Attractions and Hospitality, Inc. Common Stock",1310860572.0,BELOW_10B_THRESHOLD
PRTS,"CarParts.com, Inc. - Common Stock",67265703.0,BELOW_10B_THRESHOLD
PRTH,"Priority Technology Holdings, Inc. - Common Stock",643034902.0,BELOW_10B_THRESHOLD
PRSO,Peraso Inc. - Common Stock,7438838.0,BELOW_10B_THRESHOLD
PRZO,ParaZero Technologies Ltd. - Ordinary Shares,16521686.0,BELOW_10B_THRESHOLD
PRVA,"Privia Health Group, Inc. - Common Stock",2439723354.0,BELOW_10B_THRESHOLD
PSFE,Paysafe Limited Common Shares,336789794.0,BELOW_10B_THRESHOLD
PSIG,PS International Group Ltd. - Ordinary Shares,66906575.99999999,BELOW_10B_THRESHOLD
PSHG,Performance Shipping Inc. - Common Shares,22376624.0,BELOW_10B_THRESHOLD
PSBD,Palmer Square Capital BDC Inc. Common Stock,315707576.3,BELOW_10B_THRESHOLD
PSIX,"Power Solutions International, Inc. - Common Stock",1081308296.0,BELOW_10B_THRESHOLD
PSMT,"PriceSmart, Inc. - Common Stock",5327760863.0,BELOW_10B_THRESHOLD
PSN,Parsons Corporation Common Stock,4680212365.0,BELOW_10B_THRESHOLD
PSNL,"Personalis, Inc. - Common Stock",1746177906.9999998,BELOW_10B_THRESHOLD
PSNY,Polestar Automotive Holding UK Limited - Class A ADS,1179531326.0,BELOW_10B_THRESHOLD
PSUS,"Pershing Square USA, Ltd. Common Shares",1008082500.0000001,BELOW_10B_THRESHOLD
PSQH,"PSQ Holdings, Inc. Class A Common Stock",19604904.0,BELOW_10B_THRESHOLD
PSQL,Pasqal Holding SA - Ordinary Shares,1585833872.0,BELOW_10B_THRESHOLD
PSO,"Pearson, Plc Common Stock",9561329100.0,BELOW_10B_THRESHOLD
PSTL,"Postal Realty Trust, Inc. Class A Common Stock",707823628.0,BELOW_10B_THRESHOLD
PTAC,Patriot Acquisition Corp. - Class A Ordinary Shares,,MARKET_CAP_MISSING
PTGX,"Protagonist Therapeutics, Inc. - Common Stock",8975039130.0,BELOW_10B_THRESHOLD
PTEN,"Patterson-UTI Energy, Inc. - Common Stock",4221930555.0,BELOW_10B_THRESHOLD
PTCT,"PTC Therapeutics, Inc. - Common Stock",5202946397.0,BELOW_10B_THRESHOLD
PTHS,Pelthos Therapeutics Inc. Common Stock,90045591.0,BELOW_10B_THRESHOLD
PTLE,PTL LTD - Class A Ordinary Shares,45224078.0,BELOW_10B_THRESHOLD
PTLO,Portillo's Inc. - Class A Common Stock,277192768.0,BELOW_10B_THRESHOLD
PTN,"Palatin Technologies, Inc. - Common Stock",18273154.0,BELOW_10B_THRESHOLD
PTON,"Peloton Interactive, Inc. - Common Stock",2106584644.9999998,BELOW_10B_THRESHOLD
PTOR,Praetorian Acquisition Corp. - Class A Ordinary Shares,,MARKET_CAP_MISSING
PTRN,Pattern Group Inc. - Series A Common Stock,3434446363.0,BELOW_10B_THRESHOLD
PUBM,"PubMatic, Inc. - Class A Common Stock",795076315.0,BELOW_10B_THRESHOLD
PUMP,ProPetro Holding Corp. Common Stock,1203674387.0,BELOW_10B_THRESHOLD
PURR,Hyperliquid Strategies Inc - Common Stock,3316594875.0,BELOW_10B_THRESHOLD
PULM,"Pulmatrix, Inc. - Common Stock",6154100.0,BELOW_10B_THRESHOLD
PUSA,Aureus Greenway Holdings Inc. - Common Stock,102281253.0,BELOW_10B_THRESHOLD
PVLA,"Palvella Therapeutics, Inc. - Common Stock",2154921351.0,BELOW_10B_THRESHOLD
PVH,PVH Corp. Common Stock,3478331230.0,BELOW_10B_THRESHOLD
PWCM,"PowerCompute, Inc. - Common Stock",2663619.0,BELOW_10B_THRESHOLD
PW,Power REIT (MD) Common Stock,2518443.0,BELOW_10B_THRESHOLD
PWRL,Powerlaw Corp. - Common Stock,,MARKET_CAP_MISSING
PWP,Perella Weinberg Partners - Class A Common Stock,1302998655.0,BELOW_10B_THRESHOLD
PXED,"Phoenix Education Partners, Inc. Common Stock",942638882.0,BELOW_10B_THRESHOLD
PXLW,"Pixelworks, Inc. - Common Stock",44463039.0,BELOW_10B_THRESHOLD
PYPD,PolyPid Ltd. - Ordinary Shares,107043007.0,BELOW_10B_THRESHOLD
PXS,Pyxis Tankers Inc. - Common Stock,68843431.0,BELOW_10B_THRESHOLD
PYXS,"Pyxis Oncology, Inc. - Common Stock",268573921.0,BELOW_10B_THRESHOLD
PZG,Paramount Gold Nevada Corp. Common Stock,117252918.0,BELOW_10B_THRESHOLD
PZZA,"Papa John's International, Inc. - Common Stock",663371993.0,BELOW_10B_THRESHOLD
QADR,QDRO Acquisition Corp. - Class A Ordinary Shares,,MARKET_CAP_MISSING
QCLS,"Q/C Technologies, Inc. - Common Stock",7202144.000000001,BELOW_10B_THRESHOLD
QBTS,D-Wave Quantum Inc. - Common Stock,6381523617.0,BELOW_10B_THRESHOLD
QCRH,"QCR Holdings, Inc. - Common Stock",1623969640.0,BELOW_10B_THRESHOLD
QFIN,"Qfin Holdings, Inc.  - American Depositary Shares",926531836.9999999,BELOW_10B_THRESHOLD
QH,Quhuo Limited - Class A Ordinary Shares,10910317.0,BELOW_10B_THRESHOLD
QDEL,QuidelOrtho Corporation - Common Stock,709069915.0,BELOW_10B_THRESHOLD
QGEN,Qiagen N.V. Common Shares,9007527454.0,BELOW_10B_THRESHOLD
QLEP,Quantum Leap Acquisition Corp Class A Ordinary Shares,,MARKET_CAP_MISSING
QLYS,"Qualys, Inc. - Common Stock",6392810235.0,BELOW_10B_THRESHOLD
QMLS,"QumulusAI, Inc. - Common Stock",238224627.0,BELOW_10B_THRESHOLD
QMCO,Quantum Corporation - Common Stock,1023477726.0,BELOW_10B_THRESHOLD
QNC,Quantum eMotion Corp. Common Shares,445421930.0,BELOW_10B_THRESHOLD
QNBC,QNB Corp. - Common Stock,274908370.0,BELOW_10B_THRESHOLD
QNCX,"Quince Therapeutics, Inc. - Common Stock",30664449.0,BELOW_10B_THRESHOLD
QNME,"Quanome Technologies, Inc. - Common Stock",28884722.0,BELOW_10B_THRESHOLD
QNRX,"Quoin Pharmaceuticals, Ltd. - American Depositary Shares",32428087.0,BELOW_10B_THRESHOLD
QNST,"QuinStreet, Inc. - Common Stock",817150038.0,BELOW_10B_THRESHOLD
QNTM,Quantum Biopharma Ltd. - Class B Subordinate Voting Shares,31379581.0,BELOW_10B_THRESHOLD
QRHC,Quest Resource Holding Corporation - Common Stock,29108141.0,BELOW_10B_THRESHOLD
QRED,QuasarEdge Acquisition Corporation Ordinary Shares,161202000.0,BELOW_10B_THRESHOLD
QSEA,Quartzsea Acquisition Corporation - Ordinary Shares,107932616.7,BELOW_10B_THRESHOLD
QS,QuantumScape Corporation - Common Stock,3039847319.0,BELOW_10B_THRESHOLD
QSI,Quantum-Si Incorporated - Class A Common Stock,166067224.0,BELOW_10B_THRESHOLD
QTEX,QTREX Quantum Ltd. - Ordinary Shares,43092229.0,BELOW_10B_THRESHOLD
QTI,"QT Imaging Holdings, Inc. - Common Stock",37762232.0,BELOW_10B_THRESHOLD
QTRX,Quanterix Corporation - Common Stock,149446085.0,BELOW_10B_THRESHOLD
QTTB,Q32 Bio Inc. - Common Stock,284596095.0,BELOW_10B_THRESHOLD
QTWO,"Q2 Holdings, Inc. Common Stock",3470662324.0,BELOW_10B_THRESHOLD
QUAD,"Quad Graphics, Inc Class A Common Stock",476017043.99999994,BELOW_10B_THRESHOLD
QUBT,Quantum Computing Inc. - Common Stock,2064283371.9999998,BELOW_10B_THRESHOLD
QUCY,Quantum Cyber N.V. - Ordinary Shares,110970013.0,BELOW_10B_THRESHOLD
QUIK,QuickLogic Corporation - Common Stock,205708231.00000003,BELOW_10B_THRESHOLD
QUMS,Quantumsphere Acquisition Corp. - Ordinary Shares,117944761.0,BELOW_10B_THRESHOLD
QVCG,"QVC Group, Inc. - Common Stock",751498452.0,BELOW_10B_THRESHOLD
QXL,Quantum X Labs Inc. - Common Stock,118623043.0,BELOW_10B_THRESHOLD
QURE,uniQure N.V. - Ordinary Shares,2966107777.0,BELOW_10B_THRESHOLD
RAC,Rithm Acquisition Corp. Class A Ordinary Shares,,MARKET_CAP_MISSING
R,"Ryder System, Inc. Common Stock",9126554584.0,BELOW_10B_THRESHOLD
RACD,Research Alliance Corporation IV - Class A Ordinary Shares,,MARKET_CAP_MISSING
RADX,Radiopharm Theranostics Limited - American Depositary Shares,23495059.0,BELOW_10B_THRESHOLD
RAIN,"Rain Enhancement Technologies Holdco, Inc. - Class A Common Stock",11821092.0,BELOW_10B_THRESHOLD
RAL,Ralliant Corporation Common Stock,7743694160.0,BELOW_10B_THRESHOLD
RAMP,"LiveRamp Holdings, Inc. Common Stock",2276164126.0,BELOW_10B_THRESHOLD
RAIL,"Freightcar America, Inc. - Common Stock",242655472.0,BELOW_10B_THRESHOLD
RANG,Range Capital Acquisition Corp. - Ordinary Shares,72672985.35,BELOW_10B_THRESHOLD
RANI,"Rani Therapeutics Holdings, Inc. - Class A Common Stock",106916210.0,BELOW_10B_THRESHOLD
RAPP,"Rapport Therapeutics, Inc. - Common Stock",1637498901.0,BELOW_10B_THRESHOLD
RARE,Ultragenyx Pharmaceutical Inc. - Common Stock,1467002430.0,BELOW_10B_THRESHOLD
RAVE,"Rave Restaurant Group, Inc. - Common Stock",39081807.0,BELOW_10B_THRESHOLD
RAYA,Erayak Power Solution Group Inc. - Class A Ordinary Shares,2014496.0,BELOW_10B_THRESHOLD
RBB,RBB Bancorp - Common Stock,444551534.0,BELOW_10B_THRESHOLD
RBBN,Ribbon Communications Inc.  - Common Stock,321882034.0,BELOW_10B_THRESHOLD
RBNE,Robin Energy Ltd. - Common Stock,3157544.0000000005,BELOW_10B_THRESHOLD
RBKB,"Rhinebeck Bancorp, Inc. - Common Stock",200296723.99999997,BELOW_10B_THRESHOLD
RBCAA,"Republic Bancorp, Inc. - Class A Common Stock",1832455313.0000002,BELOW_10B_THRESHOLD
RC,Ready Capital Corporation Common Stock,241178847.99999997,BELOW_10B_THRESHOLD
RCAT,"Red Cat Holdings, Inc. - Common Stock",1006387646.0,BELOW_10B_THRESHOLD
RCBC,River City Bank - Common stock,724468898.0,BELOW_10B_THRESHOLD
RCEL,"Avita Medical, Inc. - Common Stock",338648975.0,BELOW_10B_THRESHOLD
RCKT,"Rocket Pharmaceuticals, Inc. - Common Stock",331519283.0,BELOW_10B_THRESHOLD
RCMT,"RCM Technologies, Inc. - Common Stock",286776910.0,BELOW_10B_THRESHOLD
RCON,"Recon Technology, Ltd. - Class A Ordinary Shares",28719616.999999996,BELOW_10B_THRESHOLD
RCKY,"Rocky Brands, Inc. - Common Stock",335787451.0,BELOW_10B_THRESHOLD
RCT,RedCloud Holdings plc - Ordinary Shares,13265838.999999998,BELOW_10B_THRESHOLD
RDAC,Rising Dragon Acquisition Corp. - Ordinary Shares,18447867.09,BELOW_10B_THRESHOLD
RDAG,Republic Digital Acquisition Company - Class A Ordinary Shares,,MARKET_CAP_MISSING
RCUS,"Arcus Biosciences, Inc. Common Stock",3360327792.9999995,BELOW_10B_THRESHOLD
RDCM,Radcom Ltd. - Ordinary Shares,171911707.0,BELOW_10B_THRESHOLD
RDGT,"Ridgetech, Inc. - Ordinary Shares",3357687.0,BELOW_10B_THRESHOLD
RDI,Reading International Inc - Class A Non-voting Common Stock,44177945.0,BELOW_10B_THRESHOLD
RDHL,Redhill Biopharma Ltd. - American Depositary Shares,3302548.0000000005,BELOW_10B_THRESHOLD
RDNT,"RadNet, Inc. - Common Stock",5761426185.0,BELOW_10B_THRESHOLD
RDN,Radian Group Inc. Common Stock,4569687524.0,BELOW_10B_THRESHOLD
RDW,Redwire Corporation Common Stock,2817416703.0,BELOW_10B_THRESHOLD
RDNW,"RideNow Group, Inc. - Class B Common Stock",236017082.0,BELOW_10B_THRESHOLD
RDVT,"Red Violet, Inc. - Common Stock ",1222779495.0,BELOW_10B_THRESHOLD
RDZN,"Roadzen, Inc. - Ordinary Shares",99643124.0,BELOW_10B_THRESHOLD
RDWR,Radware Ltd. - Ordinary Shares,1287824167.0,BELOW_10B_THRESHOLD
REA,"Rare Earths Americas, Inc. Common Stock",219093734.0,BELOW_10B_THRESHOLD
REAL,"The RealReal, Inc. - Common Stock",1113899058.0,BELOW_10B_THRESHOLD
REAX,Real REMAX Group Inc. - Common Stock,331649600.0,BELOW_10B_THRESHOLD
RECT,Rectitude Holdings Ltd - Ordinary Shares,19663093.0,BELOW_10B_THRESHOLD
REBN,"Reborn Coffee, Inc. - Common Stock",9395933.0,BELOW_10B_THRESHOLD
REED,"Reed's, Inc. Common Stock",7439136.0,BELOW_10B_THRESHOLD
REF,Reformation Inc. Common Stock,736719120.0,BELOW_10B_THRESHOLD
REFI,"Chicago Atlantic Real Estate Finance, Inc. - Common Stock",273890051.0,BELOW_10B_THRESHOLD
REFR,Research Frontiers Incorporated - Common Stock,24888626.0,BELOW_10B_THRESHOLD
REKR,"Rekor Systems, Inc. - Common Stock",59032293.0,BELOW_10B_THRESHOLD
REI,"Ring Energy, Inc. Common Stock",346517677.0,BELOW_10B_THRESHOLD
RELL,"Richardson Electronics, Ltd. - Common Stock",256556403.0,BELOW_10B_THRESHOLD
RELY,"Remitly Global, Inc. - Common stock",4273901050.0,BELOW_10B_THRESHOLD
RENX,RenX Enterprises Corp. - Common Stock,4789638.0,BELOW_10B_THRESHOLD
RERE,ATRenew Inc. American Depositary Shares (every three of which representing two Class A ordinary shares),872674684.0,BELOW_10B_THRESHOLD
REPL,"Replimune Group, Inc. - Common Stock",1221086457.0,BELOW_10B_THRESHOLD
REPX,"Riley Exploration Permian, Inc. Common Stock",909855950.0,BELOW_10B_THRESHOLD
REVB,"Revelation Biosciences, Inc. - Common Stock",3721706.0000000005,BELOW_10B_THRESHOLD
RES,"RPC, Inc. Common Stock",1296693520.0,BELOW_10B_THRESHOLD
RETO,"ReTo Eco-Solutions, Inc. - Class A Shares",7696538.0,BELOW_10B_THRESHOLD
REX,REX American Resources Corporation,1460059916.0,BELOW_10B_THRESHOLD
REYN,Reynolds Consumer Products Inc. - Common Stock,4624754145.0,BELOW_10B_THRESHOLD
REXR,"Rexford Industrial Realty, Inc. Common Stock",8506996931.0,BELOW_10B_THRESHOLD
REZI,"Resideo Technologies, Inc. Common Stock ",2836509021.0,BELOW_10B_THRESHOLD
RFAM,RF Acquisition Corp III - Ordinary Shares,139333330.0,BELOW_10B_THRESHOLD
RFIL,"RF Industries, Ltd. - Common Stock",90795760.0,BELOW_10B_THRESHOLD
RFAI,RF Acquisition Corp II - Ordinary Shares,108887500.0,BELOW_10B_THRESHOLD
RFL,"Rafael Holdings, Inc. Class B Common Stock",105039992.0,BELOW_10B_THRESHOLD
RGNT,Regentis Biomaterials Ltd. Ordinary Shares,14750234.000000002,BELOW_10B_THRESHOLD
RGC,Regencell Bioscience Holdings Limited - Ordinary Shares,2957043670.0,BELOW_10B_THRESHOLD
RGEN,Repligen Corporation - Common Stock,9027822638.0,BELOW_10B_THRESHOLD
RGNX,REGENXBIO Inc. - Common Stock,495098940.0,BELOW_10B_THRESHOLD
RGCO,RGC Resources Inc. - Common Stock,215163831.0,BELOW_10B_THRESHOLD
RGP,"Resources Connection, Inc. - Common Stock",134988065.0,BELOW_10B_THRESHOLD
RGR,"Sturm, Ruger & Company, Inc. Common Stock",669488926.0,BELOW_10B_THRESHOLD
RGS,Regis Corporation - Common Stock,68879325.0,BELOW_10B_THRESHOLD
RGTI,"Rigetti Computing, Inc.  - Common stock",5341968796.0,BELOW_10B_THRESHOLD
RHI,Robert Half Inc. Common Stock,3824237894.0,BELOW_10B_THRESHOLD
RH,RH Common Stock,2358882280.0,BELOW_10B_THRESHOLD
RHLD,Resolute Holdings Management Common Stock ,982062936.0,BELOW_10B_THRESHOLD
RHP,"Ryman Hospitality Properties, Inc. (REIT)",8329050282.999999,BELOW_10B_THRESHOLD
RIBB,Ribbon Acquisition Corp - Class A Ordinary Shares,,MARKET_CAP_MISSING
RICK,"RCI Hospitality Holdings, Inc. - Common Stock",209535744.99999997,BELOW_10B_THRESHOLD
RIGL,"Rigel Pharmaceuticals, Inc. - Common Stock",899061854.0,BELOW_10B_THRESHOLD
RIG,Transocean Ltd (Switzerland) Common Stock,6109334065.0,BELOW_10B_THRESHOLD
RIME,"Algorhythm Holdings, Inc. - Common Stock",3922572.0,BELOW_10B_THRESHOLD
RILY,"BRC Group Holdings, Inc. - Common Stock",232354584.0,BELOW_10B_THRESHOLD
RIOT,"Riot Platforms, Inc. - Common Stock",9265143105.0,BELOW_10B_THRESHOLD
RITM,Rithm Capital Corp. Common Stock,5260194232.0,BELOW_10B_THRESHOLD
RJET,Republic Airways Holdings Inc. - Common Stock,876461040.0,BELOW_10B_THRESHOLD
RKDA,"Arcadia Biosciences, Inc. - Common Stock",1026324.0,BELOW_10B_THRESHOLD
RKTO,Rocket One Inc. - Common Stock,18725471.0,BELOW_10B_THRESHOLD
RLAY,"Relay Therapeutics, Inc. - Common Stock",3951123607.0000005,BELOW_10B_THRESHOLD
RLGT,"Radiant Logistics, Inc. Common Stock",406573321.00000006,BELOW_10B_THRESHOLD
RLI,RLI Corp. Common Stock (DE),5217293345.0,BELOW_10B_THRESHOLD
RLJ,RLJ Lodging Trust Common Shares of Beneficial Interest $0.01 par value,1662420764.0000002,BELOW_10B_THRESHOLD
RLMD,"Relmada Therapeutics, Inc. - Common Stock",403212018.0,BELOW_10B_THRESHOLD
RLYB,Rallybio Corporation - Common Stock,89535013.0,BELOW_10B_THRESHOLD
RM,Regional Management Corp. Common Stock,283416392.0,BELOW_10B_THRESHOLD
RMBI,"Richmond Mutual Bancorporation, Inc. - Common Stock",252056052.0,BELOW_10B_THRESHOLD
RMCF,"Rocky Mountain Chocolate Factory, Inc. - Common Stock",8023648.999999999,BELOW_10B_THRESHOLD
RML,Resolution Minerals Ltd - American Depositary Shares,69877105.0,BELOW_10B_THRESHOLD
RMIX,"Suncrete, Inc. - Class A Common Stock",935474667.0000001,BELOW_10B_THRESHOLD
RMCO,Royalty Management Holding Corporation - Class A Common Stock,39752495.0,BELOW_10B_THRESHOLD
RMNI,"Rimini Street, Inc. - Common Stock",401430800.0,BELOW_10B_THRESHOLD
RMSG,Real Messenger Corporation - Ordinary Shares,5125468.0,BELOW_10B_THRESHOLD
RMR,The RMR Group Inc. - Class A Common Stock,603749853.0,BELOW_10B_THRESHOLD
RNA,"Atrium Therapeutics, Inc. - Common Stock",142490006.0,BELOW_10B_THRESHOLD
RMTI,"Rockwell Medical, Inc. - Common Stock",34541085.0,BELOW_10B_THRESHOLD
RNAC,"Cartesian Therapeutics, Inc. - Common Stock",238109620.0,BELOW_10B_THRESHOLD
RNAZ,"TransCode Therapeutics, Inc. - Common Stock",28443642.000000004,BELOW_10B_THRESHOLD
RNG,"RingCentral, Inc. Class A Common Stock",6616193215.0,BELOW_10B_THRESHOLD
RNGR,"Ranger Energy Services, Inc. Class A Common Stock",366241660.0,BELOW_10B_THRESHOLD
RNST,Renasant Corporation Common Stock,3628757261.0,BELOW_10B_THRESHOLD
RNTX,"Rein Therapeutics, Inc. - Common Stock",66451495.00000001,BELOW_10B_THRESHOLD
RNXT,"RenovoRx, Inc. - Common Stock",73561098.0,BELOW_10B_THRESHOLD
ROAD,"Construction Partners, Inc. - Common Stock",5361078419.0,BELOW_10B_THRESHOLD
ROC,Rank One Computing Corporation - Common stock,79754931.0,BELOW_10B_THRESHOLD
RNW,ReNew Energy Global plc - Class A Shares,2492514386.0,BELOW_10B_THRESHOLD
ROCK,"Gibraltar Industries, Inc. - Common Stock",1194479693.0,BELOW_10B_THRESHOLD
RENT,"Rent the Runway, Inc. - Class A Common Stock",57416006.0,BELOW_10B_THRESHOLD
ROG,Rogers Corporation Common Stock,2491560632.0,BELOW_10B_THRESHOLD
ROLR,"High Roller Technologies, Inc. Common Stock",66286171.00000001,BELOW_10B_THRESHOLD
ROMA,Roma Green Finance Limited - Class A Ordinary Shares,531315973.0,BELOW_10B_THRESHOLD
ROOT,"Root, Inc. - Common Stock",724464464.0,BELOW_10B_THRESHOLD
RPD,"Rapid7, Inc. - Common Stock",882274378.0,BELOW_10B_THRESHOLD
RPAY,Repay Holdings Corporation - Class A Common Stock,341470459.0,BELOW_10B_THRESHOLD
RPC,"Ridgepost Capital, Inc. Class A Common Stock",851040757.0,BELOW_10B_THRESHOLD
RPID,"Rapid Micro Biosystems, Inc. - Class A Common Stock",55677107.0,BELOW_10B_THRESHOLD
RPGL,Republic Power Group Limited - Class A Ordinary Shares,16207636.0,BELOW_10B_THRESHOLD
RPT,Rithm Property Trust Inc. Common stock,86508637.0,BELOW_10B_THRESHOLD
RR,Richtech Robotics Inc. - Class B Common Stock,371418206.0,BELOW_10B_THRESHOLD
RREV,RRE Ventures Acquisition Corp. - Class A Ordinary Shares,,MARKET_CAP_MISSING
RRBI,"Red River Bancshares, Inc. - Common Stock",662064779.0,BELOW_10B_THRESHOLD
RRC,Range Resources Corporation Common Stock,9059754797.0,BELOW_10B_THRESHOLD
RRGB,"Red Robin Gourmet Burgers, Inc. - Common Stock",146126003.0,BELOW_10B_THRESHOLD
RRR,"Red Rock Resorts, Inc. - Class A Common Stock",5345324020.0,BELOW_10B_THRESHOLD
RSI,"Rush Street Interactive, Inc. Class A Common Stock",4765260240.0,BELOW_10B_THRESHOLD
RSKD,Riskified Ltd. Class A Ordinary Shares,970798725.0,BELOW_10B_THRESHOLD
RSSS,"Research Solutions, Inc - Common Stock",71576858.0,BELOW_10B_THRESHOLD
RSVR,"Reservoir Media, Inc.. - Common Stock",630297903.0,BELOW_10B_THRESHOLD
RTAC,Renatus Tactical Acquisition Corp I - Class A Ordinary Shares,,MARKET_CAP_MISSING
RUBI,Rubico Inc. - Common Stock,2548113.0,BELOW_10B_THRESHOLD
RTB,"RTB Digital, Inc. - Common Stock",147193352.0,BELOW_10B_THRESHOLD
RUM,RUM Group Inc. - Class A Common Stock,4100350304.0,BELOW_10B_THRESHOLD
RUN,Sunrun Inc. - Common Stock,2011072300.0,BELOW_10B_THRESHOLD
RUSHA,"Rush Enterprises, Inc. - Class A Common Stock",5607726350.0,BELOW_10B_THRESHOLD
RVLV,"Revolve Group, Inc. Class A Common Stock",1472889902.0,BELOW_10B_THRESHOLD
RVP,"Retractable Technologies, Inc. Common Stock",20797344.0,BELOW_10B_THRESHOLD
RVSB,Riverview Bancorp Inc - Common Stock,119149223.0,BELOW_10B_THRESHOLD
RVSN,Rail Vision Ltd. - Ordinary Shares,8220698.0,BELOW_10B_THRESHOLD
RWAY,Runway Growth Finance Corp. - Common Stock,282472753.0,BELOW_10B_THRESHOLD
RXO,"RXO, Inc. Common Stock",3278731425.0,BELOW_10B_THRESHOLD
RWT,"Redwood Trust, Inc. Common Stock",467278246.99999994,BELOW_10B_THRESHOLD
RXRX,"Recursion Pharmaceuticals, Inc. - Class A Common Stock",1980766029.0,BELOW_10B_THRESHOLD
RXST,"RxSight, Inc. - Common Stock",201727292.0,BELOW_10B_THRESHOLD
RXT,"Rackspace Technology, Inc. - Common Stock",1032235043.0,BELOW_10B_THRESHOLD
RYAM,Rayonier Advanced Materials Inc. Common Stock,618268061.0,BELOW_10B_THRESHOLD
RYAN,"Ryan Specialty Holdings, Inc. Class A Common Stock",9252820773.0,BELOW_10B_THRESHOLD
RYDE,Ryde Group Ltd. Class A Ordinary Shares,138774256.0,BELOW_10B_THRESHOLD
RYET,Ruanyun Edai Technology Inc. - Ordinary shares,32332947.0,BELOW_10B_THRESHOLD
RYOJ,"rYojbaba Co., Ltd. - Common Shares",42850500.0,BELOW_10B_THRESHOLD
RYM,"RYTHM, Inc. - Common Stock",50622000.0,BELOW_10B_THRESHOLD
RYN,Rayonier Inc. REIT Common Stock,5909686399.0,BELOW_10B_THRESHOLD
RYTM,"Rhythm Pharmaceuticals, Inc. - Common Stock",6764028535.999999,BELOW_10B_THRESHOLD
RYZ,Ryerson Holding Corporation Common Stock,1234668955.0,BELOW_10B_THRESHOLD
RZLT,"Rezolute, Inc. - Common Stock (NV)",385169324.0,BELOW_10B_THRESHOLD
S,"SentinelOne, Inc. Class A Common Stock",8387983720.0,BELOW_10B_THRESHOLD
RZLV,Rezolve AI PLC - Ordinary Shares,912893225.9999999,BELOW_10B_THRESHOLD
SA,"Seabridge Gold, Inc. Common Shares New",3365581939.0,BELOW_10B_THRESHOLD
SABR,Sabre Corporation - Common Stock,883847239.0,BELOW_10B_THRESHOLD
SABS,"SAB Biotherapeutics, Inc. - Common Stock",308443788.0,BELOW_10B_THRESHOLD
SAC,Safeguard Acquisition Corp. Class A Ordinary Shares,,MARKET_CAP_MISSING
SACH,Sachem Capital Corp. Common Shares,43811352.0,BELOW_10B_THRESHOLD
SAFX,"XCF Global, Inc. - Class A Common Stock",176625770.0,BELOW_10B_THRESHOLD
SAFT,"Safety Insurance Group, Inc. - Common Stock",1519576692.0,BELOW_10B_THRESHOLD
SAFE,Safehold Inc. New Common Stock ,914238175.0,BELOW_10B_THRESHOLD
SAGU,Shreya Acquisition Group Class A Ordinary Shares,,MARKET_CAP_MISSING
SAGT,SAGTEC GLOBAL LIMITED - Class A Ordinary shares,12158900.0,BELOW_10B_THRESHOLD
SAH,"Sonic Automotive, Inc. Common Stock",1971815201.0,BELOW_10B_THRESHOLD
SAIA,"Saia, Inc. - Common Stock",9172078403.0,BELOW_10B_THRESHOLD
SAIH,SAIHEAT Limited - Class A Ordinary Shares,53840106.0,BELOW_10B_THRESHOLD
SAIC,Science Applications International Corporation - Common Stock,5570709550.0,BELOW_10B_THRESHOLD
SAMO,Samos Energy Acquisition Corporation Class A Ordinary Shares,,MARKET_CAP_MISSING
SAM,"Boston Beer Company, Inc. (The) Common Stock",1725811987.0000002,BELOW_10B_THRESHOLD
SAMG,Silvercrest Asset Management Group Inc. - Common Stock,116108117.00000001,BELOW_10B_THRESHOLD
SANA,"Sana Biotechnology, Inc. - Common Stock",922030762.0,BELOW_10B_THRESHOLD
SANG,Sangoma Technologies Corporation - Common Shares,117307735.0,BELOW_10B_THRESHOLD
SAR,Saratoga Investment Corp New,280772793.0,BELOW_10B_THRESHOLD
SARO,"StandardAero, Inc. Common Stock",7472160752.000001,BELOW_10B_THRESHOLD
SATL,Satellogic Inc. - Class A Common Stock,847106909.9999999,BELOW_10B_THRESHOLD
SB,"Safe Bulkers, Inc Common Stock ($0.001 par value)",956228825.0,BELOW_10B_THRESHOLD
SBC,SBC Medical Group Holdings Incorporated - Common Stock,498807674.00000006,BELOW_10B_THRESHOLD
SBET,"Sharplink, Inc. - Common Stock",2130963555.0,BELOW_10B_THRESHOLD
SBCF,Seacoast Banking Corporation of Florida - Common Stock,3138995144.0,BELOW_10B_THRESHOLD
SBFG,"SB Financial Group, Inc. - Common Stock",188340119.0,BELOW_10B_THRESHOLD
SBFM,Sunshine Biopharma Inc. - Common stock,3774961.9999999995,BELOW_10B_THRESHOLD
SBGI,"Sinclair, Inc. - Class A Common Stock",930733432.0000001,BELOW_10B_THRESHOLD
SBH,"Sally Beauty Holdings, Inc. (Name to be changed from Sally Holdings, Inc.) Common Stock",1568173391.0,BELOW_10B_THRESHOLD
SBLK,Star Bulk Carriers Corp. - Common Shares,3390516559.9999995,BELOW_10B_THRESHOLD
SBMT,Silver Bow Mining Corp. Common Shares,243314840.0,BELOW_10B_THRESHOLD
SBR,Sabine Royalty Trust Common Stock,1054524024.0,BELOW_10B_THRESHOLD
SBRA,"Sabra Health Care REIT, Inc. - Common Stock",5030061666.0,BELOW_10B_THRESHOLD
SBSW,D/B/A Sibanye-Stillwater Limited ADS,7465621159.0,BELOW_10B_THRESHOLD
SBSI,"Southside Bancshares, Inc. Common Stock",915403066.0,BELOW_10B_THRESHOLD
SBXD,SilverBox Corp IV Class A Ordinary Shares,,MARKET_CAP_MISSING
SBXE,SilverBox Corp V Class A Ordinary Shares,,MARKET_CAP_MISSING
SCAG,Scage Future - American Depositary Shares,17687714.0,BELOW_10B_THRESHOLD
SCHL,Scholastic Corporation - Common Stock,670594055.0,BELOW_10B_THRESHOLD
SCII,SC II Acquisition Corp. - Class A ordinary share,,MARKET_CAP_MISSING
SCKT,"Socket Mobile, Inc. - Common Stock",4257778.0,BELOW_10B_THRESHOLD
SCL,Stepan Company Common Stock,1474659870.0,BELOW_10B_THRESHOLD
SCLX,Scilex Holding Company - Common Stock,43314300.0,BELOW_10B_THRESHOLD
SCNI,Scinai Immunotherapeutics Ltd. - American Depositary Shares,992665.0,BELOW_10B_THRESHOLD
SCM,Stellus Capital Investment Corporation Common Stock,222428308.00000003,BELOW_10B_THRESHOLD
SCOR,"comScore, Inc. - Common Stock",75010570.0,BELOW_10B_THRESHOLD
SCNX,"Scienture Holdings, Inc. - Common Stock",11896283.0,BELOW_10B_THRESHOLD
SCTX,Scribe Therapeutics Inc. - Common Stock,502257470.0,BELOW_10B_THRESHOLD
SCSC,"ScanSource, Inc. - Common Stock",1178052360.0,BELOW_10B_THRESHOLD
SCWO,374Water Inc. - common stock,54394754.0,BELOW_10B_THRESHOLD
SCYX,"SCYNEXIS, Inc. - Common Stock",46116438.0,BELOW_10B_THRESHOLD
SD,"SandRidge Energy, Inc. Common Stock",520166403.0,BELOW_10B_THRESHOLD
SCZM,Santacruz Silver Mining Ltd. - Common Shares,825753722.0,BELOW_10B_THRESHOLD
SDA,SunCar Technology Group Inc. - Ordinary Shares,47150665.0,BELOW_10B_THRESHOLD
SDGR,"Schrodinger, Inc. - Common Stock",2186568506.0,BELOW_10B_THRESHOLD
SDEV,Stablecoin Development Corporation Common Stock,56689289.0,BELOW_10B_THRESHOLD
SDHC,Smith Douglas Homes Corp. Class A Common Stock,524548891.99999994,BELOW_10B_THRESHOLD
SDHI,Siddhi Acquisition Corp - Class A Common stock,,MARKET_CAP_MISSING
SDRL,Seadrill Limited Common Shares,2903799198.0,BELOW_10B_THRESHOLD
SDOT,Sadot Group Inc. - Common Stock,16134043.0,BELOW_10B_THRESHOLD
SECZ,Securitize Corp. Common Stock,2344495237.0,BELOW_10B_THRESHOLD
SEAT,Vivid Seats Inc. - Class A common stock,45677412.0,BELOW_10B_THRESHOLD
SDST,Stardust Power Inc. - Common Stock,4694761.0,BELOW_10B_THRESHOLD
SEB,Seaboard Corporation Common Stock,3806321246.0000005,BELOW_10B_THRESHOLD
SEDG,"SolarEdge Technologies, Inc. - Common Stock",2051883696.0000002,BELOW_10B_THRESHOLD
SEED,Origin Agritech Limited - Ordinary Shares,11172044.0,BELOW_10B_THRESHOLD
SEG,Seaport Entertainment Group Inc. Common Stock,305251243.0,BELOW_10B_THRESHOLD
SEER,"Seer, Inc. - Class A Common Stock",99669627.0,BELOW_10B_THRESHOLD
SEGG,Sports Entertainment Gaming Global Corporation  - Common Stock,9354728.0,BELOW_10B_THRESHOLD
SEI,"Solaris Energy Infrastructure, Inc. Class A Common Stock",5162871813.0,BELOW_10B_THRESHOLD
SELF,"Global Self Storage, Inc. - Common Stock",57221314.0,BELOW_10B_THRESHOLD
SENEA,Seneca Foods Corp. - Class A Common Stock,1212794801.0,BELOW_10B_THRESHOLD
SEPN,"Septerna, Inc. - Common Stock",1794728612.0,BELOW_10B_THRESHOLD
SENS,"Senseonics Holdings, Inc. - Common Stock",527418679.0,BELOW_10B_THRESHOLD
SERV,Serve Robotics Inc. - Common Stock,373709355.0,BELOW_10B_THRESHOLD
SER,"Serina Therapeutics, Inc. Common Stock",55627036.0,BELOW_10B_THRESHOLD
SEV,Aptera Motors Corp. - Class B Common Stock,79464525.0,BELOW_10B_THRESHOLD
SERA,"Sera Prognostics, Inc. - Class A Common Stock",81265900.0,BELOW_10B_THRESHOLD
SES,SES AI Corporation Class A Common Stock,194257568.0,BELOW_10B_THRESHOLD
SEZL,Sezzle Inc. - Common Stock,3599522246.0,BELOW_10B_THRESHOLD
SEVN,Seven Hills Realty Trust  - Common Stock,164260394.0,BELOW_10B_THRESHOLD
SFBC,"Sound Financial Bancorp, Inc. - Common Stock",121725237.99999999,BELOW_10B_THRESHOLD
SFBS,"ServisFirst Bancshares, Inc. Common Stock",4501734473.0,BELOW_10B_THRESHOLD
SFD,"Smithfield Foods, Inc. - Common Stock",7454017469.0,BELOW_10B_THRESHOLD
SFIX,"Stitch Fix, Inc. - Class A Common Stock",376260914.0,BELOW_10B_THRESHOLD
SFHG,Samfine Creation Holdings Group Limited - Class A Ordinary Share,9094400.0,BELOW_10B_THRESHOLD
SFL,SFL Corporation Ltd,1691668212.0,BELOW_10B_THRESHOLD
SFM,"Sprouts Farmers Market, Inc. - Common Stock",6160870584.0,BELOW_10B_THRESHOLD
SFNC,Simmons First National Corporation - Common Stock,3307920630.0000005,BELOW_10B_THRESHOLD
SFST,"Southern First Bancshares, Inc. - Common Stock",566884537.0,BELOW_10B_THRESHOLD
SFWL,Shengfeng Development Limited - Class A Ordinary Shares,46638592.0,BELOW_10B_THRESHOLD
SG,"Sweetgreen, Inc. Class A Common Stock",917808539.0,BELOW_10B_THRESHOLD
SGA,"Saga Communications, Inc. - Class A Common Stock",55250916.00000001,BELOW_10B_THRESHOLD
SGC,"Superior Group of Companies, Inc. - Common Stock",199793369.0,BELOW_10B_THRESHOLD
SGHC,Super Group (SGHC) Limited Ordinary Shares,6112163760.0,BELOW_10B_THRESHOLD
SGHT,"Sight Sciences, Inc. - Common Stock",468247915.0,BELOW_10B_THRESHOLD
SGLD,Scorpio Gold Corporation - Common Stock,69405922.0,BELOW_10B_THRESHOLD
SGLY,Singularity Future Technology Ltd. - Common Stock,5619940.0,BELOW_10B_THRESHOLD
SGML,Sigma Lithium Corporation - common shares,1141442694.0,BELOW_10B_THRESHOLD
SGMT,Sagimet Biosciences Inc. - Series A Common Stock,641779877.0,BELOW_10B_THRESHOLD
SGP,"SpyGlass Pharma, Inc. - Common Stock",941895089.0,BELOW_10B_THRESHOLD
SGRX,SANGRIX INC. - Class A Ordinary Shares,3131736.9999999995,BELOW_10B_THRESHOLD
SGRY,"Surgery Partners, Inc. - Common Stock",1906169866.0,BELOW_10B_THRESHOLD
SGU,Star Group L.P. Common Stock,419655453.0,BELOW_10B_THRESHOLD
SHAZ,"SharonAI Holdings, Inc. - Class A Common Stock",2066936344.0000002,BELOW_10B_THRESHOLD
SHAK,"Shake Shack, Inc. Class A Common Stock",2502453905.0,BELOW_10B_THRESHOLD
SHBI,"Shore Bancshares, Inc. - Common Stock",758885556.0,BELOW_10B_THRESHOLD
SHC,Sotera Health Company - Common Stock,5219505001.0,BELOW_10B_THRESHOLD
SHFS,"SHF Holdings, Inc. - Class A Common Stock",2044804.0,BELOW_10B_THRESHOLD
SHEN,Shenandoah Telecommunications Co - Common Stock,645178981.0,BELOW_10B_THRESHOLD
SHIM,Shimmick Corporation - Common Stock,141368515.0,BELOW_10B_THRESHOLD
SHLS,"Shoals Technologies Group, Inc. - Class A Common Stock",1297592615.0,BELOW_10B_THRESHOLD
SHIP,Seanergy Maritime Holdings Corp. - Common Stock,380493557.0,BELOW_10B_THRESHOLD
SHMD,SCHMID Group N.V. - Class A Ordinary Shares,224328763.00000003,BELOW_10B_THRESHOLD
SHO,"Sunstone Hotel Investors, Inc. Sunstone Hotel Investors, Inc. Common Shares",2050961669.0000002,BELOW_10B_THRESHOLD
SHOE,"Shoe Station Group, Inc. - Common Stock",356379815.0,BELOW_10B_THRESHOLD
SHOT,RMG ML Sports Holdings - Class A Ordinary Shares,,MARKET_CAP_MISSING
SHOO,"Steven Madden, Ltd. - Common Stock",3175885923.0,BELOW_10B_THRESHOLD
SHPH,"Shuttle Pharmaceuticals Holdings, Inc. - common stock",3687697.9999999995,BELOW_10B_THRESHOLD
SI,"Shoulder Innovations, Inc. Common Stock",361625283.0,BELOW_10B_THRESHOLD
SIBN,"SI-BONE, Inc. - Common Stock",833625495.0000001,BELOW_10B_THRESHOLD
SID,Companhia Siderurgica Nacional S.A. Common Stock,1511747100.0,BELOW_10B_THRESHOLD
SIDU,"Sidus Space, Inc. - Class A Common Stock",203462905.0,BELOW_10B_THRESHOLD
SIEB,Siebert Financial Corp. - Common Stock,89600040.0,BELOW_10B_THRESHOLD
SIF,"SIFCO Industries, Inc. Common Stock",134213586.99999999,BELOW_10B_THRESHOLD
SIFY,Sify Technologies Limited - American Depository Shares,994527264.0000001,BELOW_10B_THRESHOLD
SIG,Signet Jewelers Limited Common Shares,3836322369.0,BELOW_10B_THRESHOLD
SIGA,SIGA Technologies Inc. - Common Stock,227763600.00000003,BELOW_10B_THRESHOLD
SILC,Silicom Ltd - Ordinary Shares,279218942.0,BELOW_10B_THRESHOLD
SII,Sprott Inc. Common Shares,3233771999.9999995,BELOW_10B_THRESHOLD
SIM,"Grupo Simec, S.A.B. de C.V. American Depositary Shares",4554039299.0,BELOW_10B_THRESHOLD
SILO,"Silo Pharma, Inc. - Common Stock",3103253.0,BELOW_10B_THRESHOLD
SIGI,"Selective Insurance Group, Inc. - Common Stock",5142602043.0,BELOW_10B_THRESHOLD
SIND,Sinda Ltd. Common Stock,2264358020.0,BELOW_10B_THRESHOLD
SIMO,"Silicon Motion Technology Corporation - American Depositary Shares, each representing four ordinary shares",9376644225.0,BELOW_10B_THRESHOLD
SINT,"SiNtx Technologies, Inc. - Common Stock",11862871.0,BELOW_10B_THRESHOLD
SIRI,SiriusXM Holdings Inc. - Common Stock,8858117895.0,BELOW_10B_THRESHOLD
SITE,"SiteOne Landscape Supply, Inc. Common Stock",4093565920.0000005,BELOW_10B_THRESHOLD
SION,"Sionna Therapeutics, Inc. - Common Stock",249120317.99999997,BELOW_10B_THRESHOLD
SITC,SITE Centers Corp. Common Stock,155851757.0,BELOW_10B_THRESHOLD
SJ,Scienjoy Holding Corporation - Class A Ordinary Shares,28874682.0,BELOW_10B_THRESHOLD
SJT,San Juan Basin Royalty Trust Common Stock,140758564.0,BELOW_10B_THRESHOLD
SKIN,SkinHealth Systems Inc. - Class A Common Stock,88066254.0,BELOW_10B_THRESHOLD
SKIL,Skillsoft Corp. Class A Common Stock,53874628.0,BELOW_10B_THRESHOLD
SKK,SKK Holdings Limited - Class A Ordinary Shares,13240973.0,BELOW_10B_THRESHOLD
SKE,Skeena Resources Limited Common Shares,3955839089.0,BELOW_10B_THRESHOLD
SKWD,"Skyward Specialty Insurance Group, Inc. - Common Stock",2434703676.0,BELOW_10B_THRESHOLD
SKT,Tanger Inc. Common Stock,4035698884.0,BELOW_10B_THRESHOLD
SKYA,"SkyAI, Inc. - Common Stock",78277986.0,BELOW_10B_THRESHOLD
SKY,"Champion Homes, Inc. Common Stock",4638780252.0,BELOW_10B_THRESHOLD
SKYE,"Skye Bioscience, Inc. - Common Stock",7969819.0,BELOW_10B_THRESHOLD
SKYH,Sky Harbour Group Corporation Class A Common Stock,812213605.0,BELOW_10B_THRESHOLD
SKYQ,Sky Quarry Inc. - Common Stock,22436811.0,BELOW_10B_THRESHOLD
SKYW,"SkyWest, Inc. - Common Stock",3854487823.0,BELOW_10B_THRESHOLD
SKYX,SKYX Platforms Corp. - Common Stock,167934433.0,BELOW_10B_THRESHOLD
SLAB,"Silicon Laboratories, Inc. - Common Stock",7382395871.0,BELOW_10B_THRESHOLD
SLBT,SL Science Holding Limited - Ordinary Shares,930861196.9999999,BELOW_10B_THRESHOLD
SLDB,Solid Biosciences Inc. - Common Stock,859946409.0,BELOW_10B_THRESHOLD
SLE,"Super League Enterprise, Inc. - Common Stock",13008879.000000002,BELOW_10B_THRESHOLD
SLDP,"Solid Power, Inc. - Class A Common Stock",536225848.00000006,BELOW_10B_THRESHOLD
SLDE,"Slide Insurance Holdings, Inc. - Common Stock",2681997068.0,BELOW_10B_THRESHOLD
SLG,SL Green Realty Corp Common Stock,3541078352.0000005,BELOW_10B_THRESHOLD
SLGB,Smart Logistics Global Limited - Class A Ordinary Shares,13738500.0,BELOW_10B_THRESHOLD
SLGL,Sol-Gel Technologies Ltd. - Ordinary Shares,195490480.0,BELOW_10B_THRESHOLD
SLI,Standard Lithium Ltd. Common Shares,528118106.99999994,BELOW_10B_THRESHOLD
SLGN,Silgan Holdings Inc. Common Stock,3926087042.9999995,BELOW_10B_THRESHOLD
SLMT,Brera Holdings PLC - Class B Ordinary Shares,42605968.0,BELOW_10B_THRESHOLD
SLM,SLM Corporation - Common Stock,4437427678.0,BELOW_10B_THRESHOLD
SLN,Silence Therapeutics Plc - American Depository Share,538668000.0,BELOW_10B_THRESHOLD
SLND,"Southland Holdings, Inc. Common Stock",33216394.0,BELOW_10B_THRESHOLD
SLNG,"Stabilis Solutions, Inc. - Common Stock",97444617.0,BELOW_10B_THRESHOLD
SLNH,"Soluna Holdings, Inc. - Common Stock",305910538.0,BELOW_10B_THRESHOLD
SLP,"Simulations Plus, Inc. - Common Stock",372541516.0,BELOW_10B_THRESHOLD
SLQT,"SelectQuote, Inc. Common Stock",77602434.0,BELOW_10B_THRESHOLD
SLS,"SELLAS Life Sciences Group, Inc.  - Common Stock",2326414568.0,BELOW_10B_THRESHOLD
SLSN,"Solesence, Inc. - Common stock",57930577.00000001,BELOW_10B_THRESHOLD
SLSR,Solaris Resources Inc. Common Shares,1205995068.0,BELOW_10B_THRESHOLD
SLVM,Sylvamo Corporation Common Stock,1456815304.0,BELOW_10B_THRESHOLD
SLXN,Silexion Therapeutics Corp - Ordinary Shares,1814826.0,BELOW_10B_THRESHOLD
SMA,"SmartStop Self Storage REIT, Inc. Common Stock",1754086847.0,BELOW_10B_THRESHOLD
SM,SM Energy Company Common Stock,8160773073.0,BELOW_10B_THRESHOLD
SMC,Summit Midstream Corporation Common Stock,636658465.0,BELOW_10B_THRESHOLD
SMBK,"SmartFinancial, Inc. Common Stock",853555772.0,BELOW_10B_THRESHOLD
SMBC,"Southern Missouri Bancorp, Inc. - Common Stock",785577191.0,BELOW_10B_THRESHOLD
SMHI,SEACOR Marine Holdings Inc. Common Stock ,239582854.0,BELOW_10B_THRESHOLD
SMG,Scotts Miracle-Gro Company (The) Common Stock,3075777075.0,BELOW_10B_THRESHOLD
SMJF,SMJ International Holdings Inc. Class A Ordinary Shares,44328000.0,BELOW_10B_THRESHOLD
SMID,Smith-Midland Corporation - Common Stock,128212327.0,BELOW_10B_THRESHOLD
SMRT,"SmartRent, Inc. Class A Common Stock",222269687.0,BELOW_10B_THRESHOLD
SMR,NuScale Power Corporation Class A Common Stock,3729998001.0,BELOW_10B_THRESHOLD
SMP,"Standard Motor Products, Inc. Common Stock",833516332.0,BELOW_10B_THRESHOLD
SMPL,The Simply Good Foods Company - Common Stock,848336627.0,BELOW_10B_THRESHOLD
SMSI,"Smith Micro Software, Inc. - Common Stock",14924979.999999998,BELOW_10B_THRESHOLD
SMTK,"SmartKem, Inc. - Common Stock",1740142.0,BELOW_10B_THRESHOLD
SMTI,Sanara MedTech Inc. - Common Stock,322959430.0,BELOW_10B_THRESHOLD
SMWB,Similarweb Ltd. Ordinary Shares,746172158.0,BELOW_10B_THRESHOLD
SMX,SMX (Security Matters) Public Limited Company - Ordinary Shares,10494181.0,BELOW_10B_THRESHOLD
SMXT,Solarmax Technology Inc. - Common Stock,11571005.0,BELOW_10B_THRESHOLD
SNAL,"Snail, Inc. - Class A Common Stock",23822457.0,BELOW_10B_THRESHOLD
SNAP,Snap Inc. Class A Common Stock,8946435896.0,BELOW_10B_THRESHOLD
SND,"Smart Sand, Inc. - Common Stock",214963238.99999997,BELOW_10B_THRESHOLD
SNDA,"Sonida Senior Living, Inc. Common Stock",1814772582.0000002,BELOW_10B_THRESHOLD
SNDX,"Syndax Pharmaceuticals, Inc. - Common Stock",1575200597.0,BELOW_10B_THRESHOLD
SNDL,SNDL Inc. - Common Shares,344569180.0,BELOW_10B_THRESHOLD
SNDR,"Schneider National, Inc. Common Stock",5648194966.0,BELOW_10B_THRESHOLD
SNES,"SenesTech, Inc. - Common Stock",4227109.0,BELOW_10B_THRESHOLD
SNFCA,Security National Financial Corporation - Class A Common Stock,235992231.0,BELOW_10B_THRESHOLD
SNEX,StoneX Group Inc. - Common Stock,8175402298.0,BELOW_10B_THRESHOLD
SNGX,"Soligenix, Inc. - Common Stock",8381885.999999999,BELOW_10B_THRESHOLD
SNOA,"Sonoma Pharmaceuticals, Inc. - Common Stock",5985531.0,BELOW_10B_THRESHOLD
SNSC,SunScout Holding Limited Class A Ordinary Shares,48006000.0,BELOW_10B_THRESHOLD
SNT,Senstar Technologies Corporation - Common Shares,35872416.0,BELOW_10B_THRESHOLD
SNTG,Sentage Holdings Inc. - Class A Ordinary Shares,4740999.0,BELOW_10B_THRESHOLD
SNWV,"SANUWAVE Health, Inc. - Common Stock",40473864.0,BELOW_10B_THRESHOLD
SNTI,"Senti Biosciences Holdings, Inc. - Common Stock",10526927.0,BELOW_10B_THRESHOLD
SOAR,"Volato Group, Inc. Class A Common Stock",9836338.0,BELOW_10B_THRESHOLD
SOBO,South Bow Corporation Common Shares,7171139476.0,BELOW_10B_THRESHOLD
SOC,Sable Offshore Corp. Common Stock,796258724.0,BELOW_10B_THRESHOLD
SOCA,Solarius Capital Acquisition Corp. - Class A Ordinary Share,,MARKET_CAP_MISSING
SOHU,Sohu.com Limited  - American Depositary Shares,341764878.0,BELOW_10B_THRESHOLD
SOLS,Solstice Advanced Materials Inc. - Common Stock,9209970455.0,BELOW_10B_THRESHOLD
SOGP,Sound Group Inc. - American Depositary Shares,48879250.0,BELOW_10B_THRESHOLD
SONM,"DNA X, Inc. - Common Stock",5372796.0,BELOW_10B_THRESHOLD
SON,Sonoco Products Company Common Stock,5006041402.0,BELOW_10B_THRESHOLD
SONO,"Sonos, Inc. - Common Stock",2022827041.0,BELOW_10B_THRESHOLD
SORN,Soren Acquisition Corp. - Class A Ordinary Shares,,MARKET_CAP_MISSING
SORA,AsiaStrategy - Ordinary Shares,55695360.00000001,BELOW_10B_THRESHOLD
SOPH,SOPHiA GENETICS SA - Ordinary Shares,687832826.0,BELOW_10B_THRESHOLD
SOTK,Sono-Tek Corporation - Common Stock,76383274.0,BELOW_10B_THRESHOLD
SOS,SOS Limited Class A Ordinary Shares,6257857.999999999,BELOW_10B_THRESHOLD
SOUL,Soulpower Acquisition Corporation Class A Ordinary Shares,,MARKET_CAP_MISSING
SOUN,"SoundHound AI, Inc. - Class A Common Stock",2890838145.0,BELOW_10B_THRESHOLD
SOWG,Sow Good Inc. - Common Stock,50249733.0,BELOW_10B_THRESHOLD
SPAI,Safe Pro Group Inc. - Common Stock,92243765.0,BELOW_10B_THRESHOLD
SPCB,"SuperCom, Ltd. - Ordinary Shares",60229535.0,BELOW_10B_THRESHOLD
SPB,"Spectrum Brands Holdings, Inc. Common Stock",1988659141.9999998,BELOW_10B_THRESHOLD
SPCE,"Virgin Galactic Holdings, Inc. Common Stock",472979216.99999994,BELOW_10B_THRESHOLD
SPEG,Silver Pegasus Acquisition Corp - Class A Ordinary Shares,,MARKET_CAP_MISSING
SPHL,Springview Holdings Ltd - Ordinary shares,28276126.0,BELOW_10B_THRESHOLD
SPFI,"South Plains Financial, Inc. - Common Stock",811965426.0000001,BELOW_10B_THRESHOLD
SPH,"Suburban Propane Partners, L.P. Common Stock",1105424253.0,BELOW_10B_THRESHOLD
SPKL,Spark I Acquisition Corp. - Class A Ordinary Share,,MARKET_CAP_MISSING
SPHR,Sphere Entertainment Co. Class A Common Stock,4880300055.0,BELOW_10B_THRESHOLD
SPIR,"Spire Global, Inc. Class A Common Stock",495999150.0,BELOW_10B_THRESHOLD
SPNT,SiriusPoint Ltd. Common Shares,2952914707.0,BELOW_10B_THRESHOLD
SPOK,"Spok Holdings, Inc. - Common Stock",217548625.0,BELOW_10B_THRESHOLD
SPPL,SIMPPLE LTD. - Ordinary Shares,21236019.0,BELOW_10B_THRESHOLD
SPRB,"Spruce Biosciences, Inc. - Common Stock",142019352.0,BELOW_10B_THRESHOLD
SPRO,"Spero Therapeutics, Inc. - Common Stock",73375882.0,BELOW_10B_THRESHOLD
SPRC,SciSparc Ltd. - Ordinary Shares,2910675.0,BELOW_10B_THRESHOLD
SPRU,Spruce Power Holding Corporation Class A Common Stock,36964197.0,BELOW_10B_THRESHOLD
SPT,"Sprout Social, Inc - Class A Common Stock",603195470.0,BELOW_10B_THRESHOLD
SPTX,"Seaport Therapeutics, Inc. - Common Stock",1139665410.0,BELOW_10B_THRESHOLD
SPSC,"SPS Commerce, Inc. - Common Stock",2926454144.0,BELOW_10B_THRESHOLD
SPRY,"ARS Pharmaceuticals, Inc. - Common Stock",415689893.99999994,BELOW_10B_THRESHOLD
SPWR,SunPower Inc. - Common Stock,96090104.0,BELOW_10B_THRESHOLD
SPWH,"Sportsman's Warehouse Holdings, Inc. - Common Stock",48535417.0,BELOW_10B_THRESHOLD
SPXC,"SPX Technologies, Inc. Common Stock",8694905296.0,BELOW_10B_THRESHOLD
SQFT,"Presidio Property Trust, Inc. - Class A Common Stock",1965172.0,BELOW_10B_THRESHOLD
SQNS,Sequans Communications S.A. American Depositary Shares (each representing one hundred (100) Ordinary Shares),44483665.0,BELOW_10B_THRESHOLD
SRAD,Sportradar Group AG - Class A Ordinary Shares,4105844484.0,BELOW_10B_THRESHOLD
SR,Spire Inc. Common Stock,4574740134.0,BELOW_10B_THRESHOLD
SRBK,"SR Bancorp, Inc. - Common stock",152657009.0,BELOW_10B_THRESHOLD
SRCE,1st Source Corporation - Common Stock,2032024478.0,BELOW_10B_THRESHOLD
SRFM,Surf Air Mobility Inc. Common Stock,109289146.0,BELOW_10B_THRESHOLD
SRG,Seritage Growth Properties Class A Common Stock,104200523.0,BELOW_10B_THRESHOLD
SRL,Scully Royalty Ltd.,79633816.0,BELOW_10B_THRESHOLD
SRI,"Stoneridge, Inc. Common Stock",199660118.0,BELOW_10B_THRESHOLD
SRPT,"Sarepta Therapeutics, Inc. - Common Stock",2001632048.0,BELOW_10B_THRESHOLD
SRTA,"Strata Critical Medical, Inc. - Class A Common Stock",475951416.0,BELOW_10B_THRESHOLD
SRRK,Scholar Rock Holding Corporation - Common Stock,6070996308.0,BELOW_10B_THRESHOLD
SRTS,"Sensus Healthcare, Inc. - Common Stock",49880039.0,BELOW_10B_THRESHOLD
SRZN,"Surrozen, Inc. - Common Stock",189937497.0,BELOW_10B_THRESHOLD
SSAC,SPACSphere Acquisition Corp. - Class A Ordinary Shares,,MARKET_CAP_MISSING
SSBI,Summit State Bank - Common Stock,82337082.0,BELOW_10B_THRESHOLD
SRXH,SRX Global Inc. Common Stock,34451165.0,BELOW_10B_THRESHOLD
SSB,SouthState Bank Corporation Common Stock,9854552145.0,BELOW_10B_THRESHOLD
SSD,"Simpson Manufacturing Company, Inc. Common Stock",7173139044.0,BELOW_10B_THRESHOLD
SSII,SS Innovations International Inc. - Common Stock,623198703.0,BELOW_10B_THRESHOLD
SSL,Sasol Ltd. American Depositary Shares,9256514264.0,BELOW_10B_THRESHOLD
SSEA,Starry Sea Acquisition Corp - Ordinary Shares,79183982.27,BELOW_10B_THRESHOLD
SSMR,Sunshine Silver Mining & Refining Company Common Stock,2260819465.0,BELOW_10B_THRESHOLD
SSM,Sono Group N.V. - Ordinary Shares,1667056.0,BELOW_10B_THRESHOLD
SSP,E.W. Scripps Company (The) - Class A Common Stock,279860353.0,BELOW_10B_THRESHOLD
SST,"System1, Inc. Class A Common Stock",32934358.000000004,BELOW_10B_THRESHOLD
SSRM,SSR Mining Inc. - Common Stock,7401908026.0,BELOW_10B_THRESHOLD
SSTI,"SoundThinking, Inc. - Common Stock",74770327.0,BELOW_10B_THRESHOLD
SSYS,"Stratasys, Ltd. - Common Stock",691965488.0,BELOW_10B_THRESHOLD
SSTK,"Shutterstock, Inc. Common Stock",158875041.0,BELOW_10B_THRESHOLD
ST,Sensata Technologies Holding plc Ordinary Shares,6041193632.0,BELOW_10B_THRESHOLD
STAK,STAK Inc. - Class A Ordinary Shares,18057728.0,BELOW_10B_THRESHOLD
STAG,"Stag Industrial, Inc. Common Stock",7101130757.0,BELOW_10B_THRESHOLD
STAA,STAAR Surgical Company - Common Stock,992850883.0,BELOW_10B_THRESHOLD
STDN,"Standard Nuclear, Inc. Class A Common Stock",2011677202.0,BELOW_10B_THRESHOLD
STBA,"S&T Bancorp, Inc. - Common Stock",1731535656.9999998,BELOW_10B_THRESHOLD
STC,Stewart Information Services Corporation Common Stock,1891765894.0,BELOW_10B_THRESHOLD
STEM,"Stem, Inc. Class A Common Stock",36774162.0,BELOW_10B_THRESHOLD
STFS,Star Fashion Culture Holdings Limited - Class A Ordinary Shares,10890776.0,BELOW_10B_THRESHOLD
STG,"Sunlands Technology Group American Depositary Shares, representing Class A ordinary shares",38973618.0,BELOW_10B_THRESHOLD
STEP,StepStone Group Inc. - Class A Common Stock,5434070360.0,BELOW_10B_THRESHOLD
STGW,Stagwell Inc. - Class A Common Stock,2073151824.0,BELOW_10B_THRESHOLD
STEX,Streamex Corp. - Common Stock,97120511.0,BELOW_10B_THRESHOLD
STHO,Star Holdings - Shares of Beneficial Interest,108611184.0,BELOW_10B_THRESHOLD
STI,"Solidion Technology, Inc. - Common Stock",57376077.0,BELOW_10B_THRESHOLD
STIM,"Neuronetics, Inc. - Common Stock",219447999.0,BELOW_10B_THRESHOLD
STKE,Sol Strategies Inc. - Common Shares,60414925.0,BELOW_10B_THRESHOLD
STKH,Steakholder Foods Ltd. - American Depositary Shares,2037941.0,BELOW_10B_THRESHOLD
STKS,"The ONE Group Hospitality, Inc. - Common Stock",51969999.0,BELOW_10B_THRESHOLD
STLN,"Starling Oncology, Inc. - Common Stock",695067904.0,BELOW_10B_THRESHOLD
STN,Stantec Inc Common Stock,7944411008.0,BELOW_10B_THRESHOLD
STNE,StoneCo Ltd. - Class A Common Share,2341322190.0,BELOW_10B_THRESHOLD
STNG,Scorpio Tankers Inc. Common Shares,4205726688.0,BELOW_10B_THRESHOLD
STOK,"Stoke Therapeutics, Inc. - Common Stock",1684780178.9999998,BELOW_10B_THRESHOLD
STRA,"Strategic Education, Inc. - Common Stock",1737519416.0,BELOW_10B_THRESHOLD
STRO,"Sutro Biopharma, Inc. - Common Stock",260821820.0,BELOW_10B_THRESHOLD
STRR,"Star Equity Holdings, Inc. - Common Stock",38093086.0,BELOW_10B_THRESHOLD
STRT,STRATTEC SECURITY CORPORATION - Common Stock,266916171.0,BELOW_10B_THRESHOLD
STRZ,Starz Entertainment Corp. - Common Shares,400876843.0,BELOW_10B_THRESHOLD
STRW,"Strawberry Fields REIT, Inc. Common Stock",192539770.0,BELOW_10B_THRESHOLD
STUB,"StubHub Holdings, Inc. Class A Common Stock",2028897719.0,BELOW_10B_THRESHOLD
STTK,"Shattuck Labs, Inc. - Common Stock",638310289.0,BELOW_10B_THRESHOLD
STVN,Stevanato Group S.p.A. Ordinary Shares,5921450123.0,BELOW_10B_THRESHOLD
STWD,"STARWOOD PROPERTY TRUST, INC. Starwood Property Trust Inc.",5441483565.0,BELOW_10B_THRESHOLD
STXS,"Stereotaxis, Inc. Common Stock",132266875.0,BELOW_10B_THRESHOLD
SUIG,Sui Group Holdings Limited - Common Stock,112900222.0,BELOW_10B_THRESHOLD
SUGP,SU Group Holdings Limited - Class A Ordinary Shares,1115556.0,BELOW_10B_THRESHOLD
SUJA,"Suja Life, Inc. - Class A Common Stock",311703847.0,BELOW_10B_THRESHOLD
SUNE,"SUNation Energy, Inc. - Common Stock",16738687.999999998,BELOW_10B_THRESHOLD
SUPN,"Supernus Pharmaceuticals, Inc. - Common Stock",2522131094.0,BELOW_10B_THRESHOLD
SUNS,"Sunrise Realty Trust, Inc. - Common Stock",99341505.0,BELOW_10B_THRESHOLD
SUPX,SuperX AI Technology Limited - Ordinary Shares,315048540.0,BELOW_10B_THRESHOLD
SUPV,Grupo Supervielle S.A. American Depositary Shares each Representing five Class B shares,695131371.0,BELOW_10B_THRESHOLD
SURG,"SurgePays, Inc. - Common Stock",7978590.000000001,BELOW_10B_THRESHOLD
SVAQ,Silicon Valley Acquisition Corp. - Class A Ordinary Shares,,MARKET_CAP_MISSING
SVCO,"Silvaco Group, Inc. - Common Stock",279896361.0,BELOW_10B_THRESHOLD
SVCC,Stellar V Capital Corp. - Class A Ordinary Shares,,MARKET_CAP_MISSING
SVC,Service Properties Trust - Common Shares of Beneficial Interest,848287146.0,BELOW_10B_THRESHOLD
SVIA,"Silvia, Inc. - Common Stock",339771073.0,BELOW_10B_THRESHOLD
SVIV,Spring Valley Acquisition Corp. IV - Class A Ordinary Shares,,MARKET_CAP_MISSING
SVM,Silvercorp Metals Inc. Common Shares,2546180529.0,BELOW_10B_THRESHOLD
SVRA,"Savara, Inc. - Common Stock",1027300075.0,BELOW_10B_THRESHOLD
SVRE,SaverOne 2014 Ltd. - American Depositary Shares,5474639.0,BELOW_10B_THRESHOLD
SVRN,"SVRN, Inc. - Common Stock",61057810.99999999,BELOW_10B_THRESHOLD
SWIM,"Latham Group, Inc. - Common Stock",745876185.0,BELOW_10B_THRESHOLD
SVV,"Savers Value Village, Inc. Common Stock",1389847776.0,BELOW_10B_THRESHOLD
SWBI,"Smith & Wesson Brands, Inc. - Common Stock",626858726.0,BELOW_10B_THRESHOLD
SWAG,"Stran & Company, Inc. - Common Stock",28704966.999999996,BELOW_10B_THRESHOLD
SWMR,"Swarmer, Inc - common stock",362406948.0,BELOW_10B_THRESHOLD
SWVL,Swvl Holdings Corp - Ordinary Shares,114899127.0,BELOW_10B_THRESHOLD
SWX,"Southwest Gas Holdings, Inc. Common Stock (DE)",5965191536.0,BELOW_10B_THRESHOLD
SXC,"SunCoke Energy, Inc. Common Stock",844504758.0000001,BELOW_10B_THRESHOLD
SXTC,"China SXT Pharmaceuticals, Inc. - Class A Ordinary Shares",3316905.0,BELOW_10B_THRESHOLD
SXI,Standex International Corporation Common Stock,3400860473.0,BELOW_10B_THRESHOLD
SXTP,"60 Degrees Pharmaceuticals, Inc. - Common Stock",4079706.0000000005,BELOW_10B_THRESHOLD
SXT,Sensient Technologies Corporation Common Stock,5484218197.0,BELOW_10B_THRESHOLD
SY,So-Young International Inc. - American Depository Shares,284858166.0,BELOW_10B_THRESHOLD
SYBT,"Stock Yards Bancorp, Inc. - Common Stock",2398966172.0,BELOW_10B_THRESHOLD
SYNA,Synaptics Incorporated - Common Stock,3893825715.0,BELOW_10B_THRESHOLD
SYNX,Silynxcom Ltd. Ordinary Shares,6236374.0,BELOW_10B_THRESHOLD
SYPR,"Sypris Solutions, Inc. - Common Stock",40756786.0,BELOW_10B_THRESHOLD
SYRE,"Spyre Therapeutics, Inc. - Common Stock",7774280596.0,BELOW_10B_THRESHOLD
SZZL,Sizzle Acquisition Corp. II - Class A ordinary shares,,MARKET_CAP_MISSING
TACH,Titan Acquisition Corp. - Class A Ordinary Shares,,MARKET_CAP_MISSING
TAC,TransAlta Corporation Ordinary Shares,3776200000.0,BELOW_10B_THRESHOLD
TACO,Berto Acquisition Corp. - Ordinary Shares,380821324.0,BELOW_10B_THRESHOLD
TACT,TransAct Technologies Incorporated - Common Stock,51725600.00000001,BELOW_10B_THRESHOLD
TAL,TAL Education Group American Depositary Shares,6645321023.0,BELOW_10B_THRESHOLD
TANH,Tantech Holdings Ltd. - Class A Common Shares,9647499.0,BELOW_10B_THRESHOLD
TALO,"Talos Energy, Inc. Common Stock",2764948150.0,BELOW_10B_THRESHOLD
TAOP,Taoping Inc. - Ordinary Shares,6086078.0,BELOW_10B_THRESHOLD
TAOX,Tao Synergies Inc. - Common Stock,32365022.0,BELOW_10B_THRESHOLD
TARA,"Protara Therapeutics, Inc.  - Common Stock",209198028.0,BELOW_10B_THRESHOLD
TARS,"Tarsus Pharmaceuticals, Inc. - Common Stock",3476154502.0,BELOW_10B_THRESHOLD
TATT,TAT Technologies Ltd. - Ordinary Shares,495566339.0,BELOW_10B_THRESHOLD
TASK,"TaskUs, Inc. - Class A Common Stock",771087847.0,BELOW_10B_THRESHOLD
TAVI,Tavia Acquisition Corp. - Ordinary Shares,94232590.12,BELOW_10B_THRESHOLD
TAP,Molson Coors Beverage Company Class B Common Stock,6827943026.0,BELOW_10B_THRESHOLD
TBBB,BBB Foods Inc. Class A Common Shares,6096750318.0,BELOW_10B_THRESHOLD
TAYD,"Taylor Devices, Inc. - Common Stock",202810951.00000003,BELOW_10B_THRESHOLD
TBBK,"The Bancorp, Inc. - Common Stock",2020578518.0,BELOW_10B_THRESHOLD
TBCH,Turtle Beach Corporation - Common Stock,228707008.99999997,BELOW_10B_THRESHOLD
TBI,"TrueBlue, Inc. Common Stock",298659015.0,BELOW_10B_THRESHOLD
TBLA,Taboola.com Ltd. - Ordinary Shares,857193564.0,BELOW_10B_THRESHOLD
TBN,Tamboran Resources Corporation Common stock,1246465293.0,BELOW_10B_THRESHOLD
TC,Token Cat Limited - American Depositary Shares,51240873.0,BELOW_10B_THRESHOLD
TCBI,"Texas Capital Bancshares, Inc. - Common Stock",4093981328.9999995,BELOW_10B_THRESHOLD
TCGX,TCGX Acquisition Corp. - Class A Ordinary Shares,,MARKET_CAP_MISSING
TCBS,"Texas Community Bancshares, Inc. - Common Stock",48836646.0,BELOW_10B_THRESHOLD
TCBX,"Third Coast Bancshares, Inc. Common Stock",714997862.0,BELOW_10B_THRESHOLD
TCI,"Transcontinental Realty Investors, Inc. Common Stock",364645985.0,BELOW_10B_THRESHOLD
TCRT,"Alaunos Therapeutics, Inc. - Common Stock",2928666.0,BELOW_10B_THRESHOLD
TCBK,TriCo Bancshares - Common Stock,1644363447.0,BELOW_10B_THRESHOLD
TCMD,"Tactile Systems Technology, Inc. - Common Stock",508090775.0,BELOW_10B_THRESHOLD
TCRX,"TScan Therapeutics, Inc. - Common Stock",23114971.0,BELOW_10B_THRESHOLD
TCX,Tucows Inc. - Common Stock,117300355.0,BELOW_10B_THRESHOLD
TDAC,Translational Development Acquisition Corp. - Ordinary Shares,,MARKET_CAP_MISSING
TDAY,"USA TODAY Co., Inc. Common Stock",938166642.9999999,BELOW_10B_THRESHOLD
TDC,Teradata Corporation Common Stock,2716530000.0,BELOW_10B_THRESHOLD
TDIC,Dreamland Limited - Class A Ordinary Shares,6692318.999999999,BELOW_10B_THRESHOLD
TDS,"Telephone and Data Systems, Inc. Common Shares",4193092999.9999995,BELOW_10B_THRESHOLD
TDOC,"Teladoc Health, Inc. Common Stock",1113723049.0,BELOW_10B_THRESHOLD
TDTH,Trident Digital Tech Holdings Ltd - Class B Ordinary Shares,16150724.0,BELOW_10B_THRESHOLD
TDUP,ThredUp Inc. - Class A Common Stock,299440722.0,BELOW_10B_THRESHOLD
TDW,Tidewater Inc. Common Stock,4274557805.0,BELOW_10B_THRESHOLD
TEAD,Teads Holding Co. - Common Stock,44256808.0,BELOW_10B_THRESHOLD
TE,T1 Energy Inc. Common Stock,1189685161.0,BELOW_10B_THRESHOLD
TELO,"Telomir Pharmaceuticals, Inc. - Common Stock",83905446.0,BELOW_10B_THRESHOLD
TECX,"Tectonic Therapeutic, Inc. - Common Stock",488343162.99999994,BELOW_10B_THRESHOLD
TELA,"TELA Bio, Inc. - Common stock",58686433.00000001,BELOW_10B_THRESHOLD
TEN,Tsakos Energy Navigation Ltd Common Shares,1415997341.0,BELOW_10B_THRESHOLD
TENB,"Tenable Holdings, Inc. - Common Stock",3990371583.9999995,BELOW_10B_THRESHOLD
TENX,"Tenax Therapeutics, Inc. - Common Stock",71105442.0,BELOW_10B_THRESHOLD
TEO,Telecom Argentina SA,6021711676.0,BELOW_10B_THRESHOLD
TEX,Terex Corporation Common Stock,6653403000.0,BELOW_10B_THRESHOLD
TFIN,"Triumph Financial, Inc. Common Stock",1466407736.0,BELOW_10B_THRESHOLD
TGB,Trekor Metals Limited Common Shares,3316171261.0,BELOW_10B_THRESHOLD
TFSL,TFS Financial Corporation - Common Stock,4627305458.0,BELOW_10B_THRESHOLD
TG,Tredegar Corporation Common Stock,244958590.00000003,BELOW_10B_THRESHOLD
TFX,Teleflex Incorporated Common Stock,5158839335.0,BELOW_10B_THRESHOLD
TFPM,Triple Flag Precious Metals Corp. Common Shares,6718759218.0,BELOW_10B_THRESHOLD
TGL,Treasure Global Inc. - Common Stock,3987857.0,BELOW_10B_THRESHOLD
TGEN,Tecogen Inc. Common Stock,95091639.0,BELOW_10B_THRESHOLD
TGHL,The GrowHub Limited - Class A Ordinary Shares,20890053.0,BELOW_10B_THRESHOLD
TGS,Transportadora de Gas del Sur SA TGS Common Stock,4126636131.0,BELOW_10B_THRESHOLD
TGE,The Generation Essentials Group Class A Ordinary Shares,42062585.0,BELOW_10B_THRESHOLD
TGLS,Tecnoglass Holdings Inc. Common Stock,1563409068.0,BELOW_10B_THRESHOLD
TGTX,"TG Therapeutics, Inc. - Common Stock",8571866968.000001,BELOW_10B_THRESHOLD
TH,Target Hospitality Corp. - Common Stock,2112016568.0,BELOW_10B_THRESHOLD
THCH,TH International Limited - Ordinary shares,42884221.0,BELOW_10B_THRESHOLD
THEO,BOA Acquisition Corp. II - Class A Ordinary Shares,,MARKET_CAP_MISSING
THFF,First Financial Corporation  - Common Stock,885946251.9999999,BELOW_10B_THRESHOLD
THM,"International Tower Hill Mines, Ltd. Ordinary Shares (Canada)",735201299.0,BELOW_10B_THRESHOLD
THRY,"Thryv Holdings, Inc. - Common Stock",81767964.0,BELOW_10B_THRESHOLD
THG,Hanover Insurance Group Inc,7575835483.0,BELOW_10B_THRESHOLD
THH,TryHard Holdings Limited - Ordinary Shares,7707123.0,BELOW_10B_THRESHOLD
THO,"Thor Industries, Inc. Common Stock",3732234444.0,BELOW_10B_THRESHOLD
TIC,"TIC Solutions, Inc. Common Stock",1948707779.0,BELOW_10B_THRESHOLD
TIGR,UP Fintech Holding Limited - American Depositary Shares representing fifteen Class A Ordinary Shares,841680113.0,BELOW_10B_THRESHOLD
TII,Titan Mining Corporation Common Shares,315747240.0,BELOW_10B_THRESHOLD
THRM,Gentherm Inc - Common Stock,1082362424.0,BELOW_10B_THRESHOLD
TIL,"Instil Bio, Inc. - Common Stock",49067596.0,BELOW_10B_THRESHOLD
TIMB,TIM S.A. American Depositary Shares (Each representing 5 Common Shares) ,8774317765.0,BELOW_10B_THRESHOLD
TISI,"Team, Inc. Common Stock",132454740.0,BELOW_10B_THRESHOLD
TILE,"Interface, Inc. - Common Stock",2019548072.0,BELOW_10B_THRESHOLD
TIPT,Tiptree Inc. - Common Stock,644991465.0,BELOW_10B_THRESHOLD
TJGC,TJGC Group Limited - Class A Ordinary Shares,235128535.0,BELOW_10B_THRESHOLD
TITN,Titan Machinery Inc. - Common Stock,569966765.0,BELOW_10B_THRESHOLD
TK,Teekay Corporation Ltd. Common Stock,1173245753.0,BELOW_10B_THRESHOLD
TKLF,"Tokyo Lifestyle Co., Ltd. - American Depositary Shares",7111072.0,BELOW_10B_THRESHOLD
TKC,Turkcell Iletisim Hizmetleri AS Common Stock,4540800000.0,BELOW_10B_THRESHOLD
TKNO,"Alpha Teknova, Inc. - Common Stock",479436037.0,BELOW_10B_THRESHOLD
TLIH,Ten-League International Holdings Limited - Ordinary Shares,16907501.0,BELOW_10B_THRESHOLD
TKR,Timken Company (The) Common Stock,8152080140.0,BELOW_10B_THRESHOLD
TLF,"Tandy Leather Factory, Inc. - common stock",21381316.0,BELOW_10B_THRESHOLD
TLPH,"Talphera, Inc. - Common Stock",60210723.0,BELOW_10B_THRESHOLD
TLRY,"Tilray Brands, Inc. - Common Stock",607384600.0,BELOW_10B_THRESHOLD
TLS,Telos Corporation - Common Stock,305673467.0,BELOW_10B_THRESHOLD
TLSI,"TriSalus Life Sciences, Inc. - Common Stock",307873000.0,BELOW_10B_THRESHOLD
TLSA,Tiziana Life Sciences Ltd - Common Shares,133622088.0,BELOW_10B_THRESHOLD
TLX,Telix Pharmaceuticals Limited - American Depositary Shares,3818017342.0000005,BELOW_10B_THRESHOLD
TMDE,TMD Energy Limited Ordinary Shares,16497857.0,BELOW_10B_THRESHOLD
TMC,TMC the metals company Inc. - Common Stock,1793215734.0,BELOW_10B_THRESHOLD
TMCI,"Treace Medical Concepts, Inc. - Common Stock",293305830.0,BELOW_10B_THRESHOLD
TMDX,"TransMedics Group, Inc. - Common Stock",3016737615.0,BELOW_10B_THRESHOLD
TLYS,"Tilly's, Inc. Common Stock",126325404.00000001,BELOW_10B_THRESHOLD
TMS,Teamshares Inc. - Common Stock,626114386.0,BELOW_10B_THRESHOLD
TMCR,The Metals Royalty Company Inc. - Common Stock,278676328.0,BELOW_10B_THRESHOLD
TMP,Tompkins Financial Corporation Common Stock,1390683084.0,BELOW_10B_THRESHOLD
TMQ,Trilogy Metals Inc. Common Stock,571788065.0,BELOW_10B_THRESHOLD
TNC,Tennant Company Common Stock,1124401533.0,BELOW_10B_THRESHOLD
TNDM,"Tandem Diabetes Care, Inc. - Common Stock",1139699221.0,BELOW_10B_THRESHOLD
TNET,"TriNet Group, Inc. Common Stock",2994825107.0,BELOW_10B_THRESHOLD
TNGX,"Tango Therapeutics, Inc. - Common Stock",4122523472.9999995,BELOW_10B_THRESHOLD
TNMG,TNL Mediagene - Ordinary Shares,3453001.0,BELOW_10B_THRESHOLD
TNXP,Tonix Pharmaceuticals Holding Corp. - Common Stock,175626486.0,BELOW_10B_THRESHOLD
TNYA,"Tenaya Therapeutics, Inc. - Common Stock",148283307.0,BELOW_10B_THRESHOLD
TNK,Teekay Tankers Ltd.,3275230335.0,BELOW_10B_THRESHOLD
TNL,Travel   Leisure Co. Common  Stock,3861374997.0,BELOW_10B_THRESHOLD
TOMZ,"TOMI Environmental Solutions, Inc. - Common Stock",14137528.0,BELOW_10B_THRESHOLD
TNON,"Tenon Medical, Inc. - Common Stock",3376530.0,BELOW_10B_THRESHOLD
TOPP,Toppoint Holdings Inc. Common Stock,3507400.0,BELOW_10B_THRESHOLD
TOON,"Kartoon Studios, Inc. Common Stock",36084601.0,BELOW_10B_THRESHOLD
TONX,TON Strategy Company - Common Stock,222490836.0,BELOW_10B_THRESHOLD
TOP,TOP Financial Group Limited - Class A Ordinary Shares,1885582695.0,BELOW_10B_THRESHOLD
TORO,Toro Corp. - Common stock,198370554.0,BELOW_10B_THRESHOLD
TOPS,"TOP Ships, Inc. Common Stock",3931261.0,BELOW_10B_THRESHOLD
TOUR,Tuniu Corporation - American Depositary Shares,55024929.0,BELOW_10B_THRESHOLD
TOVX,"Theriva Biologics, Inc. Common Stock",10771009.0,BELOW_10B_THRESHOLD
TP,Ticketplus Ltd. Ordinary Shares,105161919.0,BELOW_10B_THRESHOLD
TOYO,"TOYO Co., Ltd - Ordinary Shares",165672955.0,BELOW_10B_THRESHOLD
TPB,"Turning Point Brands, Inc. Common Stock",1212959781.0,BELOW_10B_THRESHOLD
TPET,Trio Petroleum Corp. Common Stock,9370076.0,BELOW_10B_THRESHOLD
TPCS,TechPrecision Corporation - Common stock,53604951.0,BELOW_10B_THRESHOLD
TOWN,Towne Bank - Common Stock,2691447093.0,BELOW_10B_THRESHOLD
TPC,Tutor Perini Corporation Common Stock,4434730710.0,BELOW_10B_THRESHOLD
TPST,"Tempest Therapeutics, Inc. - Common Stock",15249665.000000002,BELOW_10B_THRESHOLD
TRAD,APEX Tech Acquisition Inc. Ordinary Shares,147028665.0,BELOW_10B_THRESHOLD
TPVG,TriplePoint Venture Growth BDC Corp. Common Stock,200291837.00000003,BELOW_10B_THRESHOLD
TRAK,"ReposiTrak, Inc. Common Stock",148659762.0,BELOW_10B_THRESHOLD
TR,"Tootsie Roll Industries, Inc. Common Stock",2850470475.0,BELOW_10B_THRESHOLD
TRAW,"Traws Pharma, Inc. - Common Stock",7739464.0,BELOW_10B_THRESHOLD
TRAX,"First Tracks Biotherapeutics, Inc. - Ordinary Shares",1309892704.0,BELOW_10B_THRESHOLD
TRBG,TurboGen Ltd. - Ordinary Shares,95205403.0,BELOW_10B_THRESHOLD
TRC,Tejon Ranch Co Common Stock,439368679.0,BELOW_10B_THRESHOLD
TRDA,"Entrada Therapeutics, Inc. - Common Stock",253088349.0,BELOW_10B_THRESHOLD
TREO,Tactical Resources Corp. - Common Shares,54175894.99999999,BELOW_10B_THRESHOLD
TREX,"Trex Company, Inc. Common Stock",4443359588.0,BELOW_10B_THRESHOLD
TRIB,Trinity Biotech plc - American Depositary Shares,5700055.0,BELOW_10B_THRESHOLD
TRGS,TRG Latin America Acquisitions Corp. - Class A Ordinary Shares,,MARKET_CAP_MISSING
TREE,"LendingTree, Inc. - Common Stock",336949464.0,BELOW_10B_THRESHOLD
TRLV,Trulieve Cannabis Corp. Subordinate Voting Shares,2414768887.0,BELOW_10B_THRESHOLD
TRIP,"TripAdvisor, Inc. - Common Stock",942282709.9999999,BELOW_10B_THRESHOLD
TRIN,Trinity Capital Inc. Common Stock,1661872224.0,BELOW_10B_THRESHOLD
TRMD,TORM plc - Class A Common Stock,3493209868.9999995,BELOW_10B_THRESHOLD
TRMK,Trustmark Corporation - Common Stock,2653244663.0,BELOW_10B_THRESHOLD
TRNO,Terreno Realty Corporation Common Stock,7194219866.0,BELOW_10B_THRESHOLD
TRNR,Interactive Strength Inc. - Common Stock,4292210.0,BELOW_10B_THRESHOLD
TRN,"Trinity Industries, Inc. Common Stock",2234729082.0,BELOW_10B_THRESHOLD
TRNS,"Transcat, Inc. - Common Stock",836027580.9999999,BELOW_10B_THRESHOLD
TROO,"TROOPS, Inc.  - Ordinary Shares",223553104.0,BELOW_10B_THRESHOLD
TROX,Tronox Holdings plc Ordinary Shares (UK),686710125.0,BELOW_10B_THRESHOLD
TRON,Tron Inc. - Common Stock,697341634.0,BELOW_10B_THRESHOLD
TRST,TrustCo Bank Corp NY - Common Stock,945720680.0,BELOW_10B_THRESHOLD
TRUP,"Trupanion, Inc. - Common Stock",1003805340.0000001,BELOW_10B_THRESHOLD
TRTX,"TPG RE Finance Trust, Inc. Common Stock",523564641.0,BELOW_10B_THRESHOLD
TRT,Trio-Tech International - Common Stock,117917241.0,BELOW_10B_THRESHOLD
TRUG,"TruGolf Holdings, Inc. - Class A Common Stock",2098668.0,BELOW_10B_THRESHOLD
TRVI,"Trevi Therapeutics, Inc. - Common Stock",2060200661.0,BELOW_10B_THRESHOLD
TRVG,trivago N.V. - American Depositary Shares,371459485.0,BELOW_10B_THRESHOLD
TRS,TriMas Corporation - Common Stock,1406255822.0,BELOW_10B_THRESHOLD
TRX,TRX Gold Corporation Common Stock,435540432.0,BELOW_10B_THRESHOLD
TSAT,Telesat Corporation - Class A Common Shares and Class B Variable Voting Shares,1703403757.0,BELOW_10B_THRESHOLD
TSBK,"Timberland Bancorp, Inc. - Common Stock",348505440.0,BELOW_10B_THRESHOLD
TSHA,"Taysha Gene Therapies, Inc. - Common Stock",1599842706.0,BELOW_10B_THRESHOLD
TSSI,"TSS, Inc. - Common Stock",261872969.99999997,BELOW_10B_THRESHOLD
TSLX,"Sixth Street Specialty Lending, Inc. Common Stock",1740012287.0,BELOW_10B_THRESHOLD
TTAM,Titan America SA Common Shares,2488893278.0,BELOW_10B_THRESHOLD
TTAN,"ServiceTitan, Inc. - Class A Common Stock",5947246220.0,BELOW_10B_THRESHOLD
TSQ,"Townsquare Media, Inc. Class A Common Stock",92799043.0,BELOW_10B_THRESHOLD
TTC,Toro Company (The) Common Stock,9142589047.0,BELOW_10B_THRESHOLD
TTD,"The Trade Desk, Inc. - Class A Common Stock",5995041919.0,BELOW_10B_THRESHOLD
TTEK,"Tetra Tech, Inc. - Common Stock",8935950537.0,BELOW_10B_THRESHOLD
TTGT,"TechTarget, Inc. - Common Stock",272694128.0,BELOW_10B_THRESHOLD
TTI,"Tetra Technologies, Inc. Common Stock",883994491.0,BELOW_10B_THRESHOLD
TTEC,"TTEC Holdings, Inc. - Common Stock",60634005.99999999,BELOW_10B_THRESHOLD
TTRX,Turn Therapeutics Inc. - Common Stock,402436420.0,BELOW_10B_THRESHOLD
TULP,"Bloomia Holdings, Inc. - Common Stock",15314159.0,BELOW_10B_THRESHOLD
TUYA,"Tuya Inc. American Depositary Shares, each representing one Class A Ordinary Share",1060984960.0,BELOW_10B_THRESHOLD
TVA,Texas Ventures Acquisition III Corp - Class A Ordinary Share,,MARKET_CAP_MISSING
TV,Grupo Televisa S.A.B. Common Stock,1499707548.0,BELOW_10B_THRESHOLD
TUSK,"Mammoth Energy Services, Inc. - Common Stock",140532548.0,BELOW_10B_THRESHOLD
TURB,"Turbo Energy, S.A. - American Depositary Shares",12497826.0,BELOW_10B_THRESHOLD
TVIV,Texas Ventures Acquisition IV Corp - Class A Ordinary Shares,,MARKET_CAP_MISSING
TVGN,Tevogen Inc. - Common Stock,50855127.0,BELOW_10B_THRESHOLD
TVTX,"Travere Therapeutics, Inc. - Common Stock",5639640536.0,BELOW_10B_THRESHOLD
TVRD,"Tvardi Therapeutics, Inc. - Common Stock",17607405.0,BELOW_10B_THRESHOLD
TWAV,"TaoWeave, Inc. - Common Stock",6164778.0,BELOW_10B_THRESHOLD
TWG,Top Wealth Group Holding Limited - Class A Ordinary Shares,16916470.0,BELOW_10B_THRESHOLD
TWFG,"TWFG, Inc. - Common Stock",1335619830.0,BELOW_10B_THRESHOLD
TWI,"Titan International, Inc. (DE) Common Stock",467286628.0,BELOW_10B_THRESHOLD
TWIN,"Twin Disc, Incorporated - Common Stock",375830979.0,BELOW_10B_THRESHOLD
TWLV,Twelve Seas Investment Company III - Class A Ordinary Shares,,MARKET_CAP_MISSING
TXG,"10x Genomics, Inc. - Common Stock",9852618124.0,BELOW_10B_THRESHOLD
TXMD,"TherapeuticsMD, Inc. - Common Stock",25116366.0,BELOW_10B_THRESHOLD
TXNM,"TXNM Energy, Inc. Common Stock",6422534148.0,BELOW_10B_THRESHOLD
TYG,Tortoise Energy Infrastructure Corporation Common Stock,481648723.0,BELOW_10B_THRESHOLD
TY,Tri Continental Corporation Common Stock,1880542351.0,BELOW_10B_THRESHOLD
TYGO,"Tigo Energy, Inc. - Common Stock",68328603.0,BELOW_10B_THRESHOLD
TYRA,"Tyra Biosciences, Inc. - Common Stock",1597200463.0,BELOW_10B_THRESHOLD
TZOO,Travelzoo - Common Stock,56929040.0,BELOW_10B_THRESHOLD
UAC,United Acquisition Corp. I Class A Ordinary Shares,,MARKET_CAP_MISSING
UA,"Under Armour, Inc. Class C Common Stock",1911477657.0,BELOW_10B_THRESHOLD
UAMY,United States Antimony Corporation Common Stock,688479166.0,BELOW_10B_THRESHOLD
UAVS,"AgEagle Aerial Systems, Inc. Common Stock",61836309.0,BELOW_10B_THRESHOLD
UBCP,"United Bancorp, Inc. - Common Stock",88040775.0,BELOW_10B_THRESHOLD
UCAR,U Power Limited - Class A Ordinary Shares,8164715.0,BELOW_10B_THRESHOLD
UCB,"United Community Banks, Inc. Common Stock",4040485106.0,BELOW_10B_THRESHOLD
UCTT,"Ultra Clean Holdings, Inc. - Common Stock",3499461571.0,BELOW_10B_THRESHOLD
UBSI,"United Bankshares, Inc. - Common Stock",6295745032.0,BELOW_10B_THRESHOLD
UCL,uCloudlink Group Inc. - American Depositary Shares,13602742.000000002,BELOW_10B_THRESHOLD
UE,Urban Edge Properties Common Shares of Beneficial Interest,2497115537.0,BELOW_10B_THRESHOLD
UEC,Uranium Energy Corp. Common Stock,4923980042.0,BELOW_10B_THRESHOLD
UEIC,Universal Electronics Inc. - Common Stock,67775426.0,BELOW_10B_THRESHOLD
UFG,Uni-Fuels Holdings Limited - Class A Ordinary Shares,16290937.0,BELOW_10B_THRESHOLD
UFI,"Unifi, Inc. New Common Stock",124731096.00000001,BELOW_10B_THRESHOLD
UFCS,"United Fire Group, Inc - Common Stock",1377554476.0,BELOW_10B_THRESHOLD
UFPI,"UFP Industries, Inc. - Common Stock",4511106734.0,BELOW_10B_THRESHOLD
UFPT,"UFP Technologies, Inc. - Common Stock",2225985130.0,BELOW_10B_THRESHOLD
UG,"United-Guardian, Inc. - Common Stock",32711551.0,BELOW_10B_THRESHOLD
UGP,Ultrapar Participacoes S.A. (New) American Depositary Shares (Each representing one Common Share),8524126071.000001,BELOW_10B_THRESHOLD
UHT,Universal Health Realty Income Trust Common Stock,533709466.0,BELOW_10B_THRESHOLD
UGI,UGI Corporation Common Stock,7854805691.999999,BELOW_10B_THRESHOLD
UIS,Unisys Corporation New Common Stock,172810813.0,BELOW_10B_THRESHOLD
UK,Ucommune International Ltd  - Class A Ordinary Shares,1335563.0,BELOW_10B_THRESHOLD
ULCC,"Frontier Group Holdings, Inc. - Common Stock",1344460103.0,BELOW_10B_THRESHOLD
ULBI,Ultralife Corporation - Common Stock,98313287.0,BELOW_10B_THRESHOLD
ULH,"Universal Logistics Holdings, Inc. - Common Stock",428476830.99999994,BELOW_10B_THRESHOLD
UMAC,"Unusual Machines, Inc. Common Stock",1133513098.0,BELOW_10B_THRESHOLD
UMH,"UMH Properties, Inc. Common Stock",1314938240.0,BELOW_10B_THRESHOLD
UNB,"Union Bankshares, Inc. - Common Stock",115733311.0,BELOW_10B_THRESHOLD
UNCY,"Unicycive Therapeutics, Inc. - Common Stock",133983786.0,BELOW_10B_THRESHOLD
UNFI,"United Natural Foods, Inc. Common Stock",2638269254.0,BELOW_10B_THRESHOLD
UNF,Unifirst Corporation Common Stock,4658844648.0,BELOW_10B_THRESHOLD
UNIT,Uniti Group Inc. - Common Stock,2223362237.0,BELOW_10B_THRESHOLD
UPB,"Upstream Bio, Inc. - Common Stock",284261703.0,BELOW_10B_THRESHOLD
UP,Wheels Up Experience Inc. Class A Common Stock,138936471.0,BELOW_10B_THRESHOLD
UONE,"Urban One, Inc.  - Class A Common Stock",19890495.0,BELOW_10B_THRESHOLD
UNTY,"Unity Bancorp, Inc. - Common Stock",573029501.0,BELOW_10B_THRESHOLD
UPC,Universe Pharmaceuticals Inc - Class A Ordinary Shares,23566901.0,BELOW_10B_THRESHOLD
UPLD,"Upland Software, Inc. - Common Stock",10468456.0,BELOW_10B_THRESHOLD
UPBD,"Upbound Group, Inc. - Common Stock",932207486.0000001,BELOW_10B_THRESHOLD
UPST,"Upstart Holdings, Inc. - Common stock",2379303975.0,BELOW_10B_THRESHOLD
UPWK,Upwork Inc. - Common Stock,1021709526.0000001,BELOW_10B_THRESHOLD
UPXI,"Upexi, Inc. - Common Stock",96059895.0,BELOW_10B_THRESHOLD
URBN,"Urban Outfitters, Inc. - Common Stock",6409094742.000001,BELOW_10B_THRESHOLD
URG,Ur Energy Inc Common Shares (Canada),461521915.0,BELOW_10B_THRESHOLD
URGN,UroGen Pharma Ltd. - Ordinary Shares,2034897879.0,BELOW_10B_THRESHOLD
USAR,"USA Rare Earth, Inc. - Common Stock",5937462056.0,BELOW_10B_THRESHOLD
USBC,"USBC, Inc. Common Stock",193489998.0,BELOW_10B_THRESHOLD
USAS,"Americas Gold and Silver Corporation Common Shares, no par value",1640064428.0000002,BELOW_10B_THRESHOLD
USCB,"USCB Financial Holdings, Inc.  - Class A Common Stock",414567106.99999994,BELOW_10B_THRESHOLD
USAU,U.S. Gold Corp. - Common Stock,258673575.99999997,BELOW_10B_THRESHOLD
USEA,United Maritime Corporation - Common Stock,28900561.000000004,BELOW_10B_THRESHOLD
UROY,Uranium Royalty Corp. - Common Stock,1667270954.0,BELOW_10B_THRESHOLD
USIO,"Usio, Inc. - Common Stock",64684590.0,BELOW_10B_THRESHOLD
USGO,U.S. GoldMining Inc. - Common stock,99373011.0,BELOW_10B_THRESHOLD
USDE,StablecoinX Inc. - Class A Common Stock,349898350.0,BELOW_10B_THRESHOLD
USNA,"USANA Health Sciences, Inc. Common Stock",259410537.0,BELOW_10B_THRESHOLD
USPH,"U.S. Physical Therapy, Inc. Common Stock",1233360990.0,BELOW_10B_THRESHOLD
USLM,"United States Lime & Minerals, Inc. - Common Stock",3138793796.0,BELOW_10B_THRESHOLD
UTI,Universal Technical Institute Inc Common Stock,1125044617.0,BELOW_10B_THRESHOLD
UTSI,UTStarcom Holdings Corp - Ordinary Shares,22216217.0,BELOW_10B_THRESHOLD
UTL,UNITIL Corporation Common Stock,927334873.0,BELOW_10B_THRESHOLD
UTMD,"Utah Medical Products, Inc. - Common Stock",238818188.0,BELOW_10B_THRESHOLD
UTZ,Utz Brands Inc Class A Common Stock ,2048582291.0,BELOW_10B_THRESHOLD
UUUU,Energy Fuels Inc Ordinary Shares (Canada),2898457200.0,BELOW_10B_THRESHOLD
UUU,"Universal Safety Products, Inc. Common Stock",15293738.000000002,BELOW_10B_THRESHOLD
UXIN,Uxin Limited - American Depositary Shares,239778484.0,BELOW_10B_THRESHOLD
UVSP,Univest Financial Corporation - Common Stock,1142119603.0,BELOW_10B_THRESHOLD
UVE,UNIVERSAL INSURANCE HOLDINGS INC Common Stock,1181955177.0,BELOW_10B_THRESHOLD
UZX,Linkage Global Inc - Class A Ordinary Shares,4687184.0,BELOW_10B_THRESHOLD
UWMC,UWM Holdings Corporation Class A Common Stock,1959949099.0,BELOW_10B_THRESHOLD
UVV,Universal Corporation Common Stock,1065937192.0,BELOW_10B_THRESHOLD
VAC,Marriott Vacations Worldwide Corporation Common Stock,3468768021.9999995,BELOW_10B_THRESHOLD
VABK,Virginia National Bankshares Corporation - Common Stock,255042507.00000003,BELOW_10B_THRESHOLD
VACI,Viking Acquisition Corp. I Class A Ordinary Shares,,MARKET_CAP_MISSING
VAI,Valor Energy Incorporated - Common Stock,31298600.999999996,BELOW_10B_THRESHOLD
VAL,Valaris Limited Common Shares,5733314584.0,BELOW_10B_THRESHOLD
VALN,Valneva SE - American Depositary Shares,602523681.0,BELOW_10B_THRESHOLD
VALU,"Value Line, Inc. - Common Stock",358114681.0,BELOW_10B_THRESHOLD
VANI,"Vivani Medical, Inc.  - Common Stock",110950127.99999999,BELOW_10B_THRESHOLD
VATE,INNOVATE Corp. Common Stock,104769531.0,BELOW_10B_THRESHOLD
VCEL,Vericel Corporation - Common Stock,1986304557.0,BELOW_10B_THRESHOLD
VBNK,VersaBank - Common Shares,747583962.0,BELOW_10B_THRESHOLD
VC,Visteon Corporation - Common Stock,2483475760.0,BELOW_10B_THRESHOLD
VCRE,Vicore Pharma Holding AB - American Depositary Shares,2758950811.0,BELOW_10B_THRESHOLD
VBIO,"Valion Bio, Inc. - Common stock",3509756.0,BELOW_10B_THRESHOLD
VCIG,VCI Global Limited - Ordinary Share,2077053.0,BELOW_10B_THRESHOLD
VCYT,"Veracyte, Inc. - Common Stock",3522721832.0,BELOW_10B_THRESHOLD
VCTR,"Victory Capital Holdings, Inc. - Common Stock",6539082599.0,BELOW_10B_THRESHOLD
VEEA,Veea Inc. - Common Stock,10016480.0,BELOW_10B_THRESHOLD
VECO,Veeco Instruments Inc. - Common Stock,2807073069.0,BELOW_10B_THRESHOLD
VEEE,Twin Vee PowerCats Co. - Common Stock,7467622.0,BELOW_10B_THRESHOLD
VEL,"Velocity Financial, Inc. Common Stock",624596650.0,BELOW_10B_THRESHOLD
VELO,"Velo3D, Inc. - Common stock",352675824.0,BELOW_10B_THRESHOLD
VENU,Venu Holding Corporation Common Stock,86537928.0,BELOW_10B_THRESHOLD
VERU,Veru Inc. - Common Stock,41943787.0,BELOW_10B_THRESHOLD
VERI,"Veritone, Inc. - Common Stock",129589618.0,BELOW_10B_THRESHOLD
VEON,VEON Ltd. - American Depositary Shares,4845073680.0,BELOW_10B_THRESHOLD
VERA,"Vera Therapeutics, Inc. - Class A Common Stock",2381693222.0,BELOW_10B_THRESHOLD
VET,Vermilion Energy Inc. Common (Canada),1789376000.0,BELOW_10B_THRESHOLD
VERX,"Vertex, Inc. - Class A Common Stock",1901194726.0,BELOW_10B_THRESHOLD
VFS,VinFast Auto Ltd. - Ordinary Shares,7474817552.0,BELOW_10B_THRESHOLD
VFF,"Village Farms International, Inc. - Common Shares",371138911.0,BELOW_10B_THRESHOLD
VGAS,"Verde Clean Fuels, Inc. - Class A Common Stock",49004583.0,BELOW_10B_THRESHOLD
VGNT,Versigent PLC Ordinary Shares,3272589243.0,BELOW_10B_THRESHOLD
VFC,V.F. Corporation Common Stock,5315179386.0,BELOW_10B_THRESHOLD
VGZ,Vista Gold Corp Common Stock,399961488.0,BELOW_10B_THRESHOLD
VHC,VirnetX Holding Corp - Common Stock,53340407.0,BELOW_10B_THRESHOLD
VHI,"Valhi, Inc. Common Stock",462485082.0,BELOW_10B_THRESHOLD
VHUB,"VenHub Global, Inc. - Common Stock",51539336.0,BELOW_10B_THRESHOLD
VIA,"Via Transportation, Inc. Class A Common Stock",2407675808.0,BELOW_10B_THRESHOLD
VIAV,Viavi Solutions Inc. - Common Stock,8989096234.0,BELOW_10B_THRESHOLD
VIDA,VIDA Global Inc. Class A Common Stock,26832594.999999996,BELOW_10B_THRESHOLD
VII,Viking Acquisition Corp. II Class A Ordinary Shares,,MARKET_CAP_MISSING
VIOT,"Viomi Technology Co., Ltd - American Depositary Shares",87518249.0,BELOW_10B_THRESHOLD
VIPS,"Vipshop Holdings Limited American Depositary Shares, each representing two ordinary shares",5940946580.0,BELOW_10B_THRESHOLD
VINP,Vinci Compass Investments Ltd. - Class A Common Shares,610388174.0,BELOW_10B_THRESHOLD
VIP,Vulcan Infrastructure and Power Inc. - Class A Common Stock,32068028.999999996,BELOW_10B_THRESHOLD
VIR,"Vir Biotechnology, Inc. - Common Stock",1876604974.0,BELOW_10B_THRESHOLD
VIRC,Virco Manufacturing Corporation - Common Stock,103568265.0,BELOW_10B_THRESHOLD
VIRT,"Virtu Financial, Inc. Class A Common Stock",8227164033.0,BELOW_10B_THRESHOLD
VISN,"Vistance Networks, Inc.  - Common Stock",1487540357.0,BELOW_10B_THRESHOLD
VITL,"Vital Farms, Inc. - Common Stock",442623992.00000006,BELOW_10B_THRESHOLD
VIST,"Vista Energy S.A.B. de C.V. American Depositary Shares, each representing one series A share, with no par value",7820047491.0,BELOW_10B_THRESHOLD
VIVK,"Vivakor, Inc. - Common Stock",4349597.0,BELOW_10B_THRESHOLD
VIVO,VivoPower PLC - Class A Ordinary Shares,123495121.99999999,BELOW_10B_THRESHOLD
VIVS,"VivoSim Labs, Inc. - Common Stock",3799965.9999999995,BELOW_10B_THRESHOLD
VKTX,"Viking Therapeutics, Inc. - Common Stock",4858594826.0,BELOW_10B_THRESHOLD
VLGEA,"Village Super Market, Inc. - Class A Common Stock",661391868.0,BELOW_10B_THRESHOLD
VLN,Valens Semiconductor Ltd. Ordinary Shares,202161984.0,BELOW_10B_THRESHOLD
VMAR,Vision Marine Technologies Inc. - Common Shares,4871723.0,BELOW_10B_THRESHOLD
VMET,Versamet Royalties Corporation - Common Stock,1003408055.0,BELOW_10B_THRESHOLD
VLRS,"Controladora Vuela Compania de Aviacion, S.A.B. de C.V. American Depositary Shares, each representing ten (10) Ordinary Participation Certificates",781998548.0,BELOW_10B_THRESHOLD
VMD,"Viemed Healthcare, Inc. - Common Shares",335176406.0,BELOW_10B_THRESHOLD
VNCE,Vince Holding Corp. - Common Stock,143816161.0,BELOW_10B_THRESHOLD
VLY,Valley National Bancorp - Common Stock,7112029259.000001,BELOW_10B_THRESHOLD
VNDA,Vanda Pharmaceuticals Inc. - Common Stock,304731942.0,BELOW_10B_THRESHOLD
VMI,"Valmont Industries, Inc. Common Stock",9092781167.0,BELOW_10B_THRESHOLD
VNET,"VNET Group, Inc. - American Depositary Shares",1971012942.9999998,BELOW_10B_THRESHOLD
VNRX,VolitionRX Limited Common Stock,6892122.000000001,BELOW_10B_THRESHOLD
VNO,Vornado Realty Trust Common Stock,6378373339.0,BELOW_10B_THRESHOLD
VNT,Vontier Corporation Common Stock ,4234464000.0,BELOW_10B_THRESHOLD
VNTG,Vantage Corp Class A Ordinary Shares,22149427.0,BELOW_10B_THRESHOLD
VOGX,Vogenx Inc - Common Stock,399007637.0,BELOW_10B_THRESHOLD
VOXR,Vox Royalty Corp. - common stock,387088732.0,BELOW_10B_THRESHOLD
VOR,Vor Biopharma Inc. - Common Stock,1145973635.0,BELOW_10B_THRESHOLD
VRAX,Virax Biolabs Group Limited - Ordinary Shares,3429719.0,BELOW_10B_THRESHOLD
VPG,"Vishay Precision Group, Inc. Common Stock",930165627.0,BELOW_10B_THRESHOLD
VRA,"Vera Bradley, Inc. - Common Stock",115902203.0,BELOW_10B_THRESHOLD
VOYG,"Voyager Technologies, Inc. Class A Common Stock",1945787601.0,BELOW_10B_THRESHOLD
VRDN,"Viridian Therapeutics, Inc.  - Common Stock",2427853325.0,BELOW_10B_THRESHOLD
VOYA,"Voya Financial, Inc. Common Stock",8821366502.0,BELOW_10B_THRESHOLD
VRCA,Verrica Pharmaceuticals Inc. - Common Stock,79365991.0,BELOW_10B_THRESHOLD
VRM,"Vroom, Inc. - Common Stock",48941201.0,BELOW_10B_THRESHOLD
VREX,Varex Imaging Corporation - Common Stock,776745000.0,BELOW_10B_THRESHOLD
VRME,"VerifyMe, Inc. - Common Stock",15139975.0,BELOW_10B_THRESHOLD
VRRM,Verra Mobility Corporation - Class A Common Stock,513701878.0,BELOW_10B_THRESHOLD
VRNS,"Varonis Systems, Inc. - Common Stock",5553504450.0,BELOW_10B_THRESHOLD
VRXA,Veraxa Biotech AG - Ordinary Shares,196556860.0,BELOW_10B_THRESHOLD
VRTS,"Virtus Investment Partners, Inc. Common Stock",847704320.0000001,BELOW_10B_THRESHOLD
VSA,VisionSys AI Inc. - American Depositary Shares,10166287.0,BELOW_10B_THRESHOLD
VS,Versus Systems Inc. - Common Stock,6896036.999999999,BELOW_10B_THRESHOLD
VSME,VS Media Holdings Limited - Class A Ordinary Shares,2285076.0,BELOW_10B_THRESHOLD
VSNT,"Versant Media Group, Inc. - Class A Common Stock",4585697691.0,BELOW_10B_THRESHOLD
VSH,"Vishay Intertechnology, Inc. Common Stock",5000160844.0,BELOW_10B_THRESHOLD
VSEC,VSE Corporation - Common Stock,5010720101.0,BELOW_10B_THRESHOLD
VSTM,"Verastem, Inc. - Common Stock",740808947.0,BELOW_10B_THRESHOLD
VTAK,"Catheter Precision, Inc. Common Stock",3008967.0,BELOW_10B_THRESHOLD
VSTS,Vestis Corporation Common Stock,1833060656.0,BELOW_10B_THRESHOLD
VTEX,VTEX Class A Common Shares,624506459.0,BELOW_10B_THRESHOLD
VTGN,"Vistagen Therapeutics, Inc. - Common Stock",16348454.000000002,BELOW_10B_THRESHOLD
VSXY,Victorias Secret & Co. Common Stock ,6647535010.0,BELOW_10B_THRESHOLD
VTIX,Virtuix Holdings Inc. - Class A Common Stock,38387624.0,BELOW_10B_THRESHOLD
VTMX,"Corporacion Inmobiliaria Vesta, S.A.B de C.V. American Depositary Shares, each representing ten (10) Common Shares",2903768983.0,BELOW_10B_THRESHOLD
VTOL,"Bristow Group, Inc. Common Stock",1268974020.0,BELOW_10B_THRESHOLD
VTS,"Vitesse Energy, Inc. Common Stock",706510439.0,BELOW_10B_THRESHOLD
VVOS,"Vivos Therapeutics, Inc. - Common Stock",2995574.0,BELOW_10B_THRESHOLD
VTSI,"VirTra, Inc. - Common Stock",32600517.0,BELOW_10B_THRESHOLD
VWAV,"VisionWave Holdings, Inc. - Common Stock",13577970.0,BELOW_10B_THRESHOLD
VVV,Valvoline Inc. Common Stock,3668109518.0,BELOW_10B_THRESHOLD
VTVT,vTv Therapeutics Inc. - Class A Common Stock,120911118.0,BELOW_10B_THRESHOLD
VUZI,Vuzix Corporation  - Common Stock,240580556.0,BELOW_10B_THRESHOLD
VVX,"V2X, Inc. Common Stock",2349021129.0,BELOW_10B_THRESHOLD
VYGR,"Voyager Therapeutics, Inc. - Common Stock",176843511.0,BELOW_10B_THRESHOLD
VZLA,Vizsla Silver Corp. Common Shares,1434429763.0,BELOW_10B_THRESHOLD
VYX,NCR Voyix Corporation Common Stock,984438373.0,BELOW_10B_THRESHOLD
WAFU,Wah Fu Education Group Limited - Ordinary Shares,7056894.0,BELOW_10B_THRESHOLD
WABC,Westamerica Bancorporation - Common Stock,1368873592.0,BELOW_10B_THRESHOLD
WAFD,"WaFd, Inc. - Common Stock",2271653807.0,BELOW_10B_THRESHOLD
WALD,Waldencast plc - Class A Ordinary Share,131172931.0,BELOW_10B_THRESHOLD
WAL,Western Alliance Bancorporation Common Stock (DE),8248025318.000001,BELOW_10B_THRESHOLD
WATR,Air Water Ventures Limited - Ordinary Shares,56951017.00000001,BELOW_10B_THRESHOLD
WATT,Energous Corporation - Common Stock,71741382.0,BELOW_10B_THRESHOLD
WAY,Waystar Holding Corp. - Common Stock,4747690780.0,BELOW_10B_THRESHOLD
WB,Weibo Corporation - American Depositary Shares,1611612072.0000002,BELOW_10B_THRESHOLD
WBI,WaterBridge Infrastructure LLC Class A Shares Representing Limited Liability Company Interests,3562946191.9999995,BELOW_10B_THRESHOLD
WAVE,Eco Wave Power Global AB (publ) - American Depositary Shares,35878068.0,BELOW_10B_THRESHOLD
WASH,"Washington Trust Bancorp, Inc. - Common Stock",729402035.0,BELOW_10B_THRESHOLD
WBTN,WEBTOON Entertainment Inc. - Common stock,1457536892.0,BELOW_10B_THRESHOLD
WBUY,WEBUY GLOBAL LTD. - Class A Ordinary Shares,4406808.0,BELOW_10B_THRESHOLD
WBX,Wallbox N.V. Class A Ordinary Shares,67611810.0,BELOW_10B_THRESHOLD
WCCB,West Coast Community Bancorp - Common Stock,632602629.0,BELOW_10B_THRESHOLD
WCT,Wellchange Holdings Company Limited - Class A Ordinary shares,80772816.0,BELOW_10B_THRESHOLD
WD,"Walker & Dunlop, Inc Common Stock",1268679535.0,BELOW_10B_THRESHOLD
WEAV,"Weave Communications, Inc. Common Stock",588793516.0,BELOW_10B_THRESHOLD
WDFC,WD-40 Company - Common Stock,2675361277.0,BELOW_10B_THRESHOLD
WENC,West Enclave Merger Corp. Ordinary Shares,160495830.0,BELOW_10B_THRESHOLD
WENN,Wen Acquisition Corp - Class A Ordinary Shares,,MARKET_CAP_MISSING
WETH,Wetouch Technology Inc. - Common Stock,13916795.000000002,BELOW_10B_THRESHOLD
WEN,Wendy's Company (The) - Common Stock,1283208629.0,BELOW_10B_THRESHOLD
WERN,"Werner Enterprises, Inc. - Common Stock",2063813937.9999998,BELOW_10B_THRESHOLD
WEST,Westrock Coffee Company - Common Stock,788829287.0,BELOW_10B_THRESHOLD
WETO,Wetour Robotics Limited - Ordinary Shares,1562811.0,BELOW_10B_THRESHOLD
WEX,WEX Inc. common stock,6289420494.0,BELOW_10B_THRESHOLD
WEYS,"Weyco Group, Inc. - Common Stock",440013787.0,BELOW_10B_THRESHOLD
WFCF,"Where Food Comes From, Inc. - Common Stock",56618768.0,BELOW_10B_THRESHOLD
WFF,WF Holding Limited - Ordinary Shares,86774263.0,BELOW_10B_THRESHOLD
WFRD,Weatherford International plc - Ordinary shares,6054214725.0,BELOW_10B_THRESHOLD
WGO,"Winnebago Industries, Inc. Common Stock",775415735.0,BELOW_10B_THRESHOLD
WFG,West Fraser Timber Co. Ltd Common stock,5721660274.0,BELOW_10B_THRESHOLD
WHK,WhiteHawk Minerals Corp Class A Common Stock,729403516.0,BELOW_10B_THRESHOLD
WGS,GeneDx Holdings Corp. - Class A Common Stock,2540880493.0,BELOW_10B_THRESHOLD
WHWK,"Whitehawk Therapeutics, Inc. - Common Stock",217774418.0,BELOW_10B_THRESHOLD
WH,"Wyndham Hotels & Resorts, Inc. Common Stock ",5143572866.0,BELOW_10B_THRESHOLD
WHR,Whirlpool Corporation Common Stock,2147015518.0,BELOW_10B_THRESHOLD
WHLR,"Wheeler Real Estate Investment Trust, Inc. - Common Stock",3091068.0,BELOW_10B_THRESHOLD
WHD,"Cactus, Inc. Class A Common Stock",5294246905.0,BELOW_10B_THRESHOLD
WIMI,WiMi Hologram Cloud Inc. - Class B Ordinary Shares,16270773.0,BELOW_10B_THRESHOLD
WHG,Westwood Holdings Group Inc Common Stock,177884353.0,BELOW_10B_THRESHOLD
WINA,Winmark Corporation - Common Stock,1046255143.0,BELOW_10B_THRESHOLD
WING,Wingstop Inc. - Common Stock,2666500402.0,BELOW_10B_THRESHOLD
WK,Workiva Inc. Class A Common Stock,3852143186.0,BELOW_10B_THRESHOLD
WIX,Wix.com Ltd. - Ordinary Shares,3214042444.9999995,BELOW_10B_THRESHOLD
WKEY,WISeKey International Holding Ltd - American Depositary Shares,67701087.0,BELOW_10B_THRESHOLD
WKC,World Kinect Corporation Common Stock,1843504385.0,BELOW_10B_THRESHOLD
WKSP,"Worksport, Ltd. - Common Stock",6797048.999999999,BELOW_10B_THRESHOLD
WKHS,"Workhorse Group, Inc. - Common Stock",33004327.0,BELOW_10B_THRESHOLD
WLCO,Wilco 63 Corporation - Class A Ordinary Shares,,MARKET_CAP_MISSING
WLII,Willow Lane Acquisition Corp. II - Class A Ordinary Shares,,MARKET_CAP_MISSING
WLFC,Willis Lease Finance Corporation - Common Stock,1149816756.0,BELOW_10B_THRESHOLD
WLDS,Wearable Devices Ltd. - Ordinary Share,4033975.0,BELOW_10B_THRESHOLD
WLDN,"Willdan Group, Inc. - Common Stock",1239282924.0,BELOW_10B_THRESHOLD
WLTH,Wealthfront Corporation - Common Stock,1536776170.0,BELOW_10B_THRESHOLD
WLK,Westlake Corporation Common Stock,8743839814.0,BELOW_10B_THRESHOLD
WLY,"John Wiley & Sons, Inc. Common Stock",2420157658.0,BELOW_10B_THRESHOLD
WMS,"Advanced Drainage Systems, Inc. Common Stock",9783089071.0,BELOW_10B_THRESHOLD
WMK,"Weis Markets, Inc. Common Stock",1793240945.0000002,BELOW_10B_THRESHOLD
WNC,Wabash National Corporation Common Stock,479069154.0,BELOW_10B_THRESHOLD
WNEB,"Western New England Bancorp, Inc. - Common Stock",274828905.0,BELOW_10B_THRESHOLD
WNW,Meiwu Technology Company Limited - Ordinary Shares,63456435.0,BELOW_10B_THRESHOLD
WOLF,"Wolfspeed, Inc. Common Stock New",1436535643.0,BELOW_10B_THRESHOLD
WOK,WORK Medical Technology Group LTD - Class A Ordinary Shares,8309695.0,BELOW_10B_THRESHOLD
WOOF,"Petco Health and Wellness Company, Inc. - Class A Common Stock",661628715.0,BELOW_10B_THRESHOLD
WOR,"Worthington Enterprises, Inc. Common Shares",2920929005.0,BELOW_10B_THRESHOLD
WPP,WPP plc American Depositary Shares,5419903057.0,BELOW_10B_THRESHOLD
WPRT,Westport Fuel Systems Inc - Common Shares,37611553.0,BELOW_10B_THRESHOLD
WRAP,"Wrap Technologies, Inc. - Common Stock",95250444.0,BELOW_10B_THRESHOLD
WRBY,Warby Parker Inc. Class A Common Stock,2886248061.0,BELOW_10B_THRESHOLD
WRN,Western Copper and Gold Corporation Common Stock,540559268.0,BELOW_10B_THRESHOLD
WRD,WeRide Inc. - American Depositary Shares,1961250379.0000002,BELOW_10B_THRESHOLD
WS,"Worthington Steel, Inc. Common Shares",1768357144.9999998,BELOW_10B_THRESHOLD
WRLD,World Acceptance Corporation - Common Stock,793067023.0,BELOW_10B_THRESHOLD
WSBK,"Winchester Bancorp, Inc. - Common Stock",119073767.00000001,BELOW_10B_THRESHOLD
WSBF,"Waterstone Financial, Inc. - Common Stock",365472979.0,BELOW_10B_THRESHOLD
WSBC,"WesBanco, Inc. - Common Stock",3653055312.0,BELOW_10B_THRESHOLD
WSC,WillScot Holdings Corporation - Class A Common Stock,3243318148.0,BELOW_10B_THRESHOLD
WSHP,WeShop Holdings Limited - Class A Ordinary Shares,139975029.0,BELOW_10B_THRESHOLD
WSFS,WSFS Financial Corporation - Common Stock,3933465678.9999995,BELOW_10B_THRESHOLD
WT,"WisdomTree, Inc. Common Stock",3593867273.0,BELOW_10B_THRESHOLD
WTF,Waton Financial Limited - Ordinary Shares,116252308.0,BELOW_10B_THRESHOLD
WTBA,West Bancorporation - Common Stock,486087549.99999994,BELOW_10B_THRESHOLD
WTFC,Wintrust Financial Corporation - Common Stock,9695534118.0,BELOW_10B_THRESHOLD
WTI,"W&T Offshore, Inc. Common Stock",564526640.0,BELOW_10B_THRESHOLD
WTM,"White Mountains Insurance Group, Ltd. Common Stock",4849840939.0,BELOW_10B_THRESHOLD
WTTR,"Select Water Solutions, Inc. Class A common stock",2671295269.0,BELOW_10B_THRESHOLD
WULF,TeraWulf Inc. - Common Stock,8158137868.999999,BELOW_10B_THRESHOLD
WU,Western Union Company (The) Common Stock,1899342993.9999998,BELOW_10B_THRESHOLD
WVE,"Wave Life Sciences, Inc. - Common Stock",778340291.0,BELOW_10B_THRESHOLD
WVVI,"Willamette Valley Vineyards, Inc. - Common Stock",9411310.0,BELOW_10B_THRESHOLD
WWR,"Westwater Resources, Inc. Common Stock",68139361.0,BELOW_10B_THRESHOLD
WW,"WW International, Inc.  - Common Stock",150281363.0,BELOW_10B_THRESHOLD
WWW,"Wolverine World Wide, Inc. Common Stock",1568287738.0,BELOW_10B_THRESHOLD
WXM,WF International Limited - Ordinary Shares,12470348.0,BELOW_10B_THRESHOLD
WYHG,Wing Yip Food Holdings Group Limited - American Depositary Shares,145889201.0,BELOW_10B_THRESHOLD
WYFI,"WhiteFiber, Inc. - Ordinary Shares",740056648.0,BELOW_10B_THRESHOLD
WYNN,"Wynn Resorts, Limited - Common Stock",8387223422.0,BELOW_10B_THRESHOLD
WYY,WidePoint Corporation Common Stock,111680508.0,BELOW_10B_THRESHOLD
XCBE,X3 Acquisition Corp. Ltd. - Class A Ordinary Shares,,MARKET_CAP_MISSING
XBIT,XBiotech Inc. - Common Stock,66463254.00000001,BELOW_10B_THRESHOLD
XAIR,"Beyond Air, Inc. - Common Stock",2882469.0,BELOW_10B_THRESHOLD
XBIO,"Xenetic Biosciences, Inc. - Common Stock",5904816.0,BELOW_10B_THRESHOLD
XBP,"XBP Global Holdings, Inc. - Common Stock",46221247.0,BELOW_10B_THRESHOLD
XCH,XCHG Limited - ADS,13987531.0,BELOW_10B_THRESHOLD
XCUR,"Exicure, Inc. - Common Stock",8117033.999999999,BELOW_10B_THRESHOLD
XELB,"Xcel Brands, Inc - Common Stock",5543432.0,BELOW_10B_THRESHOLD
XE,"X-Energy, Inc. - Class A Common Stock",6656276849.0,BELOW_10B_THRESHOLD
XENE,Xenon Pharmaceuticals Inc. - Common Shares,3540486194.0000005,BELOW_10B_THRESHOLD
XERS,"Xeris Biopharma Holdings, Inc. - Common Stock",1578893850.0,BELOW_10B_THRESHOLD
XFOR,"X4 Pharmaceuticals, Inc. - Common Stock",308346371.0,BELOW_10B_THRESHOLD
XGN,Exagen Inc. - Common Stock,207126647.99999997,BELOW_10B_THRESHOLD
XHLD,"TEN Holdings, Inc. - Common Stock",144717711.0,BELOW_10B_THRESHOLD
XHG,XChange TEC.INC - American Depositary Shares,117529270.99999999,BELOW_10B_THRESHOLD
XLAB,Exascale Labs Holdings Inc. - Class A Common Stock,250800000.0,BELOW_10B_THRESHOLD
XHR,"Xenia Hotels & Resorts, Inc. Common Stock",1643820780.0,BELOW_10B_THRESHOLD
XLO,"Xilio Therapeutics, Inc. - Common Stock",58826532.0,BELOW_10B_THRESHOLD
XMAX,"XMAX, Inc. - Common Stock",561999040.0,BELOW_10B_THRESHOLD
XMTR,"Xometry, Inc. - Class A Common Stock",6019548401.0,BELOW_10B_THRESHOLD
XNDU,Xanadu Quantum Technologies Limited - Class B Subordinate Voting Shares,1621514047.9999998,BELOW_10B_THRESHOLD
XNCR,"Xencor, Inc. - Common Stock",1803813411.0000002,BELOW_10B_THRESHOLD
XNET,Xunlei Limited - American Depositary Shares,1613623429.0,BELOW_10B_THRESHOLD
XOS,"Xos, Inc. - Common Stock",36255523.0,BELOW_10B_THRESHOLD
XPEL,"XPEL, Inc. - Common Stock",1227449701.0,BELOW_10B_THRESHOLD
XPER,Xperi Inc. Common Stock ,268245020.99999997,BELOW_10B_THRESHOLD
XPEV,"XPeng Inc. American depositary shares, each representing two Class A ordinary shares",9858542049.0,BELOW_10B_THRESHOLD
XPL,Solitario Resources Corp. Common Stock,60616993.0,BELOW_10B_THRESHOLD
XPON,"Expion Energy, Inc. - Common Stock",4768866.0,BELOW_10B_THRESHOLD
XPOF,"Xponential Fitness, Inc. Class A Common Stock",182498800.0,BELOW_10B_THRESHOLD
XPRO,Expro Ltd Ordinary Shares,1872156122.0000002,BELOW_10B_THRESHOLD
XRAY,DENTSPLY SIRONA Inc. - Common Stock,1949680907.0,BELOW_10B_THRESHOLD
XRPN,Armada Acquisition Corp. II - Class A Ordinary Shares,,MARKET_CAP_MISSING
XRN,Chiron Real Estate Inc. Common Stock,470869613.0,BELOW_10B_THRESHOLD
XRTX,XORTX Therapeutics Inc. - Common Shares,3088161.0,BELOW_10B_THRESHOLD
XSLL,Xsolla SPAC 1 - Class A Ordinary Shares,,MARKET_CAP_MISSING
XTER,Karman Line Acquisition Corp. - Class A Ordinary Shares,,MARKET_CAP_MISSING
XTIA,"XTI Aerospace, Inc. Common Stock  - Common Stock",36880961.0,BELOW_10B_THRESHOLD
XRX,Xerox Holdings Corporation - Common Stock,455661353.0,BELOW_10B_THRESHOLD
XTND,"Xtend AI Robotics, Inc. Common Stock",79910092.0,BELOW_10B_THRESHOLD
XTLB,XTL Biopharmaceuticals Ltd. - American Depositary Shares,5406664.0,BELOW_10B_THRESHOLD
XWEL,"XWELL, Inc. - Common Stock",7751813.0,BELOW_10B_THRESHOLD
XTNT,"Xtant Medical Holdings, Inc. Common Stock",52607985.0,BELOW_10B_THRESHOLD
XXI,"Twenty One Capital, Inc. Class A Common Stock",3824131109.9999995,BELOW_10B_THRESHOLD
XXII,"22nd Century Group, Inc - Common Stock",1670746.0,BELOW_10B_THRESHOLD
XYF,"X Financial American Depositary Shares, each representing six Class A Ordinary Shares",286514253.0,BELOW_10B_THRESHOLD
XZO,"Exzeo Group, Inc. Common Stock",1379215405.0,BELOW_10B_THRESHOLD
YAAS,Youxin Technology Ltd - Class A Ordinary shares,20586174.0,BELOW_10B_THRESHOLD
YALA,"Yalla Group Limited American Depositary Shares, each representing one Class A Ordinary Share",828986269.0,BELOW_10B_THRESHOLD
YARW,"Yarrow Bioscience, Inc. - Common Stock",259405585.00000003,BELOW_10B_THRESHOLD
YCY,AA Mission Acquisition Corp. II Class A Ordinary Shares,,MARKET_CAP_MISSING
YB,Yuanbao Inc. - American Depositary Shares,562639254.0,BELOW_10B_THRESHOLD
YDDL,One and One Green Technologies. INC - Class A Ordinary Shares,81808666.0,BELOW_10B_THRESHOLD
YDES,YD Bio Limited - Ordinary Shares,228785248.00000003,BELOW_10B_THRESHOLD
YCBD,"cbdMD, Inc. Common Stock",5125188.0,BELOW_10B_THRESHOLD
YDKG,Yueda Digital Holding - Class A Ordinary Share,4854467.0,BELOW_10B_THRESHOLD
YELP,Yelp Inc. Common Stock,962093999.9999999,BELOW_10B_THRESHOLD
YEXT,"Yext, Inc. Common Stock",637422854.0,BELOW_10B_THRESHOLD
YETI,"YETI Holdings, Inc. Common Stock",3055311001.0,BELOW_10B_THRESHOLD
YFOR,YYForce Inc. - Class A Ordinary Shares,21181677.0,BELOW_10B_THRESHOLD
YHC,LQR House Inc. - Common Stock,1695014.0,BELOW_10B_THRESHOLD
YHGJ,Yunhong Green CTI Ltd. - Common Stock,7018605.0,BELOW_10B_THRESHOLD
YI,"111, Inc. - American Depositary Shares",32636736.0,BELOW_10B_THRESHOLD
YICC,Yorkville International Capital Corp. - Class A Ordinary Shares,,MARKET_CAP_MISSING
YIBO,Planet Image International Limited - Class A Ordinary Shares,69304039.0,BELOW_10B_THRESHOLD
YMAT,"J-Star Holding Co., Ltd. - Class A Ordinary Shares",5132932.0,BELOW_10B_THRESHOLD
YJ,Yunji Inc. - American Depository Shares,8816717.0,BELOW_10B_THRESHOLD
YMT,Yimutian Inc. - American Depositary Shares; each representing 25 Class A ordinary shares,876891.0,BELOW_10B_THRESHOLD
YORW,The York Water Company - Common Stock,501950010.0,BELOW_10B_THRESHOLD
YMM,Full Truck Alliance Co. Ltd. American Depositary Shares (each representing 20 Class A Ordinary Shares),8653119704.0,BELOW_10B_THRESHOLD
YQ,17 Education & Technology Group Inc. - American Depositary Shares,38591971.0,BELOW_10B_THRESHOLD
YOU,"Clear Secure, Inc. Class A Common Stock",5262706390.0,BELOW_10B_THRESHOLD
YRD,"Yiren Digital Ltd. American Depositary Shares, each representing two ordinary shares",87488461.0,BELOW_10B_THRESHOLD
YOUL,Youlife Group Inc. - American Depositary Shares,65943594.00000001,BELOW_10B_THRESHOLD
YSS,York Space Systems Inc. Common Stock,1320006584.0,BELOW_10B_THRESHOLD
YSG,"Yatsen Holding Limited American Depositary Shares, each representing twenty (20) Class A Ordinary Shares",259068510.0,BELOW_10B_THRESHOLD
YSWY,"Yesway, Inc. - Class A Common Stock",1236721179.0,BELOW_10B_THRESHOLD
YSXT,"YSX Tech. Co., Ltd  - Class A Ordinary Shares",44635500.0,BELOW_10B_THRESHOLD
YTRA,"Yatra Online, Inc. - Ordinary Shares",66530137.0,BELOW_10B_THRESHOLD
YXT,YXT.COM GROUP HOLDING LIMITED - American Depository Shares,15732433.000000002,BELOW_10B_THRESHOLD
YYAI,AiRWA Inc. - Common Stock,3380997.0,BELOW_10B_THRESHOLD
ZBAO,Zhibao Technology Inc. - Class A Ordinary Shares,45209888.0,BELOW_10B_THRESHOLD
Z,"Zillow Group, Inc. - Class C Capital Stock",6442667432.0,BELOW_10B_THRESHOLD
ZBIO,"Zenas BioPharma, Inc. - Common Stock",1931186302.0,BELOW_10B_THRESHOLD
ZD,"Ziff Davis, Inc. - Common Stock",1945799054.0,BELOW_10B_THRESHOLD
ZCMD,Zhongchao Inc. - Class A Ordinary Shares,8762558.0,BELOW_10B_THRESHOLD
ZDAI,"DirectBooking Technology Co., Ltd. - Class A Ordinary Shares",13589325.999999998,BELOW_10B_THRESHOLD
ZENA,"ZenaTech, Inc. - Common Stock",128011904.99999999,BELOW_10B_THRESHOLD
ZDGE,"Zedge, Inc. Class B Common Stock ",47525786.0,BELOW_10B_THRESHOLD
ZEO,Zeo Energy Corporation - Class A Common Stock,24668190.0,BELOW_10B_THRESHOLD
ZEPP,"Zepp Health Corporation American depositary shares, each representing sixteen Class A ordinary shares",62179519.00000001,BELOW_10B_THRESHOLD
ZETA,Zeta Global Holdings Corp. Class A Common Stock,7477695292.999999,BELOW_10B_THRESHOLD
ZGN,Ermenegildo Zegna N.V. Ordinary Shares,3337801902.0000005,BELOW_10B_THRESHOLD
ZH,"Zhihu Inc. American Depositary Shares, each representing three (3) Class A Ordinary Shares",310746674.0,BELOW_10B_THRESHOLD
ZIM,ZIM Integrated Shipping Services Ltd. Ordinary Shares,3624819172.0,BELOW_10B_THRESHOLD
ZIP,"ZipRecruiter, Inc. Class A Common Stock",294369664.0,BELOW_10B_THRESHOLD
ZION,Zions Bancorporation N.A. - Common Stock,9143977691.0,BELOW_10B_THRESHOLD
ZJK,"ZJK Industrial Co., Ltd. - Class A Ordinary Shares",134433500.0,BELOW_10B_THRESHOLD
ZJYL,JIN MEDICAL INTERNATIONAL LTD. - Class A Ordinary Shares,160786594.0,BELOW_10B_THRESHOLD
ZKP,Lafayette Digital Acquisition Corp. I - Class A Ordinary Shares,,MARKET_CAP_MISSING
ZKIN,"ZK International Group Co., Ltd - Ordinary Share",97430924.0,BELOW_10B_THRESHOLD
ZLAB,Zai Lab Limited - American Depositary Shares,2968319068.0,BELOW_10B_THRESHOLD
ZNTL,"Zentalis Pharmaceuticals, Inc. - common stock",271698790.0,BELOW_10B_THRESHOLD
ZKH,"ZKH Group Limited American Depositary Shares, each representing thirty-five (35) Class A Ordinary Shares",446563281.0,BELOW_10B_THRESHOLD
ZNB,Zeta Network Group - Class A Ordinary Shares,5071572.0,BELOW_10B_THRESHOLD
ZONE,Zone Frontier Inc. Class B Common Stock,72803088.0,BELOW_10B_THRESHOLD
ZSQR,Z Squared Inc. - Common Stock,156881175.0,BELOW_10B_THRESHOLD
ZSTK,ZeroStack Corp. - Common Stock,85536466.0,BELOW_10B_THRESHOLD
ZTG,Zenta Group Company Limited - Class A Ordinary Shares,41670820.0,BELOW_10B_THRESHOLD
ZOOZ,ZOOZ Strategy Ltd. - Ordinary Shares,61033213.0,BELOW_10B_THRESHOLD
ZUMZ,Zumiez Inc. - Common Stock,210795929.00000003,BELOW_10B_THRESHOLD
ZURA,Zura Bio Limited - Class A Ordinary shares,414940163.0,BELOW_10B_THRESHOLD
ZYBT,Zhengye Biotechnology Holding Limited - Class A Ordinary Shares,64926185.0,BELOW_10B_THRESHOLD
ZVRA,"Zevra Therapeutics, Inc.  - Common Stock",672224401.0,BELOW_10B_THRESHOLD
ZYME,Zymeworks Inc. - Common Stock,1951379128.0,BELOW_10B_THRESHOLD
ZWS,Zurn Elkay Water Solutions Corporation Common Stock,7759122458.0,BELOW_10B_THRESHOLD
ZVIA,Zevia PBC Class A Common Stock,99775567.0,BELOW_10B_THRESHOLD
HUCK,"Huckleberry.ai, Inc. - Class B Common Stock",,MARKET_CAP_MISSING
ONEN,ONE Nuclear Energy Inc. - Common Stock,,MARKET_CAP_MISSING
